sep=,
"Time","Temp. Mandata","Temp. Ripresa","Temp. Saturazione","Temp. Esterna","SP Temp. Mand.","SP Temp. Mand. Comp.","Mod. V. Mandata","Mod. V. Ripresa"
2025-10-15 00:00:00,17.6 °C,20.8 °C,17.6 °C,10.2 °C,28 °C,28.0 °C,0,0
2025-10-15 00:30:00,17.2 °C,20.7 °C,17.2 °C,10.2 °C,28 °C,28.0 °C,0,0
2025-10-15 01:00:00,16.6 °C,20.5 °C,16.7 °C,9.6 °C,28 °C,28.0 °C,0,0
2025-10-15 01:30:00,16.9 °C,20.8 °C,16.6 °C,9.6 °C,28 °C,28.0 °C,0,0
2025-10-15 02:00:00,17.2 °C,20.7 °C,16.1 °C,8.9 °C,28 °C,28.0 °C,0,0
2025-10-15 02:30:00,16.9 °C,20.5 °C,15.8 °C,8.3 °C,28 °C,28.0 °C,0,0
2025-10-15 03:00:00,16.9 °C,20.6 °C,16.1 °C,8.1 °C,28 °C,28.0 °C,0,0
2025-10-15 03:30:00,17.0 °C,20.7 °C,16.4 °C,7.9 °C,28 °C,28.0 °C,0,0
2025-10-15 04:00:00,16.9 °C,20.7 °C,16.8 °C,7.9 °C,28 °C,28.0 °C,0,0
2025-10-15 04:30:00,17.1 °C,20.8 °C,17.3 °C,8.5 °C,28 °C,28.0 °C,0,0
2025-10-15 05:00:00,17.4 °C,20.8 °C,17.1 °C,10.0 °C,28 °C,28.0 °C,0,0
2025-10-15 05:30:00,18.1 °C,21.0 °C,16.8 °C,9.9 °C,28 °C,28.0 °C,0,0
2025-10-15 06:00:00,28.0 °C,21.5 °C,29.2 °C,9.7 °C,28 °C,28.0 °C,66,55
2025-10-15 06:30:00,31.0 °C,21.8 °C,32.8 °C,10.2 °C,28 °C,28.0 °C,60,49
2025-10-15 07:00:00,31.5 °C,21.6 °C,33.0 °C,10.2 °C,28 °C,28.0 °C,59,48
2025-10-15 07:30:00,28.7 °C,21.2 °C,30.3 °C,9.9 °C,28 °C,28.0 °C,64,51
2025-10-15 08:00:00,25.9 °C,21.1 °C,27.3 °C,11.2 °C,28 °C,28.0 °C,62,52
2025-10-15 08:30:00,25.8 °C,21.0 °C,27.6 °C,12.0 °C,28 °C,28.0 °C,60,50
2025-10-15 09:00:00,28.4 °C,20.9 °C,30.0 °C,12.7 °C,28 °C,28.0 °C,59,45
2025-10-15 09:30:00,30.3 °C,20.7 °C,31.5 °C,12.2 °C,28 °C,28.0 °C,65,55
2025-10-15 10:00:00,30.5 °C,21.1 °C,31.3 °C,12.6 °C,28 °C,28.0 °C,58,48
2025-10-15 10:30:00,28.2 °C,20.9 °C,28.6 °C,12.5 °C,28 °C,28.0 °C,56,48
2025-10-15 11:00:00,25.3 °C,20.5 °C,26.4 °C,13.3 °C,28 °C,28.0 °C,59,48
2025-10-15 11:30:00,24.9 °C,20.5 °C,25.9 °C,14.1 °C,28 °C,28.0 °C,59,51
2025-10-15 12:00:00,27.6 °C,21.1 °C,28.2 °C,14.8 °C,28 °C,28.0 °C,64,55
2025-10-15 12:30:00,30.9 °C,20.9 °C,30.8 °C,15.0 °C,28 °C,28.0 °C,60,49
2025-10-15 13:00:00,30.7 °C,20.8 °C,30.7 °C,15.0 °C,28 °C,28.0 °C,63,54
2025-10-15 13:30:00,28.4 °C,20.8 °C,28.2 °C,15.4 °C,28 °C,28.0 °C,52,45
2025-10-15 14:00:00,25.7 °C,21.2 °C,25.2 °C,16.0 °C,28 °C,28.0 °C,59,51
2025-10-15 14:30:00,25.8 °C,21.2 °C,25.1 °C,16.0 °C,28 °C,28.0 °C,64,55
2025-10-15 15:00:00,27.9 °C,21.0 °C,27.6 °C,15.6 °C,28 °C,28.0 °C,57,47
2025-10-15 15:30:00,30.2 °C,21.2 °C,29.6 °C,15.3 °C,28 °C,28.0 °C,59,46
2025-10-15 16:00:00,31.2 °C,21.3 °C,30.7 °C,15.0 °C,28 °C,28.0 °C,63,55
2025-10-15 16:30:00,28.8 °C,21.4 °C,28.9 °C,14.8 °C,28 °C,28.0 °C,58,46
2025-10-15 17:00:00,25.7 °C,21.2 °C,25.7 °C,14.2 °C,28 °C,28.0 °C,62,52
2025-10-15 17:30:00,25.9 °C,21.1 °C,25.6 °C,13.9 °C,28 °C,28.0 °C,58,50
2025-10-15 18:00:00,28.7 °C,21.5 °C,29.2 °C,14.6 °C,28 °C,28.0 °C,60,48
2025-10-15 18:30:00,31.4 °C,21.6 °C,31.9 °C,14.1 °C,28 °C,28.0 °C,62,52
2025-10-15 19:00:00,31.2 °C,21.8 °C,31.8 °C,13.1 °C,28 °C,28.0 °C,57,44
2025-10-15 19:30:00,28.3 °C,21.8 °C,29.4 °C,11.5 °C,28 °C,28.0 °C,58,47
2025-10-15 20:00:00,18.3 °C,21.1 °C,16.5 °C,12.4 °C,28 °C,28.0 °C,0,0
2025-10-15 20:30:00,18.9 °C,21.2 °C,17.0 °C,12.7 °C,28 °C,28.0 °C,0,0
2025-10-16 08:30:00,25.8 °C,21.1 °C,27.6 °C,13.1 °C,28 °C,28.0 °C,57,45
2025-10-16 09:00:00,28.0 °C,21.5 °C,29.6 °C,13.5 °C,28 °C,28.0 °C,58,50
2025-10-16 09:30:00,31.0 °C,21.2 °C,32.9 °C,15.6 °C,28 °C,28.0 °C,59,46
2025-10-16 10:00:00,30.9 °C,21.1 °C,32.1 °C,16.3 °C,28 °C,28.0 °C,59,50
2025-10-16 10:30:00,28.3 °C,21.2 °C,29.0 °C,16.3 °C,28 °C,28.0 °C,62,53
2025-10-16 11:00:00,26.2 °C,21.1 °C,27.8 °C,17.0 °C,28 °C,28.0 °C,60,48
2025-10-16 11:30:00,26.3 °C,21.0 °C,28.3 °C,17.2 °C,28 °C,28.0 °C,65,58
2025-10-16 12:00:00,28.6 °C,21.4 °C,30.8 °C,18.0 °C,28 °C,28.0 °C,62,48
2025-10-16 12:30:00,30.8 °C,21.2 °C,32.5 °C,18.0 °C,28 °C,28.0 °C,58,48
2025-10-16 13:00:00,30.6 °C,21.1 °C,32.4 °C,18.5 °C,28 °C,28.0 °C,61,52
2025-10-16 13:30:00,29.1 °C,21.2 °C,30.9 °C,18.7 °C,28 °C,28.0 °C,60,54
2025-10-16 14:00:00,25.9 °C,21.3 °C,27.5 °C,18.8 °C,28 °C,28.0 °C,64,56
2025-10-16 14:30:00,25.4 °C,21.0 °C,27.0 °C,19.4 °C,28 °C,28.0 °C,62,48
2025-10-16 15:00:00,28.3 °C,21.5 °C,29.2 °C,18.2 °C,28 °C,28.0 °C,60,49
2025-10-16 15:30:00,31.1 °C,21.3 °C,31.1 °C,18.2 °C,28 °C,28.0 °C,65,58
2025-10-16 16:00:00,30.7 °C,21.3 °C,31.0 °C,17.6 °C,28 °C,28.0 °C,62,51
2025-10-16 16:30:00,27.5 °C,21.4 °C,28.1 °C,16.6 °C,28 °C,28.0 °C,62,50
2025-10-16 17:00:00,25.7 °C,22.0 °C,26.5 °C,15.9 °C,28 °C,28.0 °C,65,54
2025-10-16 17:30:00,25.2 °C,21.9 °C,26.6 °C,15.3 °C,28 °C,28.0 °C,63,56
2025-10-16 18:00:00,27.5 °C,21.6 °C,29.2 °C,14.9 °C,28 °C,28.0 °C,61,49
2025-10-16 18:30:00,30.0 °C,21.8 °C,32.5 °C,14.8 °C,28 °C,28.0 °C,60,48
2025-10-16 19:00:00,29.6 °C,22.3 °C,32.6 °C,14.8 °C,28 °C,28.0 °C,54,43
2025-10-16 19:30:00,27.7 °C,22.2 °C,30.6 °C,14.1 °C,28 °C,28.0 °C,54,43
2025-10-16 20:00:00,18.1 °C,21.2 °C,18.9 °C,14.6 °C,28 °C,28.0 °C,0,0
2025-10-16 20:30:00,18.0 °C,21.3 °C,18.5 °C,13.7 °C,28 °C,28.0 °C,0,0
2025-10-16 21:00:00,16.8 °C,20.7 °C,17.5 °C,12.0 °C,28 °C,28.0 °C,0,0
2025-10-16 21:30:00,16.5 °C,20.6 °C,17.4 °C,11.3 °C,28 °C,28.0 °C,0,0
2025-10-16 22:00:00,16.0 °C,20.1 °C,17.1 °C,10.9 °C,28 °C,28.0 °C,0,0
2025-10-16 22:30:00,15.5 °C,20.1 °C,16.1 °C,8.5 °C,28 °C,28.0 °C,0,0
2025-10-16 23:00:00,15.7 °C,20.1 °C,15.9 °C,9.0 °C,28 °C,28.0 °C,0,0
2025-10-16 23:30:00,15.7 °C,19.5 °C,15.2 °C,8.6 °C,28 °C,28.0 °C,0,0
2025-10-17 00:00:00,15.4 °C,19.6 °C,15.3 °C,7.5 °C,28 °C,28.1 °C,0,0
2025-10-17 00:30:00,15.3 °C,19.9 °C,15.2 °C,6.8 °C,28 °C,28.2 °C,0,0
2025-10-17 01:00:00,15.4 °C,20.0 °C,15.5 °C,7.2 °C,28 °C,28.2 °C,0,0
2025-10-17 01:30:00,15.3 °C,19.7 °C,15.6 °C,7.6 °C,28 °C,28.1 °C,0,0
2025-10-17 02:00:00,15.8 °C,20.1 °C,16.2 °C,7.2 °C,28 °C,28.2 °C,0,0
2025-10-17 02:30:00,15.8 °C,20.6 °C,15.9 °C,6.4 °C,28 °C,28.3 °C,0,0
2025-10-17 03:00:00,16.0 °C,20.7 °C,16.5 °C,6.6 °C,28 °C,28.3 °C,0,0
2025-10-17 03:30:00,16.2 °C,20.7 °C,16.7 °C,7.1 °C,28 °C,28.2 °C,0,0
2025-10-17 04:00:00,16.1 °C,20.6 °C,17.4 °C,7.7 °C,28 °C,28.1 °C,0,0
2025-10-17 04:30:00,16.4 °C,20.7 °C,17.8 °C,7.6 °C,28 °C,28.1 °C,0,0
2025-10-17 05:00:00,16.5 °C,20.8 °C,17.8 °C,7.9 °C,28 °C,28.0 °C,0,0
2025-10-17 05:30:00,16.5 °C,20.9 °C,17.7 °C,8.4 °C,28 °C,28.0 °C,0,0
2025-10-17 06:00:00,26.8 °C,21.9 °C,28.1 °C,9.5 °C,28 °C,28.0 °C,60,50
2025-10-17 06:30:00,29.4 °C,21.7 °C,30.3 °C,10.7 °C,28 °C,28.0 °C,59,48
2025-10-17 07:00:00,29.6 °C,21.5 °C,30.3 °C,12.1 °C,28 °C,28.0 °C,56,47
2025-10-17 07:30:00,27.4 °C,21.4 °C,27.4 °C,13.3 °C,28 °C,28.0 °C,61,53
2025-10-17 08:00:00,24.4 °C,21.6 °C,23.3 °C,14.7 °C,28 °C,28.0 °C,64,54
2025-10-17 08:30:00,24.5 °C,21.2 °C,23.6 °C,15.6 °C,28 °C,28.0 °C,66,56
2025-10-17 09:00:00,27.1 °C,21.2 °C,25.7 °C,15.6 °C,28 °C,28.0 °C,65,55
2025-10-17 09:30:00,29.5 °C,21.2 °C,29.3 °C,16.8 °C,28 °C,28.0 °C,64,53
2025-10-17 10:00:00,29.2 °C,21.2 °C,29.1 °C,16.2 °C,28 °C,28.0 °C,65,54
2025-10-17 10:30:00,26.6 °C,21.6 °C,27.1 °C,18.0 °C,28 °C,28.0 °C,65,55
2025-10-17 11:00:00,24.2 °C,21.9 °C,25.0 °C,17.6 °C,28 °C,28.0 °C,57,49
2025-10-17 11:30:00,24.7 °C,22.0 °C,25.1 °C,18.4 °C,28 °C,28.0 °C,61,52
2025-10-17 12:00:00,27.8 °C,22.4 °C,28.1 °C,19.4 °C,28 °C,28.0 °C,56,44
2025-10-17 12:30:00,30.8 °C,22.5 °C,31.6 °C,19.8 °C,28 °C,28.0 °C,62,52
2025-10-17 13:00:00,30.1 °C,22.5 °C,31.4 °C,18.6 °C,28 °C,28.0 °C,59,48
2025-10-17 13:30:00,27.4 °C,22.3 °C,29.2 °C,18.1 °C,28 °C,28.0 °C,60,49
2025-10-17 14:00:00,25.3 °C,22.1 °C,26.8 °C,18.4 °C,28 °C,28.0 °C,59,49
2025-10-17 14:30:00,25.8 °C,22.2 °C,27.7 °C,18.8 °C,28 °C,28.0 °C,53,44
2025-10-17 15:00:00,27.8 °C,22.0 °C,29.4 °C,18.6 °C,28 °C,28.0 °C,54,44
2025-10-17 15:30:00,30.4 °C,21.6 °C,32.5 °C,18.5 °C,28 °C,28.0 °C,63,53
2025-10-17 16:00:00,29.9 °C,21.5 °C,32.5 °C,17.4 °C,28 °C,28.0 °C,58,46
2025-10-17 16:30:00,27.6 °C,21.8 °C,29.5 °C,18.3 °C,28 °C,28.0 °C,63,51
2025-10-17 17:00:00,25.0 °C,21.2 °C,27.0 °C,17.7 °C,28 °C,28.0 °C,60,49
2025-10-17 17:30:00,25.1 °C,21.6 °C,26.6 °C,17.7 °C,28 °C,28.0 °C,55,52
2025-10-17 18:00:00,27.1 °C,21.7 °C,29.0 °C,18.1 °C,28 °C,28.0 °C,56,44
2025-10-17 18:30:00,29.0 °C,21.7 °C,30.3 °C,16.7 °C,28 °C,28.0 °C,58,48
2025-10-17 19:00:00,30.4 °C,21.7 °C,31.9 °C,16.2 °C,28 °C,28.0 °C,57,48
2025-10-17 19:30:00,28.0 °C,22.0 °C,30.0 °C,15.8 °C,28 °C,28.0 °C,60,50
2025-10-17 20:00:00,18.9 °C,21.1 °C,19.5 °C,15.0 °C,28 °C,28.0 °C,0,0
2025-10-17 20:30:00,18.9 °C,21.3 °C,19.8 °C,14.9 °C,28 °C,28.0 °C,0,0
2025-10-17 21:00:00,18.8 °C,21.4 °C,19.6 °C,13.7 °C,28 °C,28.0 °C,0,0
2025-10-17 21:30:00,18.6 °C,21.4 °C,19.3 °C,13.1 °C,28 °C,28.0 °C,0,0
2025-10-17 22:00:00,17.8 °C,21.1 °C,18.8 °C,12.2 °C,28 °C,28.0 °C,0,0
2025-10-17 22:30:00,17.8 °C,21.0 °C,19.2 °C,13.0 °C,28 °C,28.0 °C,0,0
2025-10-17 23:00:00,17.1 °C,20.5 °C,18.3 °C,11.9 °C,28 °C,28.0 °C,0,0
2025-10-17 23:30:00,17.4 °C,20.6 °C,18.6 °C,11.8 °C,28 °C,28.0 °C,0,0
2025-10-18 00:00:00,17.8 °C,20.5 °C,18.3 °C,12.1 °C,28 °C,28.0 °C,0,0
2025-10-18 00:30:00,17.1 °C,20.4 °C,17.7 °C,10.9 °C,28 °C,28.0 °C,0,0
2025-10-18 01:00:00,16.9 °C,20.6 °C,17.2 °C,10.4 °C,28 °C,28.0 °C,0,0
2025-10-18 01:30:00,16.7 °C,20.3 °C,16.6 °C,9.4 °C,28 °C,28.0 °C,0,0
2025-10-18 02:00:00,16.2 °C,20.4 °C,15.9 °C,8.0 °C,28 °C,28.0 °C,0,0
2025-10-18 02:30:00,16.1 °C,20.3 °C,16.0 °C,7.4 °C,28 °C,28.1 °C,0,0
2025-10-18 03:00:00,16.0 °C,20.3 °C,16.1 °C,7.1 °C,28 °C,28.2 °C,0,0
2025-10-18 03:30:00,16.1 °C,20.5 °C,16.5 °C,7.0 °C,28 °C,28.2 °C,0,0
2025-10-18 04:00:00,16.4 °C,21.0 °C,17.4 °C,7.1 °C,28 °C,28.2 °C,0,0
2025-10-18 04:30:00,16.8 °C,21.0 °C,17.4 °C,7.4 °C,28 °C,28.1 °C,0,0
2025-10-18 05:00:00,16.6 °C,21.4 °C,17.3 °C,7.1 °C,28 °C,28.2 °C,0,0
2025-10-18 05:30:00,16.9 °C,21.6 °C,17.8 °C,7.8 °C,28 °C,28.0 °C,0,0
2025-10-18 06:00:00,17.7 °C,21.8 °C,18.1 °C,9.0 °C,28 °C,28.0 °C,0,0
2025-10-18 06:30:00,17.7 °C,21.2 °C,17.9 °C,10.3 °C,28 °C,28.0 °C,0,0
2025-10-18 07:00:00,30.8 °C,22.0 °C,33.0 °C,10.7 °C,28 °C,28.0 °C,63,54
2025-10-18 07:30:00,28.5 °C,21.7 °C,30.7 °C,11.7 °C,28 °C,28.0 °C,62,49
2025-10-18 08:00:00,26.1 °C,22.4 °C,28.4 °C,11.8 °C,28 °C,28.0 °C,63,55
2025-10-18 08:30:00,25.7 °C,22.1 °C,28.2 °C,12.1 °C,28 °C,28.0 °C,64,53
2025-10-18 09:00:00,27.7 °C,21.7 °C,30.2 °C,13.0 °C,28 °C,28.0 °C,58,49
2025-10-18 09:30:00,30.9 °C,21.0 °C,32.8 °C,13.4 °C,28 °C,28.0 °C,60,49
2025-10-18 10:00:00,30.9 °C,20.8 °C,32.9 °C,13.2 °C,28 °C,28.0 °C,60,51
2025-10-18 10:30:00,28.0 °C,20.9 °C,30.3 °C,14.3 °C,28 °C,28.0 °C,65,57
2025-10-18 11:00:00,25.7 °C,21.3 °C,28.1 °C,14.4 °C,28 °C,28.0 °C,59,50
2025-10-18 11:30:00,25.9 °C,21.0 °C,26.8 °C,14.6 °C,28 °C,28.0 °C,55,43
2025-10-18 12:00:00,28.1 °C,21.4 °C,29.1 °C,15.8 °C,28 °C,28.0 °C,59,52
2025-10-18 12:30:00,30.2 °C,21.4 °C,31.6 °C,16.5 °C,28 °C,28.0 °C,63,54
2025-10-18 13:00:00,30.5 °C,21.3 °C,31.5 °C,16.9 °C,28 °C,28.0 °C,62,50
2025-10-18 13:30:00,28.4 °C,21.4 °C,30.1 °C,16.3 °C,28 °C,28.0 °C,60,50
2025-10-18 14:00:00,18.1 °C,20.9 °C,18.9 °C,15.8 °C,28 °C,28.0 °C,0,0
2025-10-18 14:30:00,18.7 °C,20.9 °C,19.3 °C,16.3 °C,28 °C,28.0 °C,0,0
2025-10-18 15:00:00,18.4 °C,20.6 °C,19.2 °C,16.8 °C,28 °C,28.0 °C,0,0
2025-10-18 15:30:00,19.2 °C,20.7 °C,19.8 °C,17.0 °C,28 °C,28.0 °C,0,0
2025-10-18 16:00:00,19.3 °C,20.8 °C,19.6 °C,16.6 °C,28 °C,28.0 °C,0,0
2025-10-18 16:30:00,19.3 °C,20.8 °C,19.7 °C,16.2 °C,28 °C,28.0 °C,0,0
2025-10-18 17:00:00,19.6 °C,21.0 °C,19.3 °C,16.1 °C,28 °C,28.0 °C,0,0
2025-10-18 17:30:00,18.5 °C,20.4 °C,18.4 °C,15.1 °C,28 °C,28.0 °C,0,0
2025-10-18 18:00:00,18.4 °C,20.6 °C,18.4 °C,14.9 °C,28 °C,28.0 °C,0,0
2025-10-18 18:30:00,18.0 °C,20.8 °C,18.1 °C,13.7 °C,28 °C,28.0 °C,0,0
2025-10-18 19:00:00,17.7 °C,20.4 °C,18.4 °C,12.8 °C,28 °C,28.0 °C,0,0
2025-10-18 19:30:00,17.2 °C,20.1 °C,18.4 °C,12.6 °C,28 °C,28.0 °C,0,0
2025-10-18 20:00:00,17.4 °C,20.4 °C,18.8 °C,12.6 °C,28 °C,28.0 °C,0,0
2025-10-18 20:30:00,17.4 °C,20.7 °C,18.9 °C,12.4 °C,28 °C,28.0 °C,0,0
2025-10-18 21:00:00,17.7 °C,21.1 °C,18.3 °C,11.2 °C,28 °C,28.0 °C,0,0
2025-10-18 21:30:00,17.0 °C,20.9 °C,18.2 °C,9.7 °C,28 °C,28.0 °C,0,0
2025-10-18 22:00:00,16.7 °C,20.9 °C,17.5 °C,9.3 °C,28 °C,28.0 °C,0,0
2025-10-18 22:30:00,16.5 °C,21.0 °C,17.0 °C,7.9 °C,28 °C,28.0 °C,0,0
2025-10-18 23:00:00,16.3 °C,20.6 °C,17.0 °C,8.2 °C,28 °C,28.0 °C,0,0
2025-10-18 23:30:00,16.4 °C,20.6 °C,17.5 °C,7.3 °C,28 °C,28.1 °C,0,0
2025-10-19 00:00:00,16.8 °C,20.7 °C,18.3 °C,8.3 °C,28 °C,28.0 °C,0,0
2025-10-19 00:30:00,16.8 °C,20.9 °C,18.2 °C,7.4 °C,28 °C,28.1 °C,0,0
2025-10-19 01:00:00,16.9 °C,20.7 °C,18.6 °C,7.6 °C,28 °C,28.1 °C,0,0
2025-10-19 01:30:00,17.0 °C,21.0 °C,18.4 °C,7.0 °C,28 °C,28.2 °C,0,0
2025-10-19 02:00:00,17.1 °C,21.0 °C,18.3 °C,6.8 °C,28 °C,28.2 °C,0,0
2025-10-19 02:30:00,17.6 °C,21.4 °C,18.9 °C,7.0 °C,28 °C,28.2 °C,0,0
2025-10-19 03:00:00,17.7 °C,21.6 °C,18.6 °C,7.6 °C,28 °C,28.1 °C,0,0
2025-10-19 03:30:00,17.5 °C,21.6 °C,18.8 °C,8.3 °C,28 °C,28.0 °C,0,0
2025-10-19 04:00:00,17.4 °C,21.2 °C,18.7 °C,8.8 °C,28 °C,28.0 °C,0,0
2025-10-19 04:30:00,16.8 °C,20.8 °C,18.7 °C,9.6 °C,28 °C,28.0 °C,0,0
2025-10-19 05:00:00,16.9 °C,21.2 °C,18.4 °C,9.3 °C,28 °C,28.0 °C,0,0
2025-10-19 05:30:00,17.2 °C,21.4 °C,18.8 °C,10.0 °C,28 °C,28.0 °C,0,0
2025-10-19 06:00:00,17.5 °C,21.3 °C,18.7 °C,10.1 °C,28 °C,28.0 °C,0,0
2025-10-19 06:30:00,17.6 °C,21.1 °C,18.7 °C,11.1 °C,28 °C,28.0 °C,0,0
2025-10-19 07:00:00,18.2 °C,21.1 °C,19.0 °C,11.5 °C,28 °C,28.0 °C,0,0
2025-10-19 07:30:00,18.3 °C,20.8 °C,19.3 °C,12.3 °C,28 °C,28.0 °C,0,0
2025-10-19 08:00:00,18.0 °C,20.7 °C,19.1 °C,12.9 °C,28 °C,28.0 °C,0,0
2025-10-19 08:30:00,18.7 °C,20.8 °C,19.5 °C,13.8 °C,28 °C,28.0 °C,0,0
2025-10-19 09:00:00,19.0 °C,21.0 °C,20.0 °C,13.7 °C,28 °C,28.0 °C,0,0
2025-10-19 09:30:00,18.3 °C,20.9 °C,20.1 °C,13.2 °C,28 °C,28.0 °C,0,0
2025-10-19 10:00:00,19.1 °C,21.3 °C,20.5 °C,14.4 °C,28 °C,28.0 °C,0,0
2025-10-19 10:30:00,20.0 °C,21.5 °C,21.2 °C,15.7 °C,28 °C,28.0 °C,0,0
2025-10-19 11:00:00,19.3 °C,21.2 °C,20.9 °C,16.0 °C,28 °C,28.0 °C,0,0
2025-10-19 11:30:00,19.1 °C,20.9 °C,21.0 °C,16.9 °C,28 °C,28.0 °C,0,0
2025-10-19 12:00:00,19.3 °C,21.0 °C,20.6 °C,16.2 °C,28 °C,28.0 °C,0,0
2025-10-19 12:30:00,19.1 °C,20.9 °C,19.9 °C,16.2 °C,28 °C,28.0 °C,0,0
2025-10-19 13:00:00,19.5 °C,20.7 °C,20.0 °C,16.5 °C,28 °C,28.0 °C,0,0
2025-10-19 13:30:00,19.5 °C,20.8 °C,20.0 °C,15.8 °C,28 °C,28.0 °C,0,0
2025-10-19 14:00:00,19.6 °C,21.0 °C,20.1 °C,15.1 °C,28 °C,28.0 °C,0,0
2025-10-19 14:30:00,20.1 °C,21.1 °C,20.0 °C,15.5 °C,28 °C,28.0 °C,0,0
2025-10-19 15:00:00,19.7 °C,21.1 °C,19.2 °C,15.4 °C,28 °C,28.0 °C,0,0
2025-10-19 15:30:00,19.2 °C,20.5 °C,19.0 °C,15.3 °C,28 °C,28.0 °C,0,0
2025-10-19 16:00:00,19.7 °C,20.8 °C,19.6 °C,15.1 °C,28 °C,28.0 °C,0,0
2025-10-19 16:30:00,19.2 °C,20.6 °C,18.6 °C,14.3 °C,28 °C,28.0 °C,0,0
2025-10-19 17:00:00,19.4 °C,20.7 °C,18.5 °C,14.2 °C,28 °C,28.0 °C,0,0
2025-10-19 17:30:00,19.2 °C,20.7 °C,18.2 °C,14.1 °C,28 °C,28.0 °C,0,0
2025-10-19 18:00:00,19.2 °C,21.2 °C,18.6 °C,13.6 °C,28 °C,28.0 °C,0,0
2025-10-19 18:30:00,19.1 °C,21.7 °C,19.2 °C,13.0 °C,28 °C,28.0 °C,0,0
2025-10-19 19:00:00,19.0 °C,21.5 °C,18.9 °C,12.7 °C,28 °C,28.0 °C,0,0
2025-10-19 19:30:00,19.0 °C,21.1 °C,18.5 °C,12.8 °C,28 °C,28.0 °C,0,0
2025-10-19 20:00:00,18.7 °C,20.7 °C,18.2 °C,12.4 °C,28 °C,28.0 °C,0,0
2025-10-19 20:30:00,18.3 °C,20.8 °C,17.2 °C,10.8 °C,28 °C,28.0 °C,0,0
2025-10-19 21:00:00,17.5 °C,20.7 °C,17.1 °C,9.7 °C,28 °C,28.0 °C,0,0
2025-10-19 21:30:00,17.4 °C,20.4 °C,17.3 °C,10.0 °C,28 °C,28.0 °C,0,0
2025-10-19 22:00:00,17.1 °C,20.3 °C,17.0 °C,9.2 °C,28 °C,28.0 °C,0,0
2025-10-19 22:30:00,16.8 °C,20.5 °C,16.9 °C,8.8 °C,28 °C,28.0 °C,0,0
2025-10-19 23:00:00,17.2 °C,20.5 °C,17.1 °C,9.6 °C,28 °C,28.0 °C,0,0
2025-10-19 23:30:00,16.9 °C,20.4 °C,16.9 °C,9.6 °C,28 °C,28.0 °C,0,0
2025-10-20 00:00:00,16.2 °C,20.4 °C,16.3 °C,7.7 °C,28 °C,28.1 °C,0,0
2025-10-20 00:30:00,16.6 °C,20.4 °C,16.1 °C,8.3 °C,28 °C,28.0 °C,0,0
2025-10-20 01:00:00,17.0 °C,20.5 °C,16.3 °C,8.1 °C,28 °C,28.0 °C,0,0
2025-10-20 01:30:00,17.4 °C,20.6 °C,16.3 °C,8.1 °C,28 °C,28.0 °C,0,0
2025-10-20 02:00:00,17.0 °C,20.2 °C,16.1 °C,8.2 °C,28 °C,28.0 °C,0,0
2025-10-20 02:30:00,17.3 °C,20.3 °C,16.2 °C,8.6 °C,28 °C,28.0 °C,0,0
2025-10-20 03:00:00,17.3 °C,20.2 °C,16.3 °C,8.4 °C,28 °C,28.0 °C,0,0
2025-10-20 03:30:00,17.0 °C,20.0 °C,16.3 °C,7.5 °C,28 °C,28.1 °C,0,0
2025-10-20 04:00:00,17.0 °C,20.0 °C,16.4 °C,7.9 °C,28 °C,28.0 °C,0,0
2025-10-20 04:30:00,17.3 °C,20.4 °C,16.0 °C,7.3 °C,28 °C,28.1 °C,0,0
2025-10-20 05:00:00,17.7 °C,20.6 °C,16.7 °C,8.7 °C,28 °C,28.0 °C,0,0
2025-10-20 05:30:00,17.4 °C,20.7 °C,16.8 °C,8.8 °C,28 °C,28.0 °C,0,0
2025-10-20 06:00:00,25.9 °C,21.4 °C,26.4 °C,9.2 °C,28 °C,28.0 °C,59,50
2025-10-20 06:30:00,27.8 °C,21.1 °C,28.5 °C,9.2 °C,28 °C,28.0 °C,64,52
2025-10-20 07:00:00,27.8 °C,20.9 °C,29.3 °C,9.9 °C,28 °C,28.0 °C,61,48
2025-10-20 07:30:00,25.4 °C,21.0 °C,27.0 °C,10.8 °C,28 °C,28.0 °C,58,48
2025-10-20 08:00:00,23.2 °C,21.1 °C,25.3 °C,10.9 °C,28 °C,28.0 °C,59,48
2025-10-20 08:30:00,24.4 °C,21.0 °C,25.8 °C,11.8 °C,28 °C,28.0 °C,57,43
2025-10-20 09:00:00,26.6 °C,21.2 °C,28.1 °C,12.4 °C,28 °C,28.0 °C,62,49
2025-10-20 09:30:00,29.3 °C,21.4 °C,30.7 °C,13.0 °C,28 °C,28.0 °C,65,55
2025-10-20 10:00:00,29.5 °C,20.8 °C,31.3 °C,13.1 °C,28 °C,28.0 °C,57,47
2025-10-20 10:30:00,27.4 °C,20.9 °C,29.3 °C,15.1 °C,28 °C,28.0 °C,63,56
2025-10-20 11:00:00,24.9 °C,21.2 °C,27.7 °C,16.2 °C,28 °C,28.0 °C,64,56
2025-10-20 11:30:00,25.6 °C,21.3 °C,27.8 °C,17.0 °C,28 °C,28.0 °C,57,47
2025-10-20 12:00:00,28.3 °C,21.4 °C,30.1 °C,17.9 °C,28 °C,28.0 °C,54,42
2025-10-20 12:30:00,31.0 °C,21.4 °C,33.0 °C,18.3 °C,28 °C,28.0 °C,60,49
2025-10-20 13:00:00,30.3 °C,21.4 °C,32.3 °C,18.2 °C,28 °C,28.0 °C,59,50
2025-10-20 13:30:00,28.0 °C,21.4 °C,29.4 °C,16.6 °C,28 °C,28.0 °C,59,51
2025-10-20 14:00:00,25.3 °C,21.5 °C,27.1 °C,16.1 °C,28 °C,28.0 °C,63,54
2025-10-20 14:30:00,25.0 °C,21.4 °C,26.5 °C,17.6 °C,28 °C,28.0 °C,59,48
2025-10-20 15:00:00,27.2 °C,21.7 °C,29.0 °C,18.2 °C,28 °C,28.0 °C,67,58
2025-10-20 15:30:00,29.7 °C,22.0 °C,30.7 °C,18.2 °C,28 °C,28.0 °C,55,45
2025-10-20 16:00:00,30.0 °C,21.9 °C,30.9 °C,17.0 °C,28 °C,28.0 °C,57,43
2025-10-20 16:30:00,28.0 °C,21.6 °C,29.1 °C,17.2 °C,28 °C,28.0 °C,57,47
2025-10-20 17:00:00,25.9 °C,21.2 °C,27.2 °C,16.7 °C,28 °C,28.0 °C,59,49
2025-10-20 17:30:00,26.0 °C,21.4 °C,27.7 °C,16.7 °C,28 °C,28.0 °C,64,56
2025-10-20 18:00:00,28.4 °C,21.6 °C,30.0 °C,15.6 °C,28 °C,28.0 °C,57,44
2025-10-20 18:30:00,30.7 °C,21.7 °C,32.5 °C,14.9 °C,28 °C,28.0 °C,57,45
2025-10-20 19:00:00,30.6 °C,21.8 °C,32.4 °C,14.9 °C,28 °C,28.0 °C,58,50
2025-10-20 19:30:00,27.8 °C,21.7 °C,30.0 °C,15.5 °C,28 °C,28.0 °C,60,48
2025-10-20 20:00:00,18.6 °C,20.3 °C,17.8 °C,14.4 °C,28 °C,28.0 °C,0,0
2025-10-20 20:30:00,18.0 °C,20.2 °C,17.2 °C,13.2 °C,28 °C,28.0 °C,0,0
2025-10-20 21:00:00,18.0 °C,20.7 °C,17.9 °C,13.2 °C,28 °C,28.0 °C,0,0
2025-10-20 21:30:00,18.2 °C,20.7 °C,17.9 °C,11.8 °C,28 °C,28.0 °C,0,0
2025-10-20 22:00:00,18.0 °C,20.9 °C,17.6 °C,10.5 °C,28 °C,28.0 °C,0,0
2025-10-20 22:30:00,18.0 °C,21.1 °C,17.9 °C,10.2 °C,28 °C,28.0 °C,0,0
2025-10-20 23:00:00,18.6 °C,20.8 °C,17.8 °C,10.9 °C,28 °C,28.0 °C,0,0
2025-10-20 23:30:00,17.9 °C,20.9 °C,17.5 °C,9.9 °C,28 °C,28.0 °C,0,0
2025-10-21 00:00:00,17.6 °C,21.0 °C,17.0 °C,9.0 °C,28 °C,28.0 °C,0,0
2025-10-21 00:30:00,17.1 °C,20.8 °C,16.7 °C,8.7 °C,28 °C,28.0 °C,0,0
2025-10-21 01:00:00,16.9 °C,20.9 °C,16.6 °C,8.1 °C,28 °C,28.0 °C,0,0
2025-10-21 01:30:00,16.4 °C,21.2 °C,16.0 °C,6.8 °C,28 °C,28.2 °C,0,0
2025-10-21 02:00:00,16.5 °C,21.0 °C,16.8 °C,7.2 °C,28 °C,28.2 °C,0,0
2025-10-21 02:30:00,16.2 °C,20.6 °C,16.3 °C,7.2 °C,28 °C,28.2 °C,0,0
2025-10-21 03:00:00,16.3 °C,20.6 °C,16.5 °C,7.5 °C,28 °C,28.1 °C,0,0
2025-10-21 03:30:00,15.7 °C,20.5 °C,16.1 °C,7.5 °C,28 °C,28.1 °C,0,0
2025-10-21 04:00:00,16.3 °C,20.6 °C,15.6 °C,8.5 °C,28 °C,28.0 °C,0,0
2025-10-21 04:30:00,16.1 °C,20.4 °C,16.0 °C,8.3 °C,28 °C,28.0 °C,0,0
2025-10-21 05:00:00,16.7 °C,20.4 °C,16.0 °C,7.9 °C,28 °C,28.0 °C,0,0
2025-10-21 05:30:00,17.2 °C,20.8 °C,16.1 °C,9.3 °C,28 °C,28.0 °C,0,0
2025-10-21 06:00:00,28.0 °C,21.7 °C,28.5 °C,8.3 °C,28 °C,28.0 °C,60,53
2025-10-21 06:30:00,30.5 °C,21.3 °C,31.2 °C,8.7 °C,28 °C,28.0 °C,64,53
2025-10-21 07:00:00,30.4 °C,21.4 °C,31.0 °C,9.2 °C,28 °C,28.0 °C,62,49
2025-10-21 07:30:00,28.5 °C,21.4 °C,29.3 °C,9.8 °C,28 °C,28.0 °C,55,41
2025-10-21 08:00:00,26.3 °C,21.5 °C,27.5 °C,9.5 °C,28 °C,28.0 °C,65,55
2025-10-21 08:30:00,25.7 °C,21.8 °C,26.7 °C,9.5 °C,28 °C,28.0 °C,65,58
2025-10-21 09:00:00,28.0 °C,21.6 °C,28.5 °C,10.9 °C,28 °C,28.0 °C,63,53
2025-10-21 09:30:00,30.6 °C,21.6 °C,31.7 °C,12.4 °C,28 °C,28.0 °C,63,56
2025-10-21 10:00:00,30.2 °C,21.3 °C,32.3 °C,12.8 °C,28 °C,28.0 °C,58,46
2025-10-21 10:30:00,27.4 °C,21.4 °C,30.2 °C,12.8 °C,28 °C,28.0 °C,63,56
2025-10-21 11:00:00,24.8 °C,21.5 °C,26.3 °C,12.4 °C,28 °C,28.0 °C,62,54
2025-10-21 11:30:00,25.1 °C,21.4 °C,27.2 °C,13.7 °C,28 °C,28.0 °C,54,44
2025-10-21 12:00:00,27.9 °C,21.7 °C,29.7 °C,14.8 °C,28 °C,28.0 °C,57,49
2025-10-21 12:30:00,30.5 °C,21.4 °C,33.2 °C,13.6 °C,28 °C,28.0 °C,58,47
2025-10-21 13:00:00,31.5 °C,21.5 °C,33.6 °C,12.7 °C,28 °C,28.0 °C,64,55
2025-10-21 13:30:00,28.7 °C,21.6 °C,30.2 °C,13.4 °C,28 °C,28.0 °C,57,45
2025-10-21 14:00:00,26.5 °C,21.5 °C,28.0 °C,14.0 °C,28 °C,28.0 °C,58,47
2025-10-21 14:30:00,25.9 °C,21.2 °C,27.3 °C,14.1 °C,28 °C,28.0 °C,56,44
2025-10-21 15:00:00,29.0 °C,20.8 °C,30.2 °C,14.4 °C,28 °C,28.0 °C,59,47
2025-10-21 15:30:00,31.8 °C,20.9 °C,33.7 °C,14.4 °C,28 °C,28.0 °C,63,50
2025-10-21 16:00:00,32.0 °C,21.4 °C,34.4 °C,14.6 °C,28 °C,28.0 °C,56,50
2025-10-21 16:30:00,28.7 °C,21.3 °C,30.6 °C,14.0 °C,28 °C,28.0 °C,61,49
2025-10-21 17:00:00,26.5 °C,21.5 °C,29.3 °C,14.0 °C,28 °C,28.0 °C,57,49
2025-10-21 17:30:00,26.1 °C,20.9 °C,28.1 °C,13.5 °C,28 °C,28.0 °C,66,52
2025-10-21 18:00:00,28.6 °C,21.1 °C,30.4 °C,12.9 °C,28 °C,28.0 °C,60,49
2025-10-21 18:30:00,30.4 °C,20.8 °C,33.5 °C,11.6 °C,28 °C,28.0 °C,60,49
2025-10-21 19:00:00,30.5 °C,20.8 °C,33.7 °C,11.3 °C,28 °C,28.0 °C,58,51
2025-10-21 19:30:00,27.9 °C,20.9 °C,30.6 °C,11.6 °C,28 °C,28.0 °C,61,51
2025-10-21 20:00:00,17.5 °C,19.7 °C,16.7 °C,11.1 °C,28 °C,28.0 °C,0,0
2025-10-21 20:30:00,18.3 °C,20.6 °C,17.2 °C,10.5 °C,28 °C,28.0 °C,0,0
2025-10-21 21:00:00,18.1 °C,20.5 °C,17.0 °C,10.9 °C,28 °C,28.0 °C,0,0
2025-10-21 21:30:00,18.2 °C,20.7 °C,18.0 °C,11.1 °C,28 °C,28.0 °C,0,0
2025-10-21 22:00:00,18.2 °C,21.0 °C,18.2 °C,11.6 °C,28 °C,28.0 °C,0,0
2025-10-21 22:30:00,18.5 °C,21.1 °C,18.3 °C,12.3 °C,28 °C,28.0 °C,0,0
2025-10-21 23:00:00,17.9 °C,20.8 °C,17.9 °C,11.6 °C,28 °C,28.0 °C,0,0
2025-10-21 23:30:00,17.3 °C,20.8 °C,17.1 °C,10.3 °C,28 °C,28.0 °C,0,0
2025-10-22 00:00:00,16.9 °C,20.3 °C,16.6 °C,9.3 °C,28 °C,28.0 °C,0,0
2025-10-22 00:30:00,16.9 °C,20.3 °C,17.0 °C,9.2 °C,28 °C,28.0 °C,0,0
2025-10-22 01:00:00,17.5 °C,20.8 °C,17.4 °C,9.6 °C,28 °C,28.0 °C,0,0
2025-10-22 01:30:00,16.9 °C,20.4 °C,17.1 °C,8.6 °C,28 °C,28.0 °C,0,0
2025-10-22 02:00:00,16.9 °C,20.2 °C,16.4 °C,8.5 °C,28 °C,28.0 °C,0,0
2025-10-22 02:30:00,16.7 °C,20.8 °C,16.3 °C,7.8 °C,28 °C,28.0 °C,0,0
2025-10-22 03:00:00,16.4 °C,20.7 °C,16.3 °C,7.7 °C,28 °C,28.1 °C,0,0
2025-10-22 03:30:00,16.4 °C,20.5 °C,15.6 °C,7.6 °C,28 °C,28.1 °C,0,0
2025-10-22 04:00:00,17.0 °C,20.6 °C,16.0 °C,7.9 °C,28 °C,28.0 °C,0,0
2025-10-22 04:30:00,17.5 °C,20.5 °C,16.3 °C,9.3 °C,28 °C,28.0 °C,0,0
2025-10-22 05:00:00,17.1 °C,19.9 °C,16.2 °C,9.7 °C,28 °C,28.0 °C,0,0
2025-10-22 05:30:00,17.3 °C,19.6 °C,16.0 °C,9.6 °C,28 °C,28.0 °C,0,0
2025-10-22 06:00:00,27.9 °C,21.2 °C,29.8 °C,9.5 °C,28 °C,28.0 °C,59,50
2025-10-22 06:30:00,30.4 °C,21.3 °C,33.0 °C,9.8 °C,28 °C,28.0 °C,63,56
2025-10-22 07:00:00,30.5 °C,21.7 °C,33.7 °C,9.7 °C,28 °C,28.0 °C,61,50
2025-10-22 07:30:00,28.2 °C,21.4 °C,31.4 °C,10.3 °C,28 °C,28.0 °C,60,49
2025-10-22 08:00:00,26.3 °C,21.5 °C,29.3 °C,9.4 °C,28 °C,28.0 °C,62,51
2025-10-22 08:30:00,26.2 °C,21.4 °C,28.5 °C,10.0 °C,28 °C,28.0 °C,54,41
2025-10-22 09:00:00,28.7 °C,21.3 °C,30.7 °C,10.7 °C,28 °C,28.0 °C,59,49
2025-10-22 09:30:00,31.6 °C,21.4 °C,32.8 °C,10.7 °C,28 °C,28.0 °C,60,47
2025-10-22 10:00:00,32.2 °C,21.2 °C,34.1 °C,11.2 °C,28 °C,28.0 °C,61,50
2025-10-22 10:30:00,29.6 °C,21.5 °C,31.4 °C,12.7 °C,28 °C,28.0 °C,63,53
2025-10-22 11:00:00,26.8 °C,21.7 °C,28.6 °C,14.0 °C,28 °C,28.0 °C,59,49
2025-10-22 11:30:00,26.5 °C,21.6 °C,28.0 °C,14.2 °C,28 °C,28.0 °C,64,53
2025-10-22 12:00:00,29.0 °C,21.7 °C,29.8 °C,15.0 °C,28 °C,28.0 °C,57,44
2025-10-22 12:30:00,31.3 °C,21.6 °C,32.6 °C,14.5 °C,28 °C,28.0 °C,62,55
2025-10-22 13:00:00,30.5 °C,21.2 °C,32.1 °C,14.8 °C,28 °C,28.0 °C,58,45
2025-10-22 13:30:00,28.5 °C,21.0 °C,30.6 °C,15.3 °C,28 °C,28.0 °C,64,54
2025-10-22 14:00:00,26.3 °C,21.0 °C,27.6 °C,16.5 °C,28 °C,28.0 °C,61,54
2025-10-22 14:30:00,26.7 °C,21.0 °C,28.7 °C,17.3 °C,28 °C,28.0 °C,56,47
2025-10-22 15:00:00,29.6 °C,21.2 °C,31.5 °C,17.4 °C,28 °C,28.0 °C,60,53
2025-10-22 15:30:00,31.9 °C,21.4 °C,34.2 °C,16.7 °C,28 °C,28.0 °C,61,52
2025-10-22 16:00:00,31.9 °C,21.3 °C,32.8 °C,17.4 °C,28 °C,28.0 °C,61,48
2025-10-22 16:30:00,29.7 °C,21.1 °C,31.0 °C,16.9 °C,28 °C,28.0 °C,61,54
2025-10-22 17:00:00,26.6 °C,21.3 °C,27.9 °C,16.8 °C,28 °C,28.0 °C,59,48
2025-10-22 17:30:00,26.4 °C,21.4 °C,27.6 °C,16.3 °C,28 °C,28.0 °C,58,47
2025-10-22 18:00:00,28.7 °C,21.3 °C,30.0 °C,17.1 °C,28 °C,28.0 °C,55,46
2025-10-22 18:30:00,31.4 °C,21.1 °C,32.5 °C,16.1 °C,28 °C,28.0 °C,62,50
2025-10-22 19:00:00,31.1 °C,21.0 °C,31.6 °C,16.0 °C,28 °C,28.0 °C,62,53
2025-10-22 19:30:00,28.3 °C,21.1 °C,28.3 °C,15.3 °C,28 °C,28.0 °C,66,57
2025-10-22 20:00:00,18.9 °C,20.7 °C,18.9 °C,14.9 °C,28 °C,28.0 °C,0,0
2025-10-22 20:30:00,19.2 °C,20.7 °C,19.8 °C,15.1 °C,28 °C,28.0 °C,0,0
2025-10-22 21:00:00,18.7 °C,20.5 °C,19.1 °C,13.1 °C,28 °C,28.0 °C,0,0
2025-10-22 21:30:00,19.0 °C,21.0 °C,18.7 °C,12.3 °C,28 °C,28.0 °C,0,0
2025-10-22 22:00:00,18.2 °C,20.9 °C,18.1 °C,11.1 °C,28 °C,28.0 °C,0,0
2025-10-22 22:30:00,18.1 °C,20.7 °C,18.4 °C,10.8 °C,28 °C,28.0 °C,0,0
2025-10-22 23:00:00,18.2 °C,20.6 °C,18.1 °C,10.7 °C,28 °C,28.0 °C,0,0
2025-10-22 23:30:00,17.9 °C,20.5 °C,18.0 °C,9.8 °C,28 °C,28.0 °C,0,0
2025-10-23 00:00:00,18.1 °C,20.9 °C,18.1 °C,8.8 °C,28 °C,28.0 °C,0,0
2025-10-23 00:30:00,17.7 °C,20.4 °C,17.5 °C,8.5 °C,28 °C,28.0 °C,0,0
2025-10-23 01:00:00,17.4 °C,20.6 °C,17.8 °C,7.4 °C,28 °C,28.1 °C,0,0
2025-10-23 01:30:00,17.1 °C,20.6 °C,17.8 °C,7.4 °C,28 °C,28.1 °C,0,0
2025-10-23 02:00:00,17.3 °C,20.5 °C,17.4 °C,6.7 °C,28 °C,28.3 °C,0,0
2025-10-23 02:30:00,17.0 °C,20.5 °C,17.3 °C,7.1 °C,28 °C,28.2 °C,0,0
2025-10-23 03:00:00,16.7 °C,20.4 °C,16.6 °C,6.3 °C,28 °C,28.3 °C,0,0
2025-10-23 03:30:00,16.6 °C,20.5 °C,16.3 °C,6.1 °C,28 °C,28.4 °C,0,0
2025-10-23 04:00:00,16.1 °C,20.4 °C,15.9 °C,5.9 °C,28 °C,28.4 °C,0,0
2025-10-23 04:30:00,16.4 °C,20.4 °C,16.6 °C,6.1 °C,28 °C,28.4 °C,0,0
2025-10-23 05:00:00,16.7 °C,20.3 °C,17.2 °C,7.3 °C,28 °C,28.1 °C,0,0
2025-10-23 05:30:00,17.4 °C,20.9 °C,17.5 °C,8.2 °C,28 °C,28.0 °C,0,0
2025-10-23 06:00:00,27.9 °C,22.0 °C,29.4 °C,8.3 °C,28 °C,28.0 °C,62,53
2025-10-23 06:30:00,30.4 °C,22.1 °C,32.3 °C,8.5 °C,28 °C,28.0 °C,60,52
2025-10-23 07:00:00,30.9 °C,22.0 °C,32.9 °C,9.6 °C,28 °C,28.0 °C,58,45
2025-10-23 07:30:00,28.2 °C,22.1 °C,29.9 °C,9.4 °C,28 °C,28.0 °C,59,48
2025-10-23 08:00:00,25.5 °C,22.2 °C,27.3 °C,10.1 °C,28 °C,28.0 °C,57,46
2025-10-23 08:30:00,25.2 °C,22.2 °C,27.0 °C,10.3 °C,28 °C,28.0 °C,60,49
2025-10-23 09:00:00,27.5 °C,22.0 °C,28.0 °C,10.9 °C,28 °C,28.0 °C,66,58
2025-10-23 09:30:00,31.0 °C,22.0 °C,32.4 °C,12.1 °C,28 °C,28.0 °C,66,58
2025-10-23 10:00:00,31.1 °C,22.4 °C,33.1 °C,12.3 °C,28 °C,28.0 °C,66,56
2025-10-23 10:30:00,28.8 °C,22.4 °C,30.2 °C,13.5 °C,28 °C,28.0 °C,60,51
2025-10-23 11:00:00,26.3 °C,22.2 °C,27.4 °C,15.3 °C,28 °C,28.0 °C,62,56
2025-10-23 11:30:00,26.3 °C,22.2 °C,28.2 °C,16.1 °C,28 °C,28.0 °C,60,48
2025-10-23 12:00:00,29.0 °C,22.2 °C,31.2 °C,16.3 °C,28 °C,28.0 °C,58,46
2025-10-23 12:30:00,31.5 °C,22.0 °C,33.9 °C,17.3 °C,28 °C,28.0 °C,55,44
2025-10-23 13:00:00,31.6 °C,-20.0 °C,34.1 °C,16.7 °C,28 °C,28.0 °C,55,45
2025-10-23 13:30:00,29.0 °C,22.0 °C,31.7 °C,17.8 °C,28 °C,28.0 °C,60,51
2025-10-23 14:00:00,26.4 °C,22.2 °C,28.4 °C,17.4 °C,28 °C,28.0 °C,56,44
2025-10-23 14:30:00,26.4 °C,22.7 °C,28.2 °C,18.7 °C,28 °C,28.0 °C,58,48
2025-10-23 15:00:00,28.8 °C,22.8 °C,31.1 °C,18.0 °C,28 °C,28.0 °C,61,53
2025-10-23 15:30:00,32.0 °C,22.7 °C,34.6 °C,18.2 °C,28 °C,28.0 °C,53,41
2025-10-23 16:00:00,32.3 °C,22.8 °C,35.0 °C,17.0 °C,28 °C,28.0 °C,64,55
2025-10-23 16:30:00,29.4 °C,22.5 °C,31.7 °C,16.6 °C,28 °C,28.0 °C,60,49
2025-10-23 17:00:00,26.4 °C,22.6 °C,29.1 °C,15.6 °C,28 °C,28.0 °C,59,46
2025-10-23 17:30:00,26.1 °C,22.7 °C,28.3 °C,14.4 °C,28 °C,28.0 °C,58,50
2025-10-23 18:00:00,28.1 °C,22.9 °C,31.0 °C,14.9 °C,28 °C,28.0 °C,61,52
2025-10-23 18:30:00,30.3 °C,23.2 °C,32.8 °C,13.7 °C,28 °C,28.0 °C,57,45
2025-10-23 19:00:00,29.9 °C,22.9 °C,31.9 °C,12.9 °C,28 °C,28.0 °C,64,56
2025-10-23 19:30:00,27.4 °C,22.6 °C,29.4 °C,11.9 °C,28 °C,28.0 °C,63,57
2025-10-23 20:00:00,17.9 °C,21.6 °C,19.2 °C,12.2 °C,28 °C,28.0 °C,0,0
2025-10-23 20:30:00,18.0 °C,21.2 °C,18.6 °C,12.3 °C,28 °C,28.0 °C,0,0
2025-10-23 21:00:00,17.8 °C,21.3 °C,18.8 °C,12.5 °C,28 °C,28.0 °C,0,0
2025-10-23 21:30:00,17.6 °C,21.4 °C,19.0 °C,11.4 °C,28 °C,28.0 °C,0,0
2025-10-23 22:00:00,17.8 °C,21.5 °C,19.1 °C,11.6 °C,28 °C,28.0 °C,0,0
2025-10-23 22:30:00,17.4 °C,21.5 °C,18.8 °C,10.5 °C,28 °C,28.0 °C,0,0
2025-10-23 23:00:00,17.5 °C,21.7 °C,18.2 °C,9.5 °C,28 °C,28.0 °C,0,0
2025-10-23 23:30:00,17.3 °C,21.7 °C,18.2 °C,8.6 °C,28 °C,28.0 °C,0,0
2025-10-24 00:00:00,16.8 °C,21.5 °C,17.8 °C,7.6 °C,28 °C,28.1 °C,0,0
2025-10-24 00:30:00,15.6 °C,20.7 °C,17.0 °C,7.2 °C,28 °C,28.2 °C,0,0
2025-10-24 01:00:00,15.5 °C,20.6 °C,16.9 °C,6.5 °C,28 °C,28.3 °C,0,0
2025-10-24 01:30:00,16.1 °C,20.6 °C,16.6 °C,6.5 °C,28 °C,28.3 °C,0,0
2025-10-24 02:00:00,15.5 °C,20.7 °C,16.6 °C,4.8 °C,28 °C,28.6 °C,0,0
2025-10-24 02:30:00,15.8 °C,20.6 °C,17.5 °C,5.1 °C,28 °C,28.6 °C,0,0
2025-10-24 03:00:00,15.4 °C,20.5 °C,16.9 °C,4.6 °C,28 °C,28.7 °C,0,0
2025-10-24 03:30:00,15.5 °C,20.3 °C,17.0 °C,4.5 °C,28 °C,28.7 °C,0,0
2025-10-24 04:00:00,15.5 °C,20.1 °C,16.7 °C,4.5 °C,28 °C,28.7 °C,0,0
2025-10-24 04:30:00,15.8 °C,20.3 °C,16.6 °C,5.5 °C,28 °C,28.5 °C,0,0
2025-10-24 05:00:00,16.2 °C,20.6 °C,17.4 °C,6.3 °C,28 °C,28.3 °C,0,0
2025-10-24 05:30:00,16.3 °C,20.3 °C,17.1 °C,6.7 °C,28 °C,28.3 °C,0,0
2025-10-24 06:00:00,28.7 °C,21.3 °C,31.0 °C,6.8 °C,28 °C,28.2 °C,62,52
2025-10-24 06:30:00,30.2 °C,21.5 °C,31.5 °C,7.8 °C,28 °C,28.0 °C,63,54
2025-10-24 07:00:00,29.9 °C,21.5 °C,31.2 °C,9.5 °C,28 °C,28.0 °C,58,48
2025-10-24 07:30:00,28.2 °C,21.7 °C,29.0 °C,10.0 °C,28 °C,28.0 °C,58,44
2025-10-24 08:00:00,25.5 °C,21.9 °C,27.0 °C,9.6 °C,28 °C,28.0 °C,63,54
2025-10-24 08:30:00,24.7 °C,22.0 °C,25.6 °C,9.8 °C,28 °C,28.0 °C,58,48
2025-10-24 09:00:00,27.6 °C,21.9 °C,28.6 °C,10.9 °C,28 °C,28.0 °C,61,51
2025-10-24 09:30:00,30.2 °C,22.2 °C,31.5 °C,11.3 °C,28 °C,28.0 °C,63,50
2025-10-24 10:00:00,30.3 °C,22.1 °C,32.0 °C,11.4 °C,28 °C,28.0 °C,60,52
2025-10-24 10:30:00,27.8 °C,22.0 °C,29.3 °C,11.6 °C,28 °C,28.0 °C,62,52
2025-10-24 11:00:00,25.8 °C,22.1 °C,26.4 °C,12.3 °C,28 °C,28.0 °C,57,43
2025-10-24 11:30:00,26.4 °C,21.9 °C,26.4 °C,12.1 °C,28 °C,28.0 °C,62,55
2025-10-24 12:00:00,28.5 °C,21.9 °C,28.3 °C,12.7 °C,28 °C,28.0 °C,62,53
2025-10-24 12:30:00,31.1 °C,21.8 °C,30.5 °C,13.4 °C,28 °C,28.0 °C,64,56
2025-10-24 13:00:00,31.5 °C,21.7 °C,31.1 °C,13.6 °C,28 °C,28.0 °C,64,53
2025-10-24 13:30:00,28.8 °C,21.8 °C,28.2 °C,13.4 °C,28 °C,28.0 °C,61,51
2025-10-24 14:00:00,26.9 °C,21.3 °C,25.9 °C,14.5 °C,28 °C,28.0 °C,68,60
2025-10-24 14:30:00,27.2 °C,21.3 °C,25.8 °C,13.9 °C,28 °C,28.0 °C,63,54
2025-10-24 15:00:00,28.9 °C,20.9 °C,27.1 °C,14.3 °C,28 °C,28.0 °C,64,54
2025-10-24 15:30:00,31.9 °C,20.9 °C,30.4 °C,14.9 °C,28 °C,28.0 °C,59,47
2025-10-24 16:00:00,31.3 °C,21.0 °C,29.8 °C,15.0 °C,28 °C,28.0 °C,59,44
2025-10-24 16:30:00,28.5 °C,21.0 °C,27.4 °C,15.6 °C,28 °C,28.0 °C,60,52
2025-10-24 17:00:00,26.3 °C,21.3 °C,25.4 °C,14.7 °C,28 °C,28.0 °C,57,49
2025-10-24 17:30:00,26.6 °C,21.4 °C,26.0 °C,14.0 °C,28 °C,28.0 °C,60,52
2025-10-24 18:00:00,29.0 °C,20.9 °C,28.9 °C,13.4 °C,28 °C,28.0 °C,60,52
2025-10-24 18:30:00,31.1 °C,21.3 °C,30.5 °C,15.1 °C,28 °C,28.0 °C,63,51
2025-10-24 19:00:00,30.9 °C,21.4 °C,30.9 °C,14.8 °C,28 °C,28.0 °C,64,53
2025-10-24 19:30:00,28.3 °C,21.3 °C,28.7 °C,14.6 °C,28 °C,28.0 °C,60,49
2025-10-24 20:00:00,18.6 °C,20.3 °C,19.6 °C,14.3 °C,28 °C,28.0 °C,0,0
2025-10-24 20:30:00,18.4 °C,19.8 °C,18.6 °C,13.7 °C,28 °C,28.0 °C,0,0
2025-10-24 21:00:00,18.3 °C,20.0 °C,18.9 °C,13.6 °C,28 °C,28.0 °C,0,0
2025-10-24 21:30:00,17.9 °C,20.2 °C,17.9 °C,11.7 °C,28 °C,28.0 °C,0,0
2025-10-24 22:00:00,17.8 °C,20.1 °C,17.6 °C,11.2 °C,28 °C,28.0 °C,0,0
2025-10-24 22:30:00,17.6 °C,19.9 °C,17.2 °C,10.8 °C,28 °C,28.0 °C,0,0
2025-10-24 23:00:00,17.8 °C,20.1 °C,17.4 °C,10.8 °C,28 °C,28.0 °C,0,0
2025-10-24 23:30:00,17.7 °C,20.4 °C,17.3 °C,9.5 °C,28 °C,28.0 °C,0,0
2025-10-25 00:00:00,17.5 °C,20.7 °C,16.9 °C,8.1 °C,28 °C,28.0 °C,0,0
2025-10-25 00:30:00,16.8 °C,21.0 °C,16.7 °C,7.1 °C,28 °C,28.2 °C,0,0
2025-10-25 01:00:00,17.4 °C,21.4 °C,17.6 °C,7.2 °C,28 °C,28.2 °C,0,0
2025-10-25 01:30:00,16.9 °C,21.6 °C,17.5 °C,7.3 °C,28 °C,28.1 °C,0,0
2025-10-25 02:00:00,16.6 °C,21.8 °C,17.3 °C,6.5 °C,28 °C,28.3 °C,0,0
2025-10-25 02:30:00,16.7 °C,21.7 °C,17.8 °C,7.6 °C,28 °C,28.1 °C,0,0
2025-10-25 03:00:00,16.9 °C,21.6 °C,17.7 °C,7.7 °C,28 °C,28.1 °C,0,0
2025-10-25 03:30:00,17.1 °C,21.8 °C,18.0 °C,7.7 °C,28 °C,28.1 °C,0,0
2025-10-25 04:00:00,17.3 °C,21.4 °C,18.0 °C,7.6 °C,28 °C,28.1 °C,0,0
2025-10-25 04:30:00,17.2 °C,21.5 °C,18.6 °C,8.3 °C,28 °C,28.0 °C,0,0
2025-10-25 05:00:00,16.9 °C,21.3 °C,18.5 °C,8.7 °C,28 °C,28.0 °C,0,0
2025-10-25 05:30:00,16.9 °C,21.3 °C,18.9 °C,10.1 °C,28 °C,28.0 °C,0,0
2025-10-25 06:00:00,16.5 °C,21.3 °C,18.7 °C,9.5 °C,28 °C,28.0 °C,0,0
2025-10-25 06:30:00,16.3 °C,21.3 °C,18.2 °C,8.9 °C,28 °C,28.0 °C,0,0
2025-10-25 07:00:00,29.4 °C,22.1 °C,31.4 °C,8.9 °C,28 °C,28.0 °C,57,50
2025-10-25 07:30:00,27.0 °C,22.2 °C,28.7 °C,9.8 °C,28 °C,28.0 °C,63,51
2025-10-25 08:00:00,25.3 °C,22.4 °C,26.3 °C,10.1 °C,28 °C,28.0 °C,57,50
2025-10-25 08:30:00,24.7 °C,21.9 °C,25.9 °C,11.5 °C,28 °C,28.0 °C,61,47
2025-10-25 09:00:00,27.2 °C,21.9 °C,28.4 °C,11.7 °C,28 °C,28.0 °C,57,50
2025-10-25 09:30:00,29.2 °C,21.8 °C,29.8 °C,13.0 °C,28 °C,28.0 °C,60,50
2025-10-25 10:00:00,29.1 °C,21.8 °C,30.1 °C,12.9 °C,28 °C,28.0 °C,56,48
2025-10-25 10:30:00,27.2 °C,21.7 °C,29.4 °C,14.2 °C,28 °C,28.0 °C,59,51
2025-10-25 11:00:00,24.5 °C,22.0 °C,25.9 °C,15.4 °C,28 °C,28.0 °C,60,51
2025-10-25 11:30:00,24.5 °C,22.0 °C,25.9 °C,15.4 °C,28 °C,28.0 °C,60,55
2025-10-25 12:00:00,27.1 °C,22.2 °C,29.4 °C,16.0 °C,28 °C,28.0 °C,63,56
2025-10-25 12:30:00,29.9 °C,21.9 °C,31.8 °C,16.4 °C,28 °C,28.0 °C,62,53
2025-10-25 13:00:00,29.7 °C,21.8 °C,31.9 °C,16.9 °C,28 °C,28.0 °C,65,55
2025-10-25 13:30:00,27.9 °C,21.6 °C,30.2 °C,17.8 °C,28 °C,28.0 °C,56,49
2025-10-25 14:00:00,19.9 °C,20.9 °C,18.8 °C,18.3 °C,28 °C,28.0 °C,0,0
2025-10-25 14:30:00,20.1 °C,20.6 °C,18.5 °C,18.5 °C,28 °C,28.0 °C,0,0
2025-10-25 15:00:00,19.4 °C,20.1 °C,18.4 °C,18.7 °C,28 °C,28.0 °C,0,0
2025-10-25 15:30:00,19.2 °C,20.1 °C,18.0 °C,17.6 °C,28 °C,28.0 °C,0,0
2025-10-25 16:00:00,19.2 °C,20.3 °C,17.9 °C,17.3 °C,28 °C,28.0 °C,0,0
2025-10-25 16:30:00,18.4 °C,20.1 °C,17.8 °C,16.3 °C,28 °C,28.0 °C,0,0
2025-10-25 17:00:00,18.2 °C,20.3 °C,17.3 °C,16.0 °C,28 °C,28.0 °C,0,0
2025-10-25 17:30:00,18.3 °C,20.1 °C,17.3 °C,16.2 °C,28 °C,28.0 °C,0,0
2025-10-25 18:00:00,17.7 °C,19.8 °C,17.3 °C,15.7 °C,28 °C,28.0 °C,0,0
2025-10-25 18:30:00,17.5 °C,20.1 °C,17.2 °C,13.7 °C,28 °C,28.0 °C,0,0
2025-10-25 19:00:00,17.2 °C,20.3 °C,17.0 °C,12.6 °C,28 °C,28.0 °C,0,0
2025-10-25 19:30:00,16.9 °C,20.4 °C,17.4 °C,12.5 °C,28 °C,28.0 °C,0,0
2025-10-25 20:00:00,17.0 °C,20.4 °C,17.3 °C,11.7 °C,28 °C,28.0 °C,0,0
2025-10-25 20:30:00,17.2 °C,20.4 °C,17.4 °C,11.7 °C,28 °C,28.0 °C,0,0
2025-10-25 21:00:00,16.2 °C,20.2 °C,17.1 °C,10.4 °C,28 °C,28.0 °C,0,0
2025-10-25 21:30:00,16.7 °C,20.6 °C,17.4 °C,10.2 °C,28 °C,28.0 °C,0,0
2025-10-25 22:00:00,16.7 °C,20.6 °C,17.7 °C,9.9 °C,28 °C,28.0 °C,0,0
2025-10-25 22:30:00,16.8 °C,20.7 °C,17.7 °C,9.9 °C,28 °C,28.0 °C,0,0
2025-10-25 23:00:00,16.4 °C,20.6 °C,17.2 °C,8.9 °C,28 °C,28.0 °C,0,0
2025-10-25 23:30:00,16.9 °C,20.7 °C,17.4 °C,8.9 °C,28 °C,28.0 °C,0,0
2025-10-26 00:00:00,17.3 °C,21.0 °C,17.6 °C,9.2 °C,28 °C,28.0 °C,0,0
2025-10-26 00:30:00,17.1 °C,21.0 °C,17.6 °C,7.3 °C,28 °C,28.1 °C,0,0
2025-10-26 01:00:00,17.1 °C,21.1 °C,17.7 °C,7.0 °C,28 °C,28.2 °C,0,0
2025-10-26 01:30:00,16.9 °C,21.3 °C,17.1 °C,5.7 °C,28 °C,28.5 °C,0,0
2025-10-26 02:00:00,16.6 °C,21.4 °C,16.5 °C,5.2 °C,28 °C,28.6 °C,0,0
2025-10-26 02:30:00,16.7 °C,21.6 °C,17.0 °C,4.8 °C,28 °C,28.6 °C,0,0
2025-10-26 03:00:00,16.9 °C,21.6 °C,16.9 °C,4.9 °C,28 °C,28.6 °C,0,0
2025-10-26 03:30:00,17.1 °C,21.6 °C,17.1 °C,5.3 °C,28 °C,28.5 °C,0,0
2025-10-26 04:00:00,17.7 °C,21.6 °C,17.3 °C,6.1 °C,28 °C,28.4 °C,0,0
2025-10-26 04:30:00,18.1 °C,21.7 °C,17.7 °C,6.6 °C,28 °C,28.3 °C,0,0
2025-10-26 05:00:00,17.8 °C,21.5 °C,17.6 °C,7.3 °C,28 °C,28.1 °C,0,0
2025-10-26 05:30:00,17.6 °C,21.6 °C,17.5 °C,7.0 °C,28 °C,28.2 °C,0,0
2025-10-26 06:00:00,18.4 °C,22.1 °C,18.0 °C,8.1 °C,28 °C,28.0 °C,0,0
2025-10-26 06:30:00,17.5 °C,22.0 °C,18.3 °C,6.5 °C,28 °C,28.3 °C,0,0
2025-10-26 07:00:00,17.6 °C,21.6 °C,18.2 °C,8.1 °C,28 °C,28.0 °C,0,0
2025-10-26 07:30:00,17.7 °C,21.5 °C,18.6 °C,9.5 °C,28 °C,28.0 °C,0,0
2025-10-26 08:00:00,18.1 °C,21.6 °C,19.8 °C,10.5 °C,28 °C,28.0 °C,0,0
2025-10-26 08:30:00,18.3 °C,21.3 °C,20.3 °C,12.4 °C,28 °C,28.0 °C,0,0
2025-10-26 09:00:00,18.2 °C,21.0 °C,19.8 °C,11.7 °C,28 °C,28.0 °C,0,0
2025-10-26 09:30:00,18.1 °C,20.6 °C,19.7 °C,12.7 °C,28 °C,28.0 °C,0,0
2025-10-26 10:00:00,18.4 °C,20.6 °C,19.5 °C,13.3 °C,28 °C,28.0 °C,0,0
2025-10-26 10:30:00,18.5 °C,21.0 °C,20.3 °C,13.9 °C,28 °C,28.0 °C,0,0
2025-10-26 11:00:00,18.3 °C,20.9 °C,19.9 °C,13.7 °C,28 °C,28.0 °C,0,0
2025-10-26 11:30:00,18.4 °C,21.1 °C,20.2 °C,14.4 °C,28 °C,28.0 °C,0,0
2025-10-26 12:00:00,18.9 °C,21.0 °C,19.9 °C,15.0 °C,28 °C,28.0 °C,0,0
2025-10-26 12:30:00,18.6 °C,20.9 °C,19.6 °C,14.9 °C,28 °C,28.0 °C,0,0
2025-10-26 13:00:00,18.8 °C,21.0 °C,19.8 °C,15.2 °C,28 °C,28.0 °C,0,0
2025-10-26 13:30:00,18.5 °C,20.6 °C,19.6 °C,14.6 °C,28 °C,28.0 °C,0,0
2025-10-26 14:00:00,18.6 °C,21.0 °C,19.9 °C,14.7 °C,28 °C,28.0 °C,0,0
2025-10-26 14:30:00,18.7 °C,21.1 °C,20.5 °C,15.5 °C,28 °C,28.0 °C,0,0
2025-10-26 15:00:00,19.2 °C,21.4 °C,20.0 °C,16.1 °C,28 °C,28.0 °C,0,0
2025-10-26 15:30:00,18.8 °C,21.2 °C,20.5 °C,16.5 °C,28 °C,28.0 °C,0,0
2025-10-26 16:00:00,19.4 °C,21.3 °C,20.2 °C,16.9 °C,28 °C,28.0 °C,0,0
2025-10-26 16:30:00,19.6 °C,21.5 °C,20.6 °C,17.1 °C,28 °C,28.0 °C,0,0
2025-10-26 17:00:00,19.0 °C,21.4 °C,19.3 °C,16.3 °C,28 °C,28.0 °C,0,0
2025-10-26 17:30:00,18.8 °C,21.1 °C,19.1 °C,16.1 °C,28 °C,28.0 °C,0,0
2025-10-26 18:00:00,18.8 °C,20.9 °C,19.3 °C,16.2 °C,28 °C,28.0 °C,0,0
2025-10-26 18:30:00,18.2 °C,20.8 °C,18.6 °C,14.8 °C,28 °C,28.0 °C,0,0
2025-10-26 19:00:00,17.4 °C,20.8 °C,18.2 °C,13.4 °C,28 °C,28.0 °C,0,0
2025-10-26 19:30:00,17.0 °C,20.8 °C,18.1 °C,12.0 °C,28 °C,28.0 °C,0,0
2025-10-26 20:00:00,16.8 °C,20.7 °C,17.8 °C,10.5 °C,28 °C,28.0 °C,0,0
2025-10-26 20:30:00,16.8 °C,20.8 °C,17.1 °C,9.4 °C,28 °C,28.0 °C,0,0
2025-10-26 21:00:00,16.6 °C,20.7 °C,17.2 °C,8.8 °C,28 °C,28.0 °C,0,0
2025-10-26 21:30:00,17.0 °C,20.6 °C,17.7 °C,9.3 °C,28 °C,28.0 °C,0,0
2025-10-26 22:00:00,17.4 °C,20.8 °C,18.0 °C,8.6 °C,28 °C,28.0 °C,0,0
2025-10-26 22:30:00,16.4 °C,21.0 °C,17.3 °C,7.3 °C,28 °C,28.1 °C,0,0
2025-10-26 23:00:00,15.8 °C,20.6 °C,16.6 °C,7.1 °C,28 °C,28.2 °C,0,0
2025-10-26 23:30:00,15.6 °C,20.3 °C,16.3 °C,6.7 °C,28 °C,28.3 °C,0,0
2025-10-27 00:00:00,15.3 °C,20.1 °C,16.0 °C,5.8 °C,28 °C,28.4 °C,0,0
2025-10-27 00:30:00,14.8 °C,20.2 °C,16.1 °C,5.2 °C,28 °C,28.6 °C,0,0
2025-10-27 01:00:00,15.1 °C,20.5 °C,16.3 °C,5.8 °C,28 °C,28.4 °C,0,0
2025-10-27 01:30:00,15.6 °C,20.9 °C,16.2 °C,4.8 °C,28 °C,28.6 °C,0,0
2025-10-27 02:00:00,15.4 °C,21.1 °C,15.8 °C,3.8 °C,28 °C,28.8 °C,0,0
2025-10-27 02:30:00,16.0 °C,21.5 °C,15.9 °C,4.3 °C,28 °C,28.7 °C,0,0
2025-10-27 03:00:00,16.4 °C,21.5 °C,16.0 °C,4.1 °C,28 °C,28.8 °C,0,0
2025-10-27 03:30:00,16.9 °C,21.7 °C,16.5 °C,5.3 °C,28 °C,28.5 °C,0,0
2025-10-27 04:00:00,17.0 °C,21.5 °C,16.6 °C,5.5 °C,28 °C,28.5 °C,0,0
2025-10-27 04:30:00,16.9 °C,21.0 °C,16.2 °C,5.7 °C,28 °C,28.5 °C,0,0
2025-10-27 05:00:00,16.9 °C,20.9 °C,16.6 °C,6.6 °C,28 °C,28.3 °C,0,0
2025-10-27 05:30:00,16.6 °C,20.9 °C,16.0 °C,5.9 °C,28 °C,28.4 °C,0,0
2025-10-27 06:00:00,28.4 °C,22.4 °C,30.9 °C,6.7 °C,28 °C,28.3 °C,64,51
2025-10-27 06:30:00,31.2 °C,22.3 °C,33.8 °C,7.0 °C,28 °C,28.2 °C,67,57
2025-10-27 07:00:00,30.9 °C,22.0 °C,33.0 °C,8.3 °C,28 °C,28.0 °C,64,54
2025-10-27 07:30:00,28.9 °C,22.2 °C,30.2 °C,8.5 °C,28 °C,28.0 °C,59,49
2025-10-27 08:00:00,26.2 °C,22.0 °C,27.5 °C,9.2 °C,28 °C,28.0 °C,64,54
2025-10-27 08:30:00,26.4 °C,22.0 °C,27.6 °C,9.6 °C,28 °C,28.0 °C,62,51
2025-10-27 09:00:00,28.9 °C,22.2 °C,29.4 °C,10.6 °C,28 °C,28.0 °C,59,47
2025-10-27 09:30:00,31.2 °C,21.9 °C,31.4 °C,11.0 °C,28 °C,28.0 °C,63,54
2025-10-27 10:00:00,31.2 °C,22.3 °C,31.1 °C,11.8 °C,28 °C,28.0 °C,59,49
2025-10-27 10:30:00,28.4 °C,22.5 °C,28.3 °C,13.5 °C,28 °C,28.0 °C,58,52
2025-10-27 11:00:00,25.8 °C,22.5 °C,26.3 °C,13.8 °C,28 °C,28.0 °C,59,47
2025-10-27 11:30:00,25.3 °C,22.9 °C,26.0 °C,14.4 °C,28 °C,28.0 °C,59,49
2025-10-27 12:00:00,27.5 °C,22.6 °C,28.3 °C,16.2 °C,28 °C,28.0 °C,56,43
2025-10-27 12:30:00,30.5 °C,22.8 °C,30.5 °C,16.6 °C,28 °C,28.0 °C,52,43
2025-10-27 13:00:00,30.6 °C,22.7 °C,30.8 °C,15.3 °C,28 °C,28.0 °C,65,55
2025-10-27 13:30:00,28.3 °C,22.5 °C,28.1 °C,15.1 °C,28 °C,28.0 °C,63,54
2025-10-27 14:00:00,25.2 °C,22.2 °C,24.4 °C,14.6 °C,28 °C,28.0 °C,64,53
2025-10-27 14:30:00,25.4 °C,22.7 °C,25.3 °C,15.3 °C,28 °C,28.0 °C,63,49
2025-10-27 15:00:00,27.8 °C,22.8 °C,27.3 °C,15.3 °C,28 °C,28.0 °C,59,51
2025-10-27 15:30:00,30.5 °C,23.0 °C,30.2 °C,16.0 °C,28 °C,28.0 °C,59,51
2025-10-27 16:00:00,31.0 °C,22.7 °C,30.7 °C,16.2 °C,28 °C,28.0 °C,58,50
2025-10-27 16:30:00,28.4 °C,22.8 °C,27.8 °C,16.3 °C,28 °C,28.0 °C,62,53
2025-10-27 17:00:00,25.8 °C,22.6 °C,26.1 °C,15.2 °C,28 °C,28.0 °C,61,52
2025-10-27 17:30:00,26.1 °C,22.9 °C,26.3 °C,15.1 °C,28 °C,28.0 °C,59,50
2025-10-27 18:00:00,28.2 °C,23.1 °C,28.4 °C,15.5 °C,28 °C,28.0 °C,61,50
2025-10-27 18:30:00,30.7 °C,23.2 °C,30.6 °C,14.1 °C,28 °C,28.0 °C,63,53
2025-10-27 19:00:00,29.9 °C,23.2 °C,30.1 °C,13.4 °C,28 °C,28.0 °C,60,52
2025-10-27 19:30:00,27.4 °C,23.1 °C,27.7 °C,13.0 °C,28 °C,28.0 °C,57,51
2025-10-27 20:00:00,18.6 °C,22.1 °C,18.9 °C,12.5 °C,28 °C,28.0 °C,0,0
2025-10-27 20:30:00,18.8 °C,22.4 °C,18.6 °C,12.8 °C,28 °C,28.0 °C,0,0
2025-10-27 21:00:00,19.2 °C,22.3 °C,18.6 °C,12.5 °C,28 °C,28.0 °C,0,0
2025-10-27 21:30:00,18.5 °C,22.0 °C,18.5 °C,12.0 °C,28 °C,28.0 °C,0,0
2025-10-27 22:00:00,18.7 °C,22.2 °C,18.5 °C,11.8 °C,28 °C,28.0 °C,0,0
2025-10-27 22:30:00,18.4 °C,21.9 °C,17.8 °C,11.5 °C,28 °C,28.0 °C,0,0
2025-10-27 23:00:00,18.2 °C,21.8 °C,17.4 °C,10.8 °C,28 °C,28.0 °C,0,0
2025-10-27 23:30:00,17.2 °C,21.5 °C,17.2 °C,9.9 °C,28 °C,28.0 °C,0,0
2025-10-28 00:00:00,16.4 °C,20.8 °C,16.8 °C,9.7 °C,28 °C,28.0 °C,0,0
2025-10-28 00:30:00,16.2 °C,20.9 °C,16.8 °C,8.6 °C,28 °C,28.0 °C,0,0
2025-10-28 01:00:00,16.0 °C,21.4 °C,16.6 °C,8.1 °C,28 °C,28.0 °C,0,0
2025-10-28 01:30:00,15.1 °C,21.4 °C,16.2 °C,7.1 °C,28 °C,28.2 °C,0,0
2025-10-28 02:00:00,15.6 °C,22.1 °C,16.8 °C,7.3 °C,28 °C,28.1 °C,0,0
2025-10-28 02:30:00,15.9 °C,21.9 °C,17.1 °C,7.8 °C,28 °C,28.0 °C,0,0
2025-10-28 03:00:00,15.9 °C,21.9 °C,16.7 °C,7.1 °C,28 °C,28.2 °C,0,0
2025-10-28 03:30:00,15.6 °C,21.7 °C,16.8 °C,6.9 °C,28 °C,28.2 °C,0,0
2025-10-28 04:00:00,15.6 °C,21.7 °C,16.5 °C,6.7 °C,28 °C,28.3 °C,0,0
2025-10-28 04:30:00,16.1 °C,21.7 °C,16.9 °C,7.5 °C,28 °C,28.1 °C,0,0
2025-10-28 05:00:00,17.1 °C,22.0 °C,17.3 °C,8.6 °C,28 °C,28.0 °C,0,0
2025-10-28 05:30:00,17.3 °C,21.6 °C,17.0 °C,8.4 °C,28 °C,28.0 °C,0,0
2025-10-28 06:00:00,29.8 °C,22.4 °C,32.0 °C,6.9 °C,28 °C,28.2 °C,65,54
2025-10-28 06:30:00,31.2 °C,22.5 °C,33.3 °C,8.1 °C,28 °C,28.0 °C,63,52
2025-10-28 07:00:00,30.7 °C,22.8 °C,32.3 °C,8.6 °C,28 °C,28.0 °C,61,51
2025-10-28 07:30:00,27.8 °C,22.1 °C,29.6 °C,9.1 °C,28 °C,28.0 °C,62,51
2025-10-28 08:00:00,24.9 °C,21.7 °C,26.1 °C,10.3 °C,28 °C,28.0 °C,64,57
2025-10-28 08:30:00,25.1 °C,21.7 °C,26.6 °C,10.6 °C,28 °C,28.0 °C,58,47
2025-10-28 09:00:00,26.5 °C,22.0 °C,28.1 °C,10.8 °C,28 °C,28.0 °C,60,51
2025-10-28 09:30:00,29.5 °C,21.9 °C,31.0 °C,11.1 °C,28 °C,28.0 °C,58,49
2025-10-28 10:00:00,29.9 °C,22.0 °C,31.5 °C,12.0 °C,28 °C,28.0 °C,53,43
2025-10-28 10:30:00,27.4 °C,22.5 °C,29.7 °C,13.1 °C,28 °C,28.0 °C,62,51
2025-10-28 11:00:00,25.4 °C,22.4 °C,28.0 °C,14.6 °C,28 °C,28.0 °C,63,53
2025-10-28 11:30:00,25.0 °C,22.3 °C,27.6 °C,15.2 °C,28 °C,28.0 °C,61,50
2025-10-28 12:00:00,27.1 °C,22.3 °C,29.9 °C,15.4 °C,28 °C,28.0 °C,67,59
2025-10-28 12:30:00,29.8 °C,22.3 °C,32.6 °C,16.1 °C,28 °C,28.0 °C,59,49
2025-10-28 13:00:00,29.8 °C,22.3 °C,32.8 °C,15.7 °C,28 °C,28.0 °C,57,47
2025-10-28 13:30:00,27.2 °C,22.2 °C,29.7 °C,16.7 °C,28 °C,28.0 °C,64,51
2025-10-28 14:00:00,24.8 °C,22.1 °C,28.4 °C,16.9 °C,28 °C,28.0 °C,64,58
2025-10-28 14:30:00,25.4 °C,21.8 °C,28.9 °C,16.7 °C,28 °C,28.0 °C,63,55
2025-10-28 15:00:00,28.4 °C,21.9 °C,33.2 °C,16.0 °C,28 °C,28.0 °C,57,44
2025-10-28 15:30:00,30.9 °C,21.7 °C,36.5 °C,16.3 °C,28 °C,28.0 °C,58,49
2025-10-28 16:00:00,30.7 °C,21.5 °C,35.7 °C,15.9 °C,28 °C,28.0 °C,55,44
2025-10-28 16:30:00,28.5 °C,21.2 °C,33.3 °C,15.6 °C,28 °C,28.0 °C,66,54
2025-10-28 17:00:00,25.7 °C,21.2 °C,30.4 °C,14.3 °C,28 °C,28.0 °C,57,46
2025-10-28 17:30:00,26.1 °C,21.2 °C,31.0 °C,13.7 °C,28 °C,28.0 °C,56,47
2025-10-28 18:00:00,28.9 °C,21.0 °C,33.6 °C,13.1 °C,28 °C,28.0 °C,60,49
2025-10-28 18:30:00,32.0 °C,21.0 °C,37.0 °C,13.0 °C,28 °C,28.0 °C,60,50
2025-10-28 19:00:00,31.5 °C,21.1 °C,35.4 °C,12.4 °C,28 °C,28.0 °C,62,53
2025-10-28 19:30:00,28.6 °C,20.8 °C,32.0 °C,10.3 °C,28 °C,28.0 °C,60,51
2025-10-28 20:00:00,16.8 °C,19.8 °C,16.1 °C,9.8 °C,28 °C,28.0 °C,0,0
2025-10-28 20:30:00,17.0 °C,20.3 °C,16.0 °C,8.5 °C,28 °C,28.0 °C,0,0
2025-10-28 21:00:00,16.6 °C,20.2 °C,16.2 °C,7.6 °C,28 °C,28.1 °C,0,0
2025-10-28 21:30:00,16.8 °C,20.4 °C,16.1 °C,7.9 °C,28 °C,28.0 °C,0,0
2025-10-28 22:00:00,16.3 °C,20.3 °C,15.2 °C,6.6 °C,28 °C,28.3 °C,0,0
2025-10-28 22:30:00,16.3 °C,20.4 °C,15.4 °C,6.5 °C,28 °C,28.3 °C,0,0
2025-10-28 23:00:00,16.3 °C,20.3 °C,15.0 °C,5.9 °C,28 °C,28.4 °C,0,0
2025-10-28 23:30:00,15.9 °C,19.9 °C,14.3 °C,5.3 °C,28 °C,28.5 °C,0,0
2025-10-29 00:00:00,15.9 °C,19.8 °C,14.3 °C,4.4 °C,28 °C,28.7 °C,0,0
2025-10-29 00:30:00,15.8 °C,20.0 °C,14.6 °C,4.5 °C,28 °C,28.7 °C,0,0
2025-10-29 01:00:00,16.3 °C,20.3 °C,15.2 °C,4.7 °C,28 °C,28.7 °C,0,0
2025-10-29 01:30:00,16.0 °C,20.4 °C,15.2 °C,3.6 °C,28 °C,28.9 °C,0,0
2025-10-29 02:00:00,16.2 °C,20.2 °C,15.0 °C,4.4 °C,28 °C,28.7 °C,0,0
2025-10-29 02:30:00,15.7 °C,20.5 °C,14.5 °C,3.7 °C,28 °C,28.9 °C,0,0
2025-10-29 03:00:00,16.1 °C,20.4 °C,15.0 °C,4.2 °C,28 °C,28.8 °C,0,0
2025-10-29 03:30:00,15.9 °C,20.2 °C,14.8 °C,3.7 °C,28 °C,28.9 °C,0,0
2025-10-29 04:00:00,16.2 °C,20.1 °C,15.6 °C,3.8 °C,28 °C,28.8 °C,0,0
2025-10-29 04:30:00,16.3 °C,20.0 °C,15.8 °C,3.5 °C,28 °C,28.9 °C,0,0
2025-10-29 05:00:00,15.7 °C,20.0 °C,16.2 °C,3.7 °C,28 °C,28.9 °C,0,0
2025-10-29 05:30:00,16.3 °C,20.2 °C,16.0 °C,4.2 °C,28 °C,28.8 °C,0,0
2025-10-29 06:00:00,28.4 °C,20.8 °C,30.5 °C,4.2 °C,28 °C,28.8 °C,73,65
2025-10-29 06:30:00,30.1 °C,20.8 °C,32.7 °C,5.2 °C,28 °C,28.6 °C,71,60
2025-10-29 07:00:00,29.4 °C,20.7 °C,31.2 °C,6.2 °C,28 °C,28.4 °C,69,59
2025-10-29 07:30:00,27.1 °C,20.9 °C,29.0 °C,8.6 °C,28 °C,28.0 °C,60,47
2025-10-29 08:00:00,24.6 °C,21.0 °C,26.7 °C,9.7 °C,28 °C,28.0 °C,63,50
2025-10-29 08:30:00,24.6 °C,20.8 °C,27.3 °C,11.0 °C,28 °C,28.0 °C,60,48
2025-10-29 09:00:00,27.0 °C,21.1 °C,30.1 °C,10.4 °C,28 °C,28.0 °C,57,50
2025-10-29 09:30:00,30.0 °C,21.1 °C,33.6 °C,9.9 °C,28 °C,28.0 °C,65,58
2025-10-29 10:00:00,29.8 °C,21.4 °C,33.1 °C,10.4 °C,28 °C,28.0 °C,60,52
2025-10-29 10:30:00,27.7 °C,21.2 °C,32.0 °C,12.2 °C,28 °C,28.0 °C,61,51
2025-10-29 11:00:00,24.8 °C,21.4 °C,29.4 °C,14.2 °C,28 °C,28.0 °C,60,51
2025-10-29 11:30:00,25.0 °C,21.7 °C,29.2 °C,14.1 °C,28 °C,28.0 °C,55,45
2025-10-29 12:00:00,27.9 °C,21.7 °C,31.7 °C,14.2 °C,28 °C,28.0 °C,59,48
2025-10-29 12:30:00,30.9 °C,22.2 °C,34.9 °C,14.8 °C,28 °C,28.0 °C,62,48
2025-10-29 13:00:00,30.2 °C,22.3 °C,33.8 °C,15.0 °C,28 °C,28.0 °C,60,50
2025-10-29 13:30:00,27.7 °C,22.7 °C,30.5 °C,15.1 °C,28 °C,28.0 °C,59,50
2025-10-29 14:00:00,25.9 °C,23.2 °C,28.7 °C,15.6 °C,28 °C,28.0 °C,61,50
2025-10-29 14:30:00,26.3 °C,22.6 °C,27.8 °C,17.3 °C,28 °C,28.0 °C,63,55
2025-10-29 15:00:00,28.5 °C,22.8 °C,30.3 °C,17.9 °C,28 °C,28.0 °C,55,48
2025-10-29 15:30:00,30.9 °C,22.8 °C,33.0 °C,18.7 °C,28 °C,28.0 °C,60,47
2025-10-29 16:00:00,31.0 °C,22.8 °C,32.9 °C,17.2 °C,28 °C,28.0 °C,60,55
2025-10-29 16:30:00,28.4 °C,22.5 °C,30.9 °C,17.4 °C,28 °C,28.0 °C,65,56
2025-10-29 17:00:00,26.1 °C,22.2 °C,29.0 °C,16.3 °C,28 °C,28.0 °C,64,57
2025-10-29 17:30:00,26.3 °C,21.9 °C,28.6 °C,16.8 °C,28 °C,28.0 °C,56,44
2025-10-29 18:00:00,28.2 °C,22.4 °C,30.5 °C,17.0 °C,28 °C,28.0 °C,64,57
2025-10-29 18:30:00,30.4 °C,22.5 °C,32.4 °C,16.6 °C,28 °C,28.0 °C,60,51
2025-10-29 19:00:00,30.2 °C,22.1 °C,32.1 °C,15.3 °C,28 °C,28.0 °C,55,45
2025-10-29 19:30:00,27.7 °C,21.8 °C,30.1 °C,14.3 °C,28 °C,28.0 °C,56,44
2025-10-29 20:00:00,17.7 °C,20.4 °C,19.0 °C,13.3 °C,28 °C,28.0 °C,0,0
2025-10-29 20:30:00,18.1 °C,20.7 °C,19.3 °C,13.0 °C,28 °C,28.0 °C,0,0
2025-10-29 21:00:00,17.7 °C,20.7 °C,19.0 °C,12.5 °C,28 °C,28.0 °C,0,0
2025-10-29 21:30:00,18.4 °C,20.9 °C,18.8 °C,12.6 °C,28 °C,28.0 °C,0,0
2025-10-29 22:00:00,18.6 °C,20.8 °C,18.9 °C,12.7 °C,28 °C,28.0 °C,0,0
2025-10-29 22:30:00,18.2 °C,21.1 °C,18.1 °C,11.3 °C,28 °C,28.0 °C,0,0
2025-10-29 23:00:00,17.9 °C,21.0 °C,18.2 °C,10.8 °C,28 °C,28.0 °C,0,0
2025-10-29 23:30:00,17.5 °C,21.0 °C,17.7 °C,10.4 °C,28 °C,28.0 °C,0,0
2025-10-30 00:00:00,16.9 °C,21.1 °C,17.2 °C,9.5 °C,28 °C,28.0 °C,0,0
2025-10-30 00:30:00,16.7 °C,20.7 °C,16.7 °C,9.4 °C,28 °C,28.0 °C,0,0
2025-10-30 01:00:00,16.9 °C,20.6 °C,16.7 °C,9.1 °C,28 °C,28.0 °C,0,0
2025-10-30 01:30:00,16.2 °C,20.5 °C,16.2 °C,8.3 °C,28 °C,28.0 °C,0,0
2025-10-30 02:00:00,16.5 °C,20.6 °C,16.3 °C,7.8 °C,28 °C,28.0 °C,0,0
2025-10-30 02:30:00,16.6 °C,21.0 °C,16.3 °C,7.3 °C,28 °C,28.1 °C,0,0
2025-10-30 03:00:00,16.5 °C,21.0 °C,16.1 °C,6.7 °C,28 °C,28.3 °C,0,0
2025-10-30 03:30:00,16.5 °C,21.0 °C,16.0 °C,6.6 °C,28 °C,28.3 °C,0,0
2025-10-30 04:00:00,16.5 °C,21.0 °C,16.6 °C,5.9 °C,28 °C,28.4 °C,0,0
2025-10-30 04:30:00,16.9 °C,21.0 °C,16.2 °C,6.4 °C,28 °C,28.3 °C,0,0
2025-10-30 05:00:00,17.1 °C,20.9 °C,16.7 °C,7.5 °C,28 °C,28.1 °C,0,0
2025-10-30 05:30:00,17.6 °C,21.3 °C,17.0 °C,7.7 °C,28 °C,28.1 °C,0,0
2025-10-30 06:00:00,29.4 °C,22.1 °C,34.0 °C,8.6 °C,28 °C,28.0 °C,60,50
2025-10-30 06:30:00,31.8 °C,22.1 °C,36.0 °C,9.0 °C,28 °C,28.0 °C,66,58
2025-10-30 07:00:00,31.5 °C,21.9 °C,35.0 °C,8.8 °C,28 °C,28.0 °C,66,56
2025-10-30 07:30:00,29.5 °C,22.2 °C,32.0 °C,10.4 °C,28 °C,28.0 °C,57,46
2025-10-30 08:00:00,27.2 °C,21.9 °C,29.5 °C,9.4 °C,28 °C,28.0 °C,62,54
2025-10-30 08:30:00,27.1 °C,21.9 °C,28.5 °C,10.0 °C,28 °C,28.0 °C,63,51
2025-10-30 09:00:00,29.8 °C,22.1 °C,32.0 °C,10.1 °C,28 °C,28.0 °C,55,44
2025-10-30 09:30:00,32.1 °C,21.9 °C,33.5 °C,11.6 °C,28 °C,28.0 °C,64,52
2025-10-30 10:00:00,33.0 °C,22.1 °C,34.2 °C,12.3 °C,28 °C,28.0 °C,60,49
2025-10-30 10:30:00,30.3 °C,21.5 °C,31.4 °C,14.3 °C,28 °C,28.0 °C,59,51
2025-10-30 11:00:00,28.1 °C,21.3 °C,29.4 °C,14.7 °C,28 °C,28.0 °C,64,55
2025-10-30 11:30:00,28.0 °C,21.3 °C,29.0 °C,14.5 °C,28 °C,28.0 °C,63,50
2025-10-30 12:00:00,30.4 °C,21.9 °C,32.0 °C,13.8 °C,28 °C,28.0 °C,56,45
2025-10-30 12:30:00,32.4 °C,21.9 °C,34.2 °C,14.8 °C,28 °C,28.0 °C,62,53
2025-10-30 13:00:00,32.1 °C,22.0 °C,33.8 °C,14.6 °C,28 °C,28.0 °C,62,53
2025-10-30 13:30:00,29.7 °C,22.2 °C,31.1 °C,14.6 °C,28 °C,28.0 °C,53,43
2025-10-30 14:00:00,26.7 °C,21.9 °C,28.5 °C,15.5 °C,28 °C,28.0 °C,62,53
2025-10-30 14:30:00,26.4 °C,21.1 °C,28.9 °C,16.2 °C,28 °C,28.0 °C,59,50
2025-10-30 15:00:00,28.7 °C,21.6 °C,32.6 °C,15.7 °C,28 °C,28.0 °C,63,53
2025-10-30 15:30:00,31.6 °C,21.8 °C,34.7 °C,15.3 °C,28 °C,28.0 °C,57,48
2025-10-30 16:00:00,31.5 °C,21.6 °C,34.5 °C,14.1 °C,28 °C,28.0 °C,60,50
2025-10-30 16:30:00,29.0 °C,21.7 °C,30.9 °C,12.8 °C,28 °C,28.0 °C,58,49
2025-10-30 17:00:00,26.0 °C,21.9 °C,28.3 °C,13.2 °C,28 °C,28.0 °C,58,48
2025-10-30 17:30:00,26.7 °C,21.9 °C,28.2 °C,13.5 °C,28 °C,28.0 °C,53,45
2025-10-30 18:00:00,29.4 °C,21.9 °C,31.2 °C,13.4 °C,28 °C,28.0 °C,63,54
2025-10-30 18:30:00,32.2 °C,22.4 °C,34.6 °C,13.1 °C,28 °C,28.0 °C,63,53
2025-10-30 19:00:00,31.4 °C,22.0 °C,33.6 °C,12.2 °C,28 °C,28.0 °C,60,49
2025-10-30 19:30:00,29.1 °C,22.1 °C,30.7 °C,12.6 °C,28 °C,28.0 °C,61,52
2025-10-30 20:00:00,17.7 °C,20.9 °C,18.2 °C,10.9 °C,28 °C,28.0 °C,0,0
2025-10-30 20:30:00,17.6 °C,21.2 °C,18.2 °C,10.1 °C,28 °C,28.0 °C,0,0
2025-10-30 21:00:00,17.7 °C,21.3 °C,18.2 °C,9.7 °C,28 °C,28.0 °C,0,0
2025-10-30 21:30:00,17.6 °C,21.1 °C,18.3 °C,9.2 °C,28 °C,28.0 °C,0,0
2025-10-30 22:00:00,17.2 °C,20.7 °C,18.2 °C,8.7 °C,28 °C,28.0 °C,0,0
2025-10-30 22:30:00,17.0 °C,20.6 °C,18.1 °C,7.9 °C,28 °C,28.0 °C,0,0
2025-10-30 23:00:00,17.1 °C,20.6 °C,17.5 °C,7.8 °C,28 °C,28.0 °C,0,0
2025-10-30 23:30:00,16.9 °C,21.0 °C,17.7 °C,6.6 °C,28 °C,28.3 °C,0,0
2025-10-31 00:00:00,16.5 °C,20.7 °C,17.4 °C,6.0 °C,28 °C,28.4 °C,0,0
2025-10-31 00:30:00,16.5 °C,20.5 °C,17.5 °C,6.0 °C,28 °C,28.4 °C,0,0
2025-10-31 01:00:00,16.8 °C,20.4 °C,17.0 °C,5.5 °C,28 °C,28.5 °C,0,0
2025-10-31 01:30:00,16.8 °C,20.2 °C,16.8 °C,5.3 °C,28 °C,28.5 °C,0,0
2025-10-31 02:00:00,16.9 °C,20.2 °C,16.9 °C,5.4 °C,28 °C,28.5 °C,0,0
2025-10-31 02:30:00,16.9 °C,20.0 °C,16.9 °C,4.2 °C,28 °C,28.8 °C,0,0
2025-10-31 03:00:00,16.4 °C,20.2 °C,16.7 °C,3.4 °C,28 °C,28.9 °C,0,0
2025-10-31 03:30:00,16.5 °C,20.1 °C,16.2 °C,3.7 °C,28 °C,28.9 °C,0,0
2025-10-31 04:00:00,16.8 °C,20.2 °C,16.3 °C,3.7 °C,28 °C,28.9 °C,0,0
2025-10-31 04:30:00,17.0 °C,20.3 °C,16.3 °C,3.8 °C,28 °C,28.8 °C,0,0
2025-10-31 05:00:00,16.7 °C,20.0 °C,15.9 °C,4.6 °C,28 °C,28.7 °C,0,0
2025-10-31 05:30:00,16.5 °C,20.3 °C,16.0 °C,4.5 °C,28 °C,28.7 °C,0,0
2025-10-31 06:00:00,30.0 °C,21.3 °C,30.5 °C,3.7 °C,28 °C,28.9 °C,69,61
2025-10-31 06:30:00,32.3 °C,21.4 °C,33.3 °C,5.5 °C,28 °C,28.5 °C,66,57
2025-10-31 07:00:00,31.4 °C,21.4 °C,31.8 °C,6.9 °C,28 °C,28.2 °C,64,52
2025-10-31 07:30:00,28.7 °C,21.3 °C,30.5 °C,8.2 °C,28 °C,28.0 °C,61,52
2025-10-31 08:00:00,27.1 °C,21.4 °C,28.4 °C,8.2 °C,28 °C,28.0 °C,65,55
2025-10-31 08:30:00,27.6 °C,21.4 °C,29.3 °C,8.8 °C,28 °C,28.0 °C,65,59
2025-10-31 09:00:00,29.8 °C,21.2 °C,31.5 °C,8.7 °C,28 °C,28.0 °C,61,48
2025-10-31 09:30:00,32.3 °C,21.6 °C,33.4 °C,9.4 °C,28 °C,28.0 °C,62,50
2025-10-31 10:00:00,32.0 °C,21.4 °C,33.4 °C,9.9 °C,28 °C,28.0 °C,59,51
2025-10-31 10:30:00,29.6 °C,21.5 °C,30.9 °C,10.0 °C,28 °C,28.0 °C,57,46
2025-10-31 11:00:00,26.8 °C,21.8 °C,27.9 °C,11.0 °C,28 °C,28.0 °C,57,45
2025-10-31 11:30:00,26.5 °C,21.7 °C,28.3 °C,11.5 °C,28 °C,28.0 °C,65,56
2025-10-31 12:00:00,28.6 °C,21.8 °C,30.8 °C,13.1 °C,28 °C,28.0 °C,58,50
2025-10-31 12:30:00,31.6 °C,21.2 °C,34.1 °C,13.6 °C,28 °C,28.0 °C,62,52
2025-10-31 13:00:00,31.3 °C,20.8 °C,33.7 °C,12.4 °C,28 °C,28.0 °C,61,51
2025-10-31 13:30:00,29.3 °C,20.9 °C,31.8 °C,11.8 °C,28 °C,28.0 °C,56,45
2025-10-31 14:00:00,26.5 °C,21.0 °C,29.0 °C,13.5 °C,28 °C,28.0 °C,61,50
2025-10-31 14:30:00,26.2 °C,21.3 °C,28.9 °C,13.5 °C,28 °C,28.0 °C,61,49
2025-10-31 15:00:00,28.7 °C,21.6 °C,30.8 °C,13.8 °C,28 °C,28.0 °C,60,52
2025-10-31 15:30:00,30.6 °C,21.2 °C,31.5 °C,13.9 °C,28 °C,28.0 °C,59,50
2025-10-31 16:00:00,30.8 °C,21.6 °C,32.5 °C,14.7 °C,28 °C,28.0 °C,60,47
2025-10-31 16:30:00,28.3 °C,21.3 °C,30.0 °C,13.4 °C,28 °C,28.0 °C,61,50
2025-10-31 17:00:00,25.6 °C,21.5 °C,27.6 °C,14.0 °C,28 °C,28.0 °C,57,49
2025-10-31 17:30:00,25.3 °C,21.4 °C,27.0 °C,14.4 °C,28 °C,28.0 °C,64,56
2025-10-31 18:00:00,28.6 °C,22.1 °C,30.2 °C,14.0 °C,28 °C,28.0 °C,62,52
2025-10-31 18:30:00,30.9 °C,21.9 °C,33.3 °C,13.8 °C,28 °C,28.0 °C,53,42
2025-10-31 19:00:00,30.8 °C,21.9 °C,33.4 °C,13.0 °C,28 °C,28.0 °C,59,49
2025-10-31 19:30:00,28.7 °C,21.9 °C,32.3 °C,11.4 °C,28 °C,28.0 °C,66,56
2025-10-31 20:00:00,19.0 °C,20.9 °C,17.1 °C,11.2 °C,28 °C,28.0 °C,0,0
2025-10-31 20:30:00,18.5 °C,20.7 °C,16.3 °C,10.8 °C,28 °C,28.0 °C,0,0
2025-10-31 21:00:00,18.5 °C,21.2 °C,17.0 °C,10.4 °C,28 °C,28.0 °C,0,0
2025-10-31 21:30:00,18.2 °C,21.0 °C,17.2 °C,10.1 °C,28 °C,28.0 °C,0,0
2025-10-31 22:00:00,17.8 °C,20.9 °C,16.6 °C,9.1 °C,28 °C,28.0 °C,0,0
2025-10-31 22:30:00,17.7 °C,20.8 °C,16.1 °C,9.5 °C,28 °C,28.0 °C,0,0
2025-10-31 23:00:00,17.6 °C,20.9 °C,16.2 °C,8.8 °C,28 °C,28.0 °C,0,0
2025-10-31 23:30:00,17.4 °C,20.7 °C,16.2 °C,8.6 °C,28 °C,28.0 °C,0,0
2025-11-01 00:00:00,17.2 °C,20.9 °C,15.9 °C,7.7 °C,28 °C,28.1 °C,0,0
2025-11-01 00:30:00,17.2 °C,21.0 °C,16.0 °C,7.9 °C,28 °C,28.0 °C,0,0
2025-11-01 01:00:00,16.8 °C,21.0 °C,15.2 °C,7.5 °C,28 °C,28.1 °C,0,0
2025-11-01 01:30:00,16.8 °C,21.1 °C,15.3 °C,7.0 °C,28 °C,28.2 °C,0,0
2025-11-01 02:00:00,16.7 °C,20.8 °C,15.4 °C,7.4 °C,28 °C,28.1 °C,0,0
2025-11-01 02:30:00,16.0 °C,20.7 °C,15.4 °C,6.1 °C,28 °C,28.4 °C,0,0
2025-11-01 03:00:00,16.1 °C,20.7 °C,15.5 °C,5.9 °C,28 °C,28.4 °C,0,0
2025-11-01 03:30:00,16.5 °C,20.9 °C,15.7 °C,5.5 °C,28 °C,28.5 °C,0,0
2025-11-01 04:00:00,16.6 °C,20.9 °C,16.4 °C,5.9 °C,28 °C,28.4 °C,0,0
2025-11-01 04:30:00,16.8 °C,20.8 °C,16.2 °C,6.2 °C,28 °C,28.4 °C,0,0
2025-11-01 05:00:00,16.7 °C,20.3 °C,15.5 °C,6.5 °C,28 °C,28.3 °C,0,0
2025-11-01 05:30:00,16.5 °C,20.1 °C,15.7 °C,6.3 °C,28 °C,28.3 °C,0,0
2025-11-01 06:00:00,16.6 °C,19.8 °C,15.9 °C,6.7 °C,28 °C,28.3 °C,0,0
2025-11-01 06:30:00,16.0 °C,19.5 °C,16.2 °C,7.4 °C,28 °C,28.1 °C,0,0
2025-11-01 07:00:00,31.2 °C,20.7 °C,34.6 °C,7.8 °C,28 °C,28.0 °C,60,54
2025-11-01 07:30:00,28.8 °C,21.6 °C,32.8 °C,9.0 °C,28 °C,28.0 °C,62,53
2025-11-01 08:00:00,25.7 °C,21.6 °C,29.7 °C,9.8 °C,28 °C,28.0 °C,57,49
2025-11-01 08:30:00,25.9 °C,21.7 °C,29.6 °C,10.3 °C,28 °C,28.0 °C,59,48
2025-11-01 09:00:00,28.1 °C,21.5 °C,31.2 °C,9.4 °C,28 °C,28.0 °C,64,52
2025-11-01 09:30:00,31.0 °C,21.3 °C,33.6 °C,9.9 °C,28 °C,28.0 °C,59,52
2025-11-01 10:00:00,31.1 °C,21.9 °C,33.6 °C,11.0 °C,28 °C,28.0 °C,62,50
2025-11-01 10:30:00,29.1 °C,21.6 °C,31.2 °C,11.4 °C,28 °C,28.0 °C,59,47
2025-11-01 11:00:00,27.0 °C,21.1 °C,29.2 °C,12.1 °C,28 °C,28.0 °C,61,48
2025-11-01 11:30:00,27.2 °C,21.3 °C,29.0 °C,12.5 °C,28 °C,28.0 °C,58,49
2025-11-01 12:00:00,29.9 °C,21.2 °C,31.5 °C,13.1 °C,28 °C,28.0 °C,62,51
2025-11-01 12:30:00,32.5 °C,21.4 °C,33.9 °C,14.4 °C,28 °C,28.0 °C,56,43
2025-11-01 13:00:00,32.0 °C,21.8 °C,33.1 °C,15.1 °C,28 °C,28.0 °C,58,51
2025-11-01 13:30:00,29.0 °C,21.9 °C,30.0 °C,14.5 °C,28 °C,28.0 °C,60,46
2025-11-01 14:00:00,19.4 °C,21.0 °C,19.2 °C,13.6 °C,28 °C,28.0 °C,0,0
2025-11-01 14:30:00,19.5 °C,21.2 °C,20.1 °C,14.1 °C,28 °C,28.0 °C,0,0
2025-11-01 15:00:00,20.4 °C,21.8 °C,20.5 °C,14.9 °C,28 °C,28.0 °C,0,0
2025-11-01 15:30:00,20.5 °C,22.3 °C,20.3 °C,13.8 °C,28 °C,28.0 °C,0,0
2025-11-01 16:00:00,20.3 °C,22.1 °C,20.0 °C,13.7 °C,28 °C,28.0 °C,0,0
2025-11-01 16:30:00,20.9 °C,22.2 °C,20.3 °C,15.0 °C,28 °C,28.0 °C,0,0
2025-11-01 17:00:00,21.2 °C,22.5 °C,20.2 °C,14.5 °C,28 °C,28.0 °C,0,0
2025-11-01 17:30:00,21.5 °C,22.5 °C,21.0 °C,15.6 °C,28 °C,28.0 °C,0,0
2025-11-01 18:00:00,20.9 °C,22.3 °C,20.5 °C,14.5 °C,28 °C,28.0 °C,0,0
2025-11-01 18:30:00,20.5 °C,22.0 °C,20.7 °C,13.6 °C,28 °C,28.0 °C,0,0
2025-11-01 19:00:00,20.5 °C,21.9 °C,20.1 °C,12.6 °C,28 °C,28.0 °C,0,0
2025-11-01 19:30:00,19.4 °C,21.5 °C,19.8 °C,11.3 °C,28 °C,28.0 °C,0,0
2025-11-01 20:00:00,18.6 °C,21.7 °C,19.8 °C,9.8 °C,28 °C,28.0 °C,0,0
2025-11-01 20:30:00,19.0 °C,21.9 °C,19.6 °C,9.2 °C,28 °C,28.0 °C,0,0
2025-11-01 21:00:00,18.5 °C,21.7 °C,19.4 °C,8.8 °C,28 °C,28.0 °C,0,0
2025-11-01 21:30:00,18.4 °C,21.5 °C,19.1 °C,7.9 °C,28 °C,28.0 °C,0,0
2025-11-01 22:00:00,17.7 °C,21.2 °C,18.3 °C,7.2 °C,28 °C,28.2 °C,0,0
2025-11-01 22:30:00,17.8 °C,21.3 °C,18.9 °C,7.7 °C,28 °C,28.1 °C,0,0
2025-11-01 23:00:00,18.0 °C,21.2 °C,18.5 °C,7.8 °C,28 °C,28.0 °C,0,0
2025-11-01 23:30:00,17.6 °C,20.8 °C,17.7 °C,7.2 °C,28 °C,28.2 °C,0,0
2025-11-02 00:00:00,17.7 °C,21.5 °C,17.8 °C,6.8 °C,28 °C,28.2 °C,0,0
2025-11-02 00:30:00,17.1 °C,21.0 °C,17.1 °C,5.5 °C,28 °C,28.5 °C,0,0
2025-11-02 01:00:00,16.6 °C,20.6 °C,16.8 °C,5.4 °C,28 °C,28.5 °C,0,0
2025-11-02 01:30:00,16.7 °C,20.9 °C,16.6 °C,5.1 °C,28 °C,28.6 °C,0,0
2025-11-02 02:00:00,16.7 °C,21.0 °C,16.6 °C,4.8 °C,28 °C,28.6 °C,0,0
2025-11-02 02:30:00,16.5 °C,20.8 °C,16.0 °C,4.8 °C,28 °C,28.6 °C,0,0
2025-11-02 03:00:00,16.2 °C,20.6 °C,16.2 °C,4.7 °C,28 °C,28.7 °C,0,0
2025-11-02 03:30:00,15.7 °C,20.8 °C,16.3 °C,4.0 °C,28 °C,28.8 °C,0,0
2025-11-02 04:00:00,16.0 °C,20.9 °C,16.6 °C,5.3 °C,28 °C,28.5 °C,0,0
2025-11-02 04:30:00,16.3 °C,20.7 °C,16.6 °C,6.1 °C,28 °C,28.4 °C,0,0
2025-11-02 05:00:00,16.6 °C,20.9 °C,16.5 °C,6.1 °C,28 °C,28.4 °C,0,0
2025-11-02 05:30:00,16.3 °C,21.1 °C,16.1 °C,5.3 °C,28 °C,28.5 °C,0,0
2025-11-02 06:00:00,16.6 °C,21.4 °C,15.7 °C,4.4 °C,28 °C,28.7 °C,0,0
2025-11-02 06:30:00,17.2 °C,21.3 °C,16.0 °C,6.2 °C,28 °C,28.4 °C,0,0
2025-11-02 07:00:00,17.6 °C,21.5 °C,16.6 °C,6.7 °C,28 °C,28.3 °C,0,0
2025-11-02 07:30:00,17.5 °C,21.3 °C,17.2 °C,7.8 °C,28 °C,28.0 °C,0,0
2025-11-02 08:00:00,18.0 °C,21.4 °C,16.9 °C,7.8 °C,28 °C,28.0 °C,0,0
2025-11-02 08:30:00,18.3 °C,21.4 °C,17.3 °C,8.3 °C,28 °C,28.0 °C,0,0
2025-11-02 09:00:00,18.9 °C,21.6 °C,17.2 °C,8.8 °C,28 °C,28.0 °C,0,0
2025-11-02 09:30:00,18.9 °C,21.6 °C,17.8 °C,9.7 °C,28 °C,28.0 °C,0,0
2025-11-02 10:00:00,18.3 °C,21.1 °C,17.7 °C,10.4 °C,28 °C,28.0 °C,0,0
2025-11-02 10:30:00,17.9 °C,20.9 °C,17.4 °C,10.5 °C,28 °C,28.0 °C,0,0
2025-11-02 11:00:00,18.2 °C,20.9 °C,17.6 °C,10.5 °C,28 °C,28.0 °C,0,0
2025-11-02 11:30:00,18.2 °C,21.0 °C,18.3 °C,11.1 °C,28 °C,28.0 °C,0,0
2025-11-02 12:00:00,18.6 °C,21.2 °C,17.7 °C,10.7 °C,28 °C,28.0 °C,0,0
2025-11-02 12:30:00,18.5 °C,21.3 °C,18.2 °C,10.8 °C,28 °C,28.0 °C,0,0
2025-11-02 13:00:00,18.6 °C,21.1 °C,17.9 °C,11.3 °C,28 °C,28.0 °C,0,0
2025-11-02 13:30:00,19.0 °C,21.3 °C,18.8 °C,12.1 °C,28 °C,28.0 °C,0,0
2025-11-02 14:00:00,19.1 °C,21.0 °C,19.2 °C,13.4 °C,28 °C,28.0 °C,0,0
2025-11-02 14:30:00,19.2 °C,21.3 °C,19.0 °C,13.3 °C,28 °C,28.0 °C,0,0
2025-11-02 15:00:00,19.2 °C,21.6 °C,19.1 °C,13.4 °C,28 °C,28.0 °C,0,0
2025-11-02 15:30:00,19.4 °C,21.5 °C,18.8 °C,12.4 °C,28 °C,28.0 °C,0,0
2025-11-02 16:00:00,19.4 °C,21.3 °C,19.0 °C,12.7 °C,28 °C,28.0 °C,0,0
2025-11-02 16:30:00,18.6 °C,21.1 °C,18.8 °C,12.1 °C,28 °C,28.0 °C,0,0
2025-11-02 17:00:00,18.0 °C,20.8 °C,18.6 °C,11.8 °C,28 °C,28.0 °C,0,0
2025-11-02 17:30:00,18.1 °C,20.5 °C,18.2 °C,12.0 °C,28 °C,28.0 °C,0,0
2025-11-02 18:00:00,18.1 °C,20.5 °C,18.2 °C,12.1 °C,28 °C,28.0 °C,0,0
2025-11-02 18:30:00,17.2 °C,20.4 °C,17.8 °C,10.9 °C,28 °C,28.0 °C,0,0
2025-11-02 19:00:00,17.7 °C,20.0 °C,17.1 °C,11.0 °C,28 °C,28.0 °C,0,0
2025-11-02 19:30:00,16.9 °C,20.0 °C,17.0 °C,10.6 °C,28 °C,28.0 °C,0,0
2025-11-02 20:00:00,17.0 °C,20.1 °C,17.1 °C,10.9 °C,28 °C,28.0 °C,0,0
2025-11-02 20:30:00,17.1 °C,20.1 °C,17.6 °C,11.2 °C,28 °C,28.0 °C,0,0
2025-11-02 21:00:00,17.0 °C,19.9 °C,17.9 °C,11.5 °C,28 °C,28.0 °C,0,0
2025-11-02 21:30:00,16.5 °C,19.4 °C,17.1 °C,9.9 °C,28 °C,28.0 °C,0,0
2025-11-02 22:00:00,16.8 °C,19.8 °C,17.6 °C,9.5 °C,28 °C,28.0 °C,0,0
2025-11-02 22:30:00,16.5 °C,19.9 °C,17.2 °C,7.9 °C,28 °C,28.0 °C,0,0
2025-11-02 23:00:00,16.7 °C,20.1 °C,17.4 °C,8.2 °C,28 °C,28.0 °C,0,0
2025-11-02 23:30:00,17.0 °C,20.2 °C,17.0 °C,8.5 °C,28 °C,28.0 °C,0,0
2025-11-03 00:00:00,17.0 °C,20.4 °C,17.0 °C,8.3 °C,28 °C,28.0 °C,0,0
2025-11-03 00:30:00,16.5 °C,20.5 °C,16.7 °C,7.5 °C,28 °C,28.1 °C,0,0
2025-11-03 01:00:00,16.8 °C,20.6 °C,16.7 °C,7.4 °C,28 °C,28.1 °C,0,0
2025-11-03 01:30:00,17.2 °C,20.8 °C,16.5 °C,6.6 °C,28 °C,28.3 °C,0,0
2025-11-03 02:00:00,17.2 °C,21.0 °C,16.9 °C,6.3 °C,28 °C,28.3 °C,0,0
2025-11-03 02:30:00,17.4 °C,21.3 °C,17.4 °C,6.1 °C,28 °C,28.4 °C,0,0
2025-11-03 03:00:00,16.8 °C,21.1 °C,16.6 °C,4.8 °C,28 °C,28.6 °C,0,0
2025-11-03 03:30:00,16.3 °C,21.1 °C,16.1 °C,4.4 °C,28 °C,28.7 °C,0,0
2025-11-03 04:00:00,16.4 °C,20.7 °C,16.0 °C,5.9 °C,28 °C,28.4 °C,0,0
2025-11-03 04:30:00,16.5 °C,20.6 °C,16.3 °C,6.0 °C,28 °C,28.4 °C,0,0
2025-11-03 05:00:00,16.7 °C,20.5 °C,16.7 °C,6.3 °C,28 °C,28.3 °C,0,0
2025-11-03 05:30:00,17.3 °C,20.8 °C,16.5 °C,6.6 °C,28 °C,28.3 °C,0,0
2025-11-03 06:00:00,29.2 °C,21.6 °C,31.7 °C,6.7 °C,28 °C,28.3 °C,63,53
2025-11-03 06:30:00,31.6 °C,21.8 °C,34.8 °C,7.1 °C,28 °C,28.2 °C,64,53
2025-11-03 07:00:00,31.3 °C,21.7 °C,34.3 °C,7.4 °C,28 °C,28.1 °C,66,57
2025-11-03 07:30:00,28.8 °C,21.6 °C,31.9 °C,6.5 °C,28 °C,28.3 °C,64,54
2025-11-03 08:00:00,25.8 °C,21.4 °C,27.9 °C,7.7 °C,28 °C,28.1 °C,65,52
2025-11-03 08:30:00,25.6 °C,21.6 °C,27.7 °C,9.3 °C,28 °C,28.0 °C,58,49
2025-11-03 09:00:00,28.4 °C,21.5 °C,31.1 °C,9.2 °C,28 °C,28.0 °C,65,56
2025-11-03 09:30:00,31.1 °C,20.9 °C,33.8 °C,9.6 °C,28 °C,28.0 °C,63,49
2025-11-03 10:00:00,31.3 °C,21.2 °C,33.9 °C,11.1 °C,28 °C,28.0 °C,58,51
2025-11-03 10:30:00,29.2 °C,21.0 °C,32.6 °C,11.2 °C,28 °C,28.0 °C,63,55
2025-11-03 11:00:00,26.5 °C,21.1 °C,30.2 °C,12.0 °C,28 °C,28.0 °C,61,50
2025-11-03 11:30:00,25.9 °C,20.9 °C,29.8 °C,15.1 °C,28 °C,28.0 °C,57,45
2025-11-03 12:00:00,28.2 °C,21.0 °C,31.6 °C,15.6 °C,28 °C,28.0 °C,62,53
2025-11-03 12:30:00,30.6 °C,20.3 °C,32.6 °C,15.8 °C,28 °C,28.0 °C,62,52
2025-11-03 13:00:00,30.9 °C,20.4 °C,33.0 °C,16.4 °C,28 °C,28.0 °C,55,47
2025-11-03 13:30:00,28.6 °C,20.4 °C,30.7 °C,16.8 °C,28 °C,28.0 °C,53,44
2025-11-03 14:00:00,26.5 °C,20.2 °C,29.0 °C,16.3 °C,28 °C,28.0 °C,59,50
2025-11-03 14:30:00,25.6 °C,20.5 °C,28.1 °C,15.2 °C,28 °C,28.0 °C,58,46
2025-11-03 15:00:00,27.7 °C,20.6 °C,30.2 °C,15.5 °C,28 °C,28.0 °C,62,52
2025-11-03 15:30:00,30.1 °C,20.7 °C,32.6 °C,15.8 °C,28 °C,28.0 °C,58,49
2025-11-03 16:00:00,30.4 °C,20.6 °C,32.2 °C,15.3 °C,28 °C,28.0 °C,58,48
2025-11-03 16:30:00,28.8 °C,20.9 °C,29.7 °C,16.0 °C,28 °C,28.0 °C,65,57
2025-11-03 17:00:00,25.9 °C,20.9 °C,26.5 °C,16.4 °C,28 °C,28.0 °C,64,56
2025-11-03 17:30:00,25.6 °C,21.3 °C,25.8 °C,16.2 °C,28 °C,28.0 °C,55,44
2025-11-03 18:00:00,27.8 °C,21.7 °C,28.2 °C,15.4 °C,28 °C,28.0 °C,64,54
2025-11-03 18:30:00,30.0 °C,22.0 °C,29.7 °C,13.4 °C,28 °C,28.0 °C,65,54
2025-11-03 19:00:00,29.7 °C,22.2 °C,29.4 °C,12.7 °C,28 °C,28.0 °C,60,49
2025-11-03 19:30:00,27.3 °C,22.0 °C,28.2 °C,11.0 °C,28 °C,28.0 °C,59,46
2025-11-03 20:00:00,18.0 °C,21.1 °C,16.0 °C,9.1 °C,28 °C,28.0 °C,0,0
2025-11-03 20:30:00,18.1 °C,21.0 °C,16.0 °C,9.1 °C,28 °C,28.0 °C,0,0
2025-11-03 21:00:00,18.3 °C,21.2 °C,16.7 °C,9.3 °C,28 °C,28.0 °C,0,0
2025-11-03 21:30:00,17.6 °C,21.2 °C,16.3 °C,7.6 °C,28 °C,28.1 °C,0,0
2025-11-03 22:00:00,17.2 °C,21.1 °C,15.8 °C,7.0 °C,28 °C,28.2 °C,0,0
2025-11-03 22:30:00,17.3 °C,21.5 °C,15.8 °C,6.6 °C,28 °C,28.3 °C,0,0
2025-11-03 23:00:00,17.0 °C,21.3 °C,15.5 °C,6.0 °C,28 °C,28.4 °C,0,0
2025-11-03 23:30:00,16.7 °C,21.1 °C,15.1 °C,4.9 °C,28 °C,28.6 °C,0,0
2025-11-04 00:00:00,16.5 °C,21.0 °C,15.0 °C,5.3 °C,28 °C,28.5 °C,0,0
2025-11-04 00:30:00,16.2 °C,21.2 °C,14.5 °C,4.2 °C,28 °C,28.8 °C,0,0
2025-11-04 01:00:00,15.9 °C,21.2 °C,14.2 °C,2.8 °C,28 °C,29.0 °C,0,0
2025-11-04 01:30:00,15.5 °C,21.3 °C,14.6 °C,2.0 °C,28 °C,29.2 °C,0,0
2025-11-04 02:00:00,15.3 °C,21.3 °C,14.6 °C,2.5 °C,28 °C,29.1 °C,0,0
2025-11-04 02:30:00,15.1 °C,20.7 °C,13.9 °C,2.5 °C,28 °C,29.1 °C,0,0
2025-11-04 03:00:00,14.6 °C,20.5 °C,14.2 °C,2.2 °C,28 °C,29.2 °C,0,0
2025-11-04 03:30:00,14.9 °C,20.4 °C,15.1 °C,2.9 °C,28 °C,29.0 °C,0,0
2025-11-04 04:00:00,15.3 °C,20.5 °C,15.2 °C,3.4 °C,28 °C,28.9 °C,0,0
2025-11-04 04:30:00,15.2 °C,20.3 °C,14.8 °C,2.4 °C,28 °C,29.1 °C,0,0
2025-11-04 05:00:00,15.9 °C,20.1 °C,15.0 °C,3.2 °C,28 °C,29.0 °C,0,0
2025-11-04 05:30:00,16.6 °C,20.1 °C,15.7 °C,4.5 °C,28 °C,28.7 °C,0,0
2025-11-04 06:00:00,26.4 °C,21.4 °C,24.9 °C,5.0 °C,28 °C,28.6 °C,64,53
2025-11-04 06:30:00,28.6 °C,20.9 °C,28.0 °C,5.4 °C,28 °C,28.5 °C,74,65
2025-11-04 07:00:00,28.2 °C,20.3 °C,28.1 °C,7.2 °C,28 °C,28.2 °C,63,54
2025-11-04 07:30:00,25.3 °C,20.9 °C,24.8 °C,7.3 °C,28 °C,28.1 °C,65,54
2025-11-04 08:00:00,22.9 °C,20.6 °C,21.4 °C,7.8 °C,28 °C,28.0 °C,65,58
2025-11-04 08:30:00,22.9 °C,20.6 °C,21.3 °C,8.6 °C,28 °C,28.0 °C,59,49
2025-11-04 09:00:00,25.6 °C,20.3 °C,24.7 °C,9.3 °C,28 °C,28.0 °C,64,56
2025-11-04 09:30:00,28.5 °C,20.4 °C,28.4 °C,9.7 °C,28 °C,28.0 °C,62,50
2025-11-04 10:00:00,29.4 °C,20.5 °C,29.4 °C,10.4 °C,28 °C,28.0 °C,59,50
2025-11-04 10:30:00,27.2 °C,21.0 °C,27.2 °C,11.9 °C,28 °C,28.0 °C,61,50
2025-11-04 11:00:00,24.5 °C,21.3 °C,24.4 °C,12.9 °C,28 °C,28.0 °C,60,49
2025-11-04 11:30:00,24.8 °C,21.0 °C,25.1 °C,13.2 °C,28 °C,28.0 °C,60,53
2025-11-04 12:00:00,27.9 °C,20.6 °C,28.8 °C,13.0 °C,28 °C,28.0 °C,58,47
2025-11-04 12:30:00,29.9 °C,20.8 °C,30.8 °C,13.0 °C,28 °C,28.0 °C,60,49
2025-11-04 13:00:00,29.5 °C,20.8 °C,30.4 °C,13.9 °C,28 °C,28.0 °C,61,48
2025-11-04 13:30:00,26.6 °C,20.7 °C,28.0 °C,13.1 °C,28 °C,28.0 °C,58,46
2025-11-04 14:00:00,24.1 °C,21.1 °C,26.3 °C,14.8 °C,28 °C,28.0 °C,61,48
2025-11-04 14:30:00,24.4 °C,20.7 °C,26.4 °C,14.8 °C,28 °C,28.0 °C,54,47
2025-11-04 15:00:00,27.5 °C,20.7 °C,29.6 °C,13.9 °C,28 °C,28.0 °C,64,55
2025-11-04 15:30:00,30.4 °C,21.0 °C,32.0 °C,14.0 °C,28 °C,28.0 °C,56,48
2025-11-04 16:00:00,30.5 °C,20.7 °C,32.3 °C,13.4 °C,28 °C,28.0 °C,55,46
2025-11-04 16:30:00,28.1 °C,21.2 °C,29.4 °C,13.0 °C,28 °C,28.0 °C,59,47
2025-11-04 17:00:00,25.8 °C,21.0 °C,27.9 °C,11.9 °C,28 °C,28.0 °C,61,52
2025-11-04 17:30:00,26.0 °C,21.0 °C,28.5 °C,11.6 °C,28 °C,28.0 °C,59,49
2025-11-04 18:00:00,28.9 °C,20.9 °C,32.2 °C,10.1 °C,28 °C,28.0 °C,63,54
2025-11-04 18:30:00,31.2 °C,20.3 °C,34.1 °C,9.6 °C,28 °C,28.0 °C,60,45
2025-11-04 19:00:00,31.2 °C,20.3 °C,35.1 °C,8.8 °C,28 °C,28.0 °C,61,49
2025-11-04 19:30:00,28.6 °C,20.7 °C,32.4 °C,8.3 °C,28 °C,28.0 °C,63,51
2025-11-04 20:00:00,16.3 °C,19.6 °C,15.1 °C,7.6 °C,28 °C,28.1 °C,0,0
2025-11-04 20:30:00,16.3 °C,19.6 °C,14.8 °C,7.3 °C,28 °C,28.1 °C,0,0
2025-11-04 21:00:00,16.2 °C,19.6 °C,14.6 °C,7.6 °C,28 °C,28.1 °C,0,0
2025-11-04 21:30:00,16.2 °C,19.8 °C,15.4 °C,7.4 °C,28 °C,28.1 °C,0,0
2025-11-04 22:00:00,15.7 °C,19.8 °C,15.7 °C,7.7 °C,28 °C,28.1 °C,0,0
2025-11-04 22:30:00,15.8 °C,19.9 °C,15.8 °C,6.9 °C,28 °C,28.2 °C,0,0
2025-11-04 23:00:00,15.8 °C,20.0 °C,15.7 °C,6.7 °C,28 °C,28.3 °C,0,0
2025-11-04 23:30:00,15.6 °C,20.0 °C,15.3 °C,6.5 °C,28 °C,28.3 °C,0,0
2025-11-05 00:00:00,15.8 °C,20.5 °C,14.8 °C,6.6 °C,28 °C,28.3 °C,0,0
2025-11-05 00:30:00,15.3 °C,20.3 °C,14.5 °C,5.7 °C,28 °C,28.5 °C,0,0
2025-11-05 01:00:00,15.7 °C,20.5 °C,14.3 °C,5.9 °C,28 °C,28.4 °C,0,0
2025-11-05 01:30:00,15.8 °C,20.8 °C,14.5 °C,5.0 °C,28 °C,28.6 °C,0,0
2025-11-05 02:00:00,15.6 °C,20.8 °C,14.1 °C,4.5 °C,28 °C,28.7 °C,0,0
2025-11-05 02:30:00,15.2 °C,20.8 °C,14.4 °C,4.2 °C,28 °C,28.8 °C,0,0
2025-11-05 03:00:00,15.4 °C,20.9 °C,15.3 °C,4.5 °C,28 °C,28.7 °C,0,0
2025-11-05 03:30:00,15.0 °C,20.8 °C,16.0 °C,4.0 °C,28 °C,28.8 °C,0,0
2025-11-05 04:00:00,14.6 °C,20.4 °C,15.6 °C,3.6 °C,28 °C,28.9 °C,0,0
2025-11-05 04:30:00,14.8 °C,20.3 °C,15.5 °C,3.5 °C,28 °C,28.9 °C,0,0
2025-11-05 05:00:00,15.2 °C,20.8 °C,15.8 °C,4.0 °C,28 °C,28.8 °C,0,0
2025-11-05 05:30:00,15.8 °C,20.9 °C,15.6 °C,3.9 °C,28 °C,28.8 °C,0,0
2025-11-05 06:00:00,28.5 °C,21.8 °C,30.0 °C,4.6 °C,28 °C,28.7 °C,68,57
2025-11-05 06:30:00,30.2 °C,22.0 °C,32.0 °C,5.0 °C,28 °C,28.6 °C,75,62
2025-11-05 07:00:00,30.0 °C,22.0 °C,32.6 °C,6.1 °C,28 °C,28.4 °C,61,54
2025-11-05 07:30:00,27.7 °C,21.9 °C,30.0 °C,6.7 °C,28 °C,28.3 °C,64,49
2025-11-05 08:00:00,24.9 °C,21.8 °C,27.5 °C,8.4 °C,28 °C,28.0 °C,67,57
2025-11-05 08:30:00,25.5 °C,21.9 °C,28.4 °C,9.1 °C,28 °C,28.0 °C,60,50
2025-11-05 09:00:00,28.5 °C,21.8 °C,31.3 °C,8.9 °C,28 °C,28.0 °C,63,53
2025-11-05 09:30:00,31.2 °C,21.7 °C,34.8 °C,9.4 °C,28 °C,28.0 °C,58,49
2025-11-05 10:00:00,30.4 °C,21.9 °C,33.4 °C,10.0 °C,28 °C,28.0 °C,56,46
2025-11-05 10:30:00,28.5 °C,21.8 °C,31.5 °C,10.1 °C,28 °C,28.0 °C,59,49
2025-11-05 11:00:00,25.9 °C,22.0 °C,29.0 °C,11.6 °C,28 °C,28.0 °C,63,53
2025-11-05 11:30:00,26.6 °C,22.1 °C,29.0 °C,11.9 °C,28 °C,28.0 °C,58,49
2025-11-05 12:00:00,28.7 °C,22.0 °C,31.6 °C,12.0 °C,28 °C,28.0 °C,60,44
2025-11-05 12:30:00,31.0 °C,21.9 °C,33.8 °C,12.5 °C,28 °C,28.0 °C,59,49
2025-11-05 13:00:00,30.9 °C,21.6 °C,33.9 °C,12.4 °C,28 °C,28.0 °C,62,54
2025-11-05 13:30:00,28.1 °C,21.3 °C,31.7 °C,13.3 °C,28 °C,28.0 °C,55,44
2025-11-05 14:00:00,25.0 °C,21.5 °C,28.6 °C,14.0 °C,28 °C,28.0 °C,60,51
2025-11-05 14:30:00,24.1 °C,21.7 °C,27.6 °C,14.1 °C,28 °C,28.0 °C,59,51
2025-11-05 15:00:00,27.9 °C,21.4 °C,31.2 °C,14.5 °C,28 °C,28.0 °C,58,48
2025-11-05 15:30:00,29.6 °C,21.5 °C,32.3 °C,14.1 °C,28 °C,28.0 °C,64,54
2025-11-05 16:00:00,29.0 °C,21.6 °C,31.5 °C,13.0 °C,28 °C,28.0 °C,55,42
2025-11-05 16:30:00,27.0 °C,21.9 °C,29.3 °C,12.7 °C,28 °C,28.0 °C,61,51
2025-11-05 17:00:00,24.1 °C,22.4 °C,26.4 °C,12.2 °C,28 °C,28.0 °C,62,53
2025-11-05 17:30:00,23.6 °C,22.5 °C,26.6 °C,10.8 °C,28 °C,28.0 °C,59,48
2025-11-05 18:00:00,25.1 °C,22.2 °C,28.4 °C,10.0 °C,28 °C,28.0 °C,66,55
2025-11-05 18:30:00,27.9 °C,22.3 °C,30.8 °C,9.1 °C,28 °C,28.0 °C,63,54
2025-11-05 19:00:00,27.7 °C,22.0 °C,30.6 °C,8.2 °C,28 °C,28.0 °C,61,52
2025-11-05 19:30:00,25.8 °C,22.5 °C,29.3 °C,8.8 °C,28 °C,28.0 °C,64,55
2025-11-05 20:00:00,17.7 °C,21.3 °C,17.2 °C,8.8 °C,28 °C,28.0 °C,0,0
2025-11-05 20:30:00,17.8 °C,21.3 °C,18.1 °C,9.0 °C,28 °C,28.0 °C,0,0
2025-11-05 21:00:00,17.4 °C,21.3 °C,17.9 °C,8.8 °C,28 °C,28.0 °C,0,0
2025-11-05 21:30:00,16.7 °C,21.1 °C,17.5 °C,8.9 °C,28 °C,28.0 °C,0,0
2025-11-05 22:00:00,16.8 °C,21.0 °C,17.0 °C,8.3 °C,28 °C,28.0 °C,0,0
2025-11-05 22:30:00,17.0 °C,21.3 °C,17.3 °C,8.7 °C,28 °C,28.0 °C,0,0
2025-11-05 23:00:00,17.0 °C,21.4 °C,17.2 °C,7.3 °C,28 °C,28.1 °C,0,0
2025-11-05 23:30:00,16.7 °C,21.3 °C,16.9 °C,6.7 °C,28 °C,28.3 °C,0,0
2025-11-06 00:00:00,16.6 °C,21.7 °C,16.5 °C,5.5 °C,28 °C,28.5 °C,0,0
2025-11-06 00:30:00,16.7 °C,21.6 °C,15.9 °C,5.9 °C,28 °C,28.4 °C,0,0
2025-11-06 01:00:00,16.6 °C,21.7 °C,15.8 °C,5.8 °C,28 °C,28.4 °C,0,0
2025-11-06 01:30:00,16.1 °C,21.2 °C,15.5 °C,6.2 °C,28 °C,28.4 °C,0,0
2025-11-06 02:00:00,15.3 °C,20.9 °C,15.1 °C,5.0 °C,28 °C,28.6 °C,0,0
2025-11-06 02:30:00,15.1 °C,21.0 °C,15.3 °C,4.5 °C,28 °C,28.7 °C,0,0
2025-11-06 03:00:00,14.9 °C,21.1 °C,15.5 °C,3.4 °C,28 °C,28.9 °C,0,0
2025-11-06 03:30:00,15.8 °C,21.6 °C,15.7 °C,3.8 °C,28 °C,28.8 °C,0,0
2025-11-06 04:00:00,15.4 °C,21.3 °C,15.6 °C,3.8 °C,28 °C,28.8 °C,0,0
2025-11-06 04:30:00,15.8 °C,21.5 °C,16.0 °C,4.5 °C,28 °C,28.7 °C,0,0
2025-11-06 05:00:00,15.9 °C,21.3 °C,15.7 °C,4.8 °C,28 °C,28.6 °C,0,0
2025-11-06 05:30:00,15.6 °C,21.5 °C,15.9 °C,3.9 °C,28 °C,28.8 °C,0,0
2025-11-06 06:00:00,28.0 °C,22.5 °C,30.6 °C,3.5 °C,28 °C,28.9 °C,71,61
2025-11-06 06:30:00,29.9 °C,22.4 °C,32.9 °C,4.2 °C,28 °C,28.8 °C,71,64
2025-11-06 07:00:00,29.4 °C,22.2 °C,32.6 °C,5.2 °C,28 °C,28.6 °C,61,48
2025-11-06 07:30:00,27.6 °C,22.0 °C,30.6 °C,4.6 °C,28 °C,28.7 °C,72,66
2025-11-06 08:00:00,26.1 °C,21.7 °C,29.6 °C,5.4 °C,28 °C,28.5 °C,69,66
2025-11-06 08:30:00,25.8 °C,21.8 °C,31.2 °C,5.6 °C,28 °C,28.5 °C,69,58
2025-11-06 09:00:00,28.3 °C,21.1 °C,32.8 °C,5.8 °C,28 °C,28.4 °C,69,62
2025-11-06 09:30:00,30.7 °C,21.0 °C,34.9 °C,6.4 °C,28 °C,28.3 °C,63,54
2025-11-06 10:00:00,30.3 °C,21.3 °C,33.6 °C,7.3 °C,28 °C,28.1 °C,65,57
2025-11-06 10:30:00,28.4 °C,21.6 °C,31.8 °C,7.8 °C,28 °C,28.0 °C,64,53
2025-11-06 11:00:00,26.9 °C,21.2 °C,30.3 °C,7.4 °C,28 °C,28.1 °C,61,49
2025-11-06 11:30:00,26.4 °C,21.4 °C,30.6 °C,8.4 °C,28 °C,28.0 °C,67,56
2025-11-06 12:00:00,29.4 °C,21.1 °C,33.3 °C,9.0 °C,28 °C,28.0 °C,68,57
2025-11-06 12:30:00,31.5 °C,21.1 °C,35.7 °C,9.1 °C,28 °C,28.0 °C,61,48
2025-11-06 13:00:00,31.0 °C,21.3 °C,33.9 °C,9.6 °C,28 °C,28.0 °C,62,51
2025-11-06 13:30:00,28.5 °C,21.1 °C,31.4 °C,10.0 °C,28 °C,28.0 °C,60,52
2025-11-06 14:00:00,26.3 °C,21.5 °C,28.7 °C,10.6 °C,28 °C,28.0 °C,59,52
2025-11-06 14:30:00,26.2 °C,21.6 °C,28.8 °C,10.8 °C,28 °C,28.0 °C,59,47
2025-11-06 15:00:00,28.9 °C,21.7 °C,32.0 °C,11.2 °C,28 °C,28.0 °C,57,51
2025-11-06 15:30:00,31.3 °C,22.0 °C,34.0 °C,11.4 °C,28 °C,28.0 °C,61,49
2025-11-06 16:00:00,31.8 °C,22.2 °C,34.7 °C,12.0 °C,28 °C,28.0 °C,58,46
2025-11-06 16:30:00,29.4 °C,22.4 °C,32.1 °C,12.9 °C,28 °C,28.0 °C,62,48
2025-11-06 17:00:00,27.5 °C,22.1 °C,30.1 °C,12.7 °C,28 °C,28.0 °C,59,45
2025-11-06 17:30:00,26.9 °C,21.8 °C,29.7 °C,12.0 °C,28 °C,28.0 °C,57,49
2025-11-06 18:00:00,29.1 °C,21.7 °C,31.3 °C,10.8 °C,28 °C,28.0 °C,58,47
2025-11-06 18:30:00,31.4 °C,21.8 °C,33.1 °C,10.9 °C,28 °C,28.0 °C,61,51
2025-11-06 19:00:00,31.0 °C,21.5 °C,33.1 °C,10.0 °C,28 °C,28.0 °C,59,48
2025-11-06 19:30:00,28.1 °C,21.7 °C,29.9 °C,11.0 °C,28 °C,28.0 °C,57,45
2025-11-06 20:00:00,17.7 °C,20.9 °C,18.2 °C,12.1 °C,28 °C,28.0 °C,0,0
2025-11-06 20:30:00,17.1 °C,20.8 °C,18.7 °C,11.2 °C,28 °C,28.0 °C,0,0
2025-11-06 21:00:00,16.4 °C,20.8 °C,18.1 °C,9.5 °C,28 °C,28.0 °C,0,0
2025-11-06 21:30:00,16.1 °C,20.8 °C,18.1 °C,9.3 °C,28 °C,28.0 °C,0,0
2025-11-06 22:00:00,16.8 °C,20.9 °C,18.6 °C,9.9 °C,28 °C,28.0 °C,0,0
2025-11-06 22:30:00,16.8 °C,21.1 °C,18.4 °C,8.4 °C,28 °C,28.0 °C,0,0
2025-11-06 23:00:00,17.3 °C,21.8 °C,18.9 °C,8.9 °C,28 °C,28.0 °C,0,0
2025-11-06 23:30:00,17.1 °C,21.7 °C,18.3 °C,7.1 °C,28 °C,28.2 °C,0,0
2025-11-07 00:00:00,16.5 °C,21.5 °C,17.5 °C,5.5 °C,28 °C,28.5 °C,0,0
2025-11-07 00:30:00,16.4 °C,20.9 °C,17.0 °C,5.3 °C,28 °C,28.5 °C,0,0
2025-11-07 01:00:00,16.4 °C,20.6 °C,16.4 °C,5.6 °C,28 °C,28.5 °C,0,0
2025-11-07 01:30:00,16.3 °C,20.4 °C,16.1 °C,5.3 °C,28 °C,28.5 °C,0,0
2025-11-07 02:00:00,16.5 °C,20.6 °C,15.8 °C,5.3 °C,28 °C,28.5 °C,0,0
2025-11-07 02:30:00,16.3 °C,20.5 °C,15.9 °C,5.8 °C,28 °C,28.4 °C,0,0
2025-11-07 03:00:00,16.2 °C,20.7 °C,16.1 °C,6.4 °C,28 °C,28.3 °C,0,0
2025-11-07 03:30:00,16.0 °C,20.5 °C,16.0 °C,5.8 °C,28 °C,28.4 °C,0,0
2025-11-07 04:00:00,16.0 °C,20.6 °C,15.5 °C,5.3 °C,28 °C,28.5 °C,0,0
2025-11-07 04:30:00,17.0 °C,20.9 °C,15.7 °C,6.0 °C,28 °C,28.4 °C,0,0
2025-11-07 05:00:00,17.2 °C,20.8 °C,15.5 °C,6.5 °C,28 °C,28.3 °C,0,0
2025-11-07 05:30:00,17.1 °C,20.9 °C,15.8 °C,7.0 °C,28 °C,28.2 °C,0,0
2025-11-07 06:00:00,28.5 °C,21.7 °C,31.6 °C,6.8 °C,28 °C,28.2 °C,62,50
2025-11-07 06:30:00,31.1 °C,21.4 °C,33.3 °C,7.6 °C,28 °C,28.1 °C,62,49
2025-11-07 07:00:00,30.7 °C,21.5 °C,33.1 °C,7.3 °C,28 °C,28.1 °C,62,51
2025-11-07 07:30:00,28.1 °C,21.7 °C,30.5 °C,7.9 °C,28 °C,28.0 °C,67,55
2025-11-07 08:00:00,25.9 °C,21.8 °C,28.9 °C,8.4 °C,28 °C,28.0 °C,65,54
2025-11-07 08:30:00,25.5 °C,22.0 °C,28.3 °C,9.0 °C,28 °C,28.0 °C,60,48
2025-11-07 09:00:00,28.4 °C,21.9 °C,31.1 °C,10.0 °C,28 °C,28.0 °C,60,47
2025-11-07 09:30:00,30.7 °C,21.9 °C,33.4 °C,9.9 °C,28 °C,28.0 °C,61,52
2025-11-07 10:00:00,31.0 °C,21.8 °C,33.5 °C,10.8 °C,28 °C,28.0 °C,62,53
2025-11-07 10:30:00,28.4 °C,21.9 °C,31.1 °C,11.3 °C,28 °C,28.0 °C,64,52
2025-11-07 11:00:00,25.7 °C,21.8 °C,28.5 °C,11.3 °C,28 °C,28.0 °C,61,54
2025-11-07 11:30:00,25.4 °C,21.8 °C,28.4 °C,11.0 °C,28 °C,28.0 °C,60,48
2025-11-07 12:00:00,28.6 °C,21.6 °C,31.3 °C,12.7 °C,28 °C,28.0 °C,62,53
2025-11-07 12:30:00,30.8 °C,21.4 °C,33.7 °C,13.0 °C,28 °C,28.0 °C,60,44
2025-11-07 13:00:00,32.0 °C,21.2 °C,35.2 °C,13.0 °C,28 °C,28.0 °C,62,51
2025-11-07 13:30:00,29.5 °C,21.3 °C,32.4 °C,12.6 °C,28 °C,28.0 °C,60,46
2025-11-07 14:00:00,26.6 °C,21.4 °C,29.3 °C,13.5 °C,28 °C,28.0 °C,64,52
2025-11-07 14:30:00,25.8 °C,21.3 °C,28.4 °C,14.2 °C,28 °C,28.0 °C,64,55
2025-11-07 15:00:00,28.7 °C,21.5 °C,30.6 °C,14.6 °C,28 °C,28.0 °C,60,50
2025-11-07 15:30:00,31.0 °C,21.9 °C,32.7 °C,14.5 °C,28 °C,28.0 °C,67,55
2025-11-07 16:00:00,31.3 °C,21.7 °C,33.4 °C,14.7 °C,28 °C,28.0 °C,61,51
2025-11-07 16:30:00,29.7 °C,21.5 °C,32.2 °C,13.9 °C,28 °C,28.0 °C,62,52
2025-11-07 17:00:00,27.4 °C,21.7 °C,30.0 °C,13.7 °C,28 °C,28.0 °C,65,53
2025-11-07 17:30:00,27.3 °C,21.7 °C,29.4 °C,13.2 °C,28 °C,28.0 °C,66,57
2025-11-07 18:00:00,30.1 °C,21.7 °C,32.6 °C,12.9 °C,28 °C,28.0 °C,64,54
2025-11-07 18:30:00,32.6 °C,21.9 °C,36.0 °C,11.3 °C,28 °C,28.0 °C,61,50
2025-11-07 19:00:00,31.9 °C,21.8 °C,35.4 °C,12.0 °C,28 °C,28.0 °C,59,53
2025-11-07 19:30:00,29.8 °C,21.9 °C,33.3 °C,12.4 °C,28 °C,28.0 °C,61,50
2025-11-07 20:00:00,18.9 °C,21.0 °C,18.0 °C,10.9 °C,28 °C,28.0 °C,0,0
2025-11-07 20:30:00,19.2 °C,21.8 °C,18.2 °C,10.6 °C,28 °C,28.0 °C,0,0
2025-11-07 21:00:00,18.8 °C,21.7 °C,17.5 °C,9.0 °C,28 °C,28.0 °C,0,0
2025-11-07 21:30:00,18.5 °C,21.8 °C,17.1 °C,8.5 °C,28 °C,28.0 °C,0,0
2025-11-07 22:00:00,17.9 °C,21.7 °C,16.3 °C,6.6 °C,28 °C,28.3 °C,0,0
2025-11-07 22:30:00,17.6 °C,21.7 °C,16.4 °C,6.0 °C,28 °C,28.4 °C,0,0
2025-11-07 23:00:00,17.2 °C,21.6 °C,15.3 °C,5.3 °C,28 °C,28.5 °C,0,0
2025-11-07 23:30:00,17.2 °C,21.7 °C,15.6 °C,5.6 °C,28 °C,28.5 °C,0,0
2025-11-08 00:00:00,16.8 °C,21.6 °C,15.7 °C,6.1 °C,28 °C,28.4 °C,0,0
2025-11-08 00:30:00,16.7 °C,21.6 °C,16.0 °C,6.7 °C,28 °C,28.3 °C,0,0
2025-11-08 01:00:00,16.8 °C,21.3 °C,15.5 °C,6.9 °C,28 °C,28.2 °C,0,0
2025-11-08 01:30:00,16.3 °C,21.1 °C,15.6 °C,6.5 °C,28 °C,28.3 °C,0,0
2025-11-08 02:00:00,15.8 °C,20.6 °C,15.6 °C,6.3 °C,28 °C,28.3 °C,0,0
2025-11-08 02:30:00,16.1 °C,20.7 °C,16.1 °C,6.3 °C,28 °C,28.3 °C,0,0
2025-11-08 03:00:00,16.1 °C,20.6 °C,15.5 °C,5.3 °C,28 °C,28.5 °C,0,0
2025-11-08 03:30:00,16.4 °C,21.1 °C,16.2 °C,5.9 °C,28 °C,28.4 °C,0,0
2025-11-08 04:00:00,15.8 °C,21.0 °C,16.0 °C,6.3 °C,28 °C,28.3 °C,0,0
2025-11-08 04:30:00,16.0 °C,21.3 °C,16.1 °C,6.8 °C,28 °C,28.2 °C,0,0
2025-11-08 05:00:00,15.9 °C,21.5 °C,15.6 °C,5.4 °C,28 °C,28.5 °C,0,0
2025-11-08 05:30:00,16.3 °C,21.4 °C,15.9 °C,6.0 °C,28 °C,28.4 °C,0,0
2025-11-08 06:00:00,16.1 °C,21.1 °C,16.3 °C,6.9 °C,28 °C,28.2 °C,0,0
2025-11-08 06:30:00,15.8 °C,21.1 °C,16.8 °C,7.2 °C,28 °C,28.2 °C,0,0
2025-11-08 07:00:00,30.8 °C,22.2 °C,32.1 °C,7.3 °C,28 °C,28.1 °C,62,52
2025-11-08 07:30:00,28.6 °C,22.7 °C,29.4 °C,6.9 °C,28 °C,28.2 °C,69,63
2025-11-08 08:00:00,26.7 °C,22.3 °C,26.9 °C,6.6 °C,28 °C,28.3 °C,65,55
2025-11-08 08:30:00,26.0 °C,22.3 °C,26.3 °C,7.4 °C,28 °C,28.1 °C,61,51
2025-11-08 09:00:00,27.8 °C,22.1 °C,27.5 °C,7.9 °C,28 °C,28.0 °C,68,61
2025-11-08 09:30:00,29.8 °C,21.9 °C,29.6 °C,8.4 °C,28 °C,28.0 °C,65,56
2025-11-08 10:00:00,30.6 °C,22.3 °C,30.7 °C,10.0 °C,28 °C,28.0 °C,58,49
2025-11-08 10:30:00,27.9 °C,22.1 °C,28.4 °C,9.8 °C,28 °C,28.0 °C,60,46
2025-11-08 11:00:00,25.0 °C,21.6 °C,25.6 °C,10.2 °C,28 °C,28.0 °C,60,50
2025-11-08 11:30:00,25.2 °C,21.7 °C,25.3 °C,11.8 °C,28 °C,28.0 °C,57,46
2025-11-08 12:00:00,26.6 °C,21.8 °C,26.7 °C,12.0 °C,28 °C,28.0 °C,58,46
2025-11-08 12:30:00,28.8 °C,21.7 °C,29.2 °C,12.5 °C,28 °C,28.0 °C,60,49
2025-11-08 13:00:00,29.5 °C,21.5 °C,30.4 °C,12.7 °C,28 °C,28.0 °C,63,52
2025-11-08 13:30:00,26.8 °C,21.6 °C,27.7 °C,13.4 °C,28 °C,28.0 °C,63,54
2025-11-08 14:00:00,18.5 °C,20.3 °C,19.4 °C,12.3 °C,28 °C,28.0 °C,0,0
2025-11-08 14:30:00,18.7 °C,20.5 °C,19.2 °C,12.4 °C,28 °C,28.0 °C,0,0
2025-11-08 15:00:00,19.3 °C,20.4 °C,19.5 °C,12.5 °C,28 °C,28.0 °C,0,0
2025-11-08 15:30:00,19.5 °C,20.8 °C,19.4 °C,12.0 °C,28 °C,28.0 °C,0,0
2025-11-08 16:00:00,19.6 °C,20.9 °C,19.2 °C,12.2 °C,28 °C,28.0 °C,0,0
2025-11-08 16:30:00,19.4 °C,20.9 °C,18.6 °C,12.6 °C,28 °C,28.0 °C,0,0
2025-11-08 17:00:00,19.0 °C,20.8 °C,18.5 °C,12.6 °C,28 °C,28.0 °C,0,0
2025-11-08 17:30:00,19.0 °C,20.3 °C,18.0 °C,13.4 °C,28 °C,28.0 °C,0,0
2025-11-08 18:00:00,18.2 °C,20.3 °C,17.5 °C,12.6 °C,28 °C,28.0 °C,0,0
2025-11-08 18:30:00,18.6 °C,20.3 °C,17.7 °C,12.4 °C,28 °C,28.0 °C,0,0
2025-11-08 19:00:00,17.9 °C,20.4 °C,17.2 °C,12.1 °C,28 °C,28.0 °C,0,0
2025-11-08 19:30:00,17.4 °C,20.4 °C,17.4 °C,11.3 °C,28 °C,28.0 °C,0,0
2025-11-08 20:00:00,18.0 °C,20.8 °C,18.5 °C,11.4 °C,28 °C,28.0 °C,0,0
2025-11-08 20:30:00,17.8 °C,20.7 °C,18.1 °C,10.8 °C,28 °C,28.0 °C,0,0
2025-11-08 21:00:00,17.2 °C,20.5 °C,17.8 °C,9.4 °C,28 °C,28.0 °C,0,0
2025-11-08 21:30:00,16.7 °C,20.1 °C,17.0 °C,9.2 °C,28 °C,28.0 °C,0,0
2025-11-08 22:00:00,16.4 °C,20.1 °C,16.8 °C,8.2 °C,28 °C,28.0 °C,0,0
2025-11-08 22:30:00,16.2 °C,19.9 °C,16.5 °C,7.4 °C,28 °C,28.1 °C,0,0
2025-11-08 23:00:00,15.6 °C,19.7 °C,17.0 °C,6.7 °C,28 °C,28.3 °C,0,0
2025-11-08 23:30:00,15.6 °C,19.7 °C,16.8 °C,6.6 °C,28 °C,28.3 °C,0,0
2025-11-09 00:00:00,15.9 °C,20.1 °C,17.1 °C,6.6 °C,28 °C,28.3 °C,0,0
2025-11-09 00:30:00,15.8 °C,20.4 °C,17.0 °C,6.0 °C,28 °C,28.4 °C,0,0
2025-11-09 01:00:00,15.7 °C,20.1 °C,16.4 °C,5.4 °C,28 °C,28.5 °C,0,0
2025-11-09 01:30:00,15.4 °C,20.2 °C,15.9 °C,3.9 °C,28 °C,28.8 °C,0,0
2025-11-09 02:00:00,15.3 °C,20.4 °C,15.7 °C,3.3 °C,28 °C,28.9 °C,0,0
2025-11-09 02:30:00,14.8 °C,20.5 °C,15.4 °C,2.7 °C,28 °C,29.1 °C,0,0
2025-11-09 03:00:00,15.5 °C,21.0 °C,15.9 °C,3.0 °C,28 °C,29.0 °C,0,0
2025-11-09 03:30:00,15.1 °C,20.7 °C,15.4 °C,3.1 °C,28 °C,29.0 °C,0,0
2025-11-09 04:00:00,15.4 °C,20.5 °C,15.0 °C,2.8 °C,28 °C,29.0 °C,0,0
2025-11-09 04:30:00,15.2 °C,20.3 °C,15.6 °C,3.2 °C,28 °C,29.0 °C,0,0
2025-11-09 05:00:00,15.4 °C,20.5 °C,15.8 °C,3.6 °C,28 °C,28.9 °C,0,0
2025-11-09 05:30:00,14.8 °C,19.8 °C,15.2 °C,2.5 °C,28 °C,29.1 °C,0,0
2025-11-09 06:00:00,15.2 °C,19.9 °C,15.6 °C,3.8 °C,28 °C,28.8 °C,0,0
2025-11-09 06:30:00,15.3 °C,19.5 °C,15.9 °C,5.0 °C,28 °C,28.6 °C,0,0
2025-11-09 07:00:00,15.5 °C,19.6 °C,16.0 °C,5.4 °C,28 °C,28.5 °C,0,0
2025-11-09 07:30:00,16.6 °C,20.3 °C,15.8 °C,6.3 °C,28 °C,28.3 °C,0,0
2025-11-09 08:00:00,16.9 °C,20.5 °C,16.1 °C,6.7 °C,28 °C,28.3 °C,0,0
2025-11-09 08:30:00,16.6 °C,20.3 °C,15.6 °C,6.4 °C,28 °C,28.3 °C,0,0
2025-11-09 09:00:00,17.2 °C,20.2 °C,16.1 °C,8.4 °C,28 °C,28.0 °C,0,0
2025-11-09 09:30:00,17.6 °C,20.1 °C,16.6 °C,9.5 °C,28 °C,28.0 °C,0,0
2025-11-09 10:00:00,18.2 °C,20.4 °C,17.8 °C,10.6 °C,28 °C,28.0 °C,0,0
2025-11-09 10:30:00,17.9 °C,19.9 °C,17.1 °C,10.9 °C,28 °C,28.0 °C,0,0
2025-11-09 11:00:00,17.8 °C,19.9 °C,17.3 °C,12.0 °C,28 °C,28.0 °C,0,0
2025-11-09 11:30:00,17.9 °C,19.8 °C,17.2 °C,11.6 °C,28 °C,28.0 °C,0,0
2025-11-09 12:00:00,17.9 °C,19.6 °C,17.1 °C,11.9 °C,28 °C,28.0 °C,0,0
2025-11-09 12:30:00,18.3 °C,20.2 °C,17.8 °C,12.7 °C,28 °C,28.0 °C,0,0
2025-11-09 13:00:00,18.1 °C,19.8 °C,17.7 °C,12.6 °C,28 °C,28.0 °C,0,0
2025-11-09 13:30:00,18.5 °C,19.6 °C,17.7 °C,13.4 °C,28 °C,28.0 °C,0,0
2025-11-09 14:00:00,19.1 °C,20.1 °C,18.1 °C,13.7 °C,28 °C,28.0 °C,0,0
2025-11-09 14:30:00,19.6 °C,20.2 °C,18.3 °C,13.9 °C,28 °C,28.0 °C,0,0
2025-11-09 15:00:00,19.5 °C,20.2 °C,17.9 °C,13.4 °C,28 °C,28.0 °C,0,0
2025-11-09 15:30:00,18.9 °C,20.1 °C,17.8 °C,13.6 °C,28 °C,28.0 °C,0,0
2025-11-09 16:00:00,19.5 °C,20.2 °C,18.1 °C,14.6 °C,28 °C,28.0 °C,0,0
2025-11-09 16:30:00,18.8 °C,20.1 °C,17.9 °C,14.3 °C,28 °C,28.0 °C,0,0
2025-11-09 17:00:00,19.0 °C,20.0 °C,17.5 °C,14.2 °C,28 °C,28.0 °C,0,0
2025-11-09 17:30:00,19.0 °C,19.7 °C,17.1 °C,14.2 °C,28 °C,28.0 °C,0,0
2025-11-09 18:00:00,19.0 °C,19.9 °C,16.9 °C,12.9 °C,28 °C,28.0 °C,0,0
2025-11-09 18:30:00,18.7 °C,19.8 °C,17.1 °C,12.3 °C,28 °C,28.0 °C,0,0
2025-11-09 19:00:00,18.5 °C,19.8 °C,17.1 °C,11.6 °C,28 °C,28.0 °C,0,0
2025-11-09 19:30:00,18.3 °C,20.1 °C,16.4 °C,9.7 °C,28 °C,28.0 °C,0,0
2025-11-09 20:00:00,17.8 °C,20.0 °C,16.9 °C,9.7 °C,28 °C,28.0 °C,0,0
2025-11-09 20:30:00,17.4 °C,20.1 °C,16.5 °C,8.6 °C,28 °C,28.0 °C,0,0
2025-11-09 21:00:00,17.6 °C,20.5 °C,17.3 °C,8.4 °C,28 °C,28.0 °C,0,0
2025-11-09 21:30:00,17.2 °C,20.7 °C,17.0 °C,7.4 °C,28 °C,28.1 °C,0,0
2025-11-09 22:00:00,17.1 °C,20.5 °C,17.2 °C,8.1 °C,28 °C,28.0 °C,0,0
2025-11-09 22:30:00,16.7 °C,20.3 °C,16.6 °C,7.3 °C,28 °C,28.1 °C,0,0
2025-11-09 23:00:00,17.1 °C,20.3 °C,16.7 °C,7.9 °C,28 °C,28.0 °C,0,0
2025-11-09 23:30:00,17.3 °C,20.6 °C,17.0 °C,7.2 °C,28 °C,28.2 °C,0,0
2025-11-10 00:00:00,16.9 °C,20.4 °C,16.6 °C,6.4 °C,28 °C,28.3 °C,0,0
2025-11-10 00:30:00,16.9 °C,20.5 °C,17.0 °C,6.8 °C,28 °C,28.2 °C,0,0
2025-11-10 01:00:00,15.7 °C,20.3 °C,16.5 °C,5.7 °C,28 °C,28.5 °C,0,0
2025-11-10 01:30:00,16.0 °C,20.3 °C,16.3 °C,5.4 °C,28 °C,28.5 °C,0,0
2025-11-10 02:00:00,15.4 °C,20.0 °C,16.3 °C,5.4 °C,28 °C,28.5 °C,0,0
2025-11-10 02:30:00,15.6 °C,20.1 °C,16.3 °C,5.4 °C,28 °C,28.5 °C,0,0
2025-11-10 03:00:00,15.7 °C,20.2 °C,16.0 °C,5.3 °C,28 °C,28.5 °C,0,0
2025-11-10 03:30:00,16.2 °C,20.6 °C,16.0 °C,5.1 °C,28 °C,28.6 °C,0,0
2025-11-10 04:00:00,16.2 °C,20.7 °C,16.3 °C,5.6 °C,28 °C,28.5 °C,0,0
2025-11-10 04:30:00,16.2 °C,20.5 °C,15.6 °C,5.8 °C,28 °C,28.4 °C,0,0
2025-11-10 05:00:00,17.1 °C,20.9 °C,16.2 °C,6.5 °C,28 °C,28.3 °C,0,0
2025-11-10 05:30:00,17.2 °C,20.9 °C,16.0 °C,6.8 °C,28 °C,28.2 °C,0,0
2025-11-10 06:00:00,28.5 °C,21.9 °C,31.2 °C,7.4 °C,28 °C,28.1 °C,66,54
2025-11-10 06:30:00,30.8 °C,21.8 °C,33.1 °C,8.3 °C,28 °C,28.0 °C,61,52
2025-11-10 07:00:00,30.3 °C,21.8 °C,31.4 °C,8.4 °C,28 °C,28.0 °C,64,53
2025-11-10 07:30:00,28.2 °C,21.6 °C,29.7 °C,9.3 °C,28 °C,28.0 °C,62,52
2025-11-10 08:00:00,26.2 °C,21.6 °C,28.2 °C,9.5 °C,28 °C,28.0 °C,64,50
2025-11-10 08:30:00,26.5 °C,21.5 °C,27.9 °C,9.0 °C,28 °C,28.0 °C,64,55
2025-11-10 09:00:00,28.9 °C,21.6 °C,30.4 °C,9.3 °C,28 °C,28.0 °C,59,49
2025-11-10 09:30:00,31.1 °C,21.9 °C,33.2 °C,9.4 °C,28 °C,28.0 °C,60,54
2025-11-10 10:00:00,31.1 °C,22.1 °C,33.8 °C,10.1 °C,28 °C,28.0 °C,59,45
2025-11-10 10:30:00,28.5 °C,22.1 °C,31.5 °C,10.5 °C,28 °C,28.0 °C,63,52
2025-11-10 11:00:00,26.1 °C,21.6 °C,29.4 °C,11.0 °C,28 °C,28.0 °C,59,50
2025-11-10 11:30:00,26.4 °C,21.5 °C,30.0 °C,12.1 °C,28 °C,28.0 °C,61,53
2025-11-10 12:00:00,28.7 °C,21.1 °C,32.0 °C,13.3 °C,28 °C,28.0 °C,63,52
2025-11-10 12:30:00,30.3 °C,21.4 °C,33.0 °C,13.7 °C,28 °C,28.0 °C,60,53
2025-11-10 13:00:00,30.7 °C,21.4 °C,33.1 °C,14.5 °C,28 °C,28.0 °C,65,55
2025-11-10 13:30:00,28.4 °C,21.3 °C,31.3 °C,14.5 °C,28 °C,28.0 °C,58,49
2025-11-10 14:00:00,26.0 °C,21.2 °C,29.4 °C,13.5 °C,28 °C,28.0 °C,62,48
2025-11-10 14:30:00,25.5 °C,21.5 °C,28.8 °C,12.9 °C,28 °C,28.0 °C,61,52
2025-11-10 15:00:00,27.6 °C,21.6 °C,30.6 °C,12.8 °C,28 °C,28.0 °C,60,53
2025-11-10 15:30:00,29.7 °C,21.5 °C,33.6 °C,13.2 °C,28 °C,28.0 °C,54,42
2025-11-10 16:00:00,29.6 °C,21.6 °C,33.3 °C,13.0 °C,28 °C,28.0 °C,59,48
2025-11-10 16:30:00,27.0 °C,21.6 °C,30.9 °C,13.5 °C,28 °C,28.0 °C,55,42
2025-11-10 17:00:00,24.2 °C,21.6 °C,27.3 °C,14.2 °C,28 °C,28.0 °C,59,49
2025-11-10 17:30:00,25.2 °C,21.9 °C,28.2 °C,13.2 °C,28 °C,28.0 °C,60,49
2025-11-10 18:00:00,28.3 °C,22.2 °C,31.7 °C,14.0 °C,28 °C,28.0 °C,67,59
2025-11-10 18:30:00,30.8 °C,22.1 °C,33.4 °C,12.3 °C,28 °C,28.0 °C,62,52
2025-11-10 19:00:00,30.8 °C,21.9 °C,33.2 °C,12.8 °C,28 °C,28.0 °C,57,47
2025-11-10 19:30:00,29.0 °C,21.9 °C,31.7 °C,12.0 °C,28 °C,28.0 °C,61,50
2025-11-10 20:00:00,17.6 °C,20.8 °C,17.6 °C,11.2 °C,28 °C,28.0 °C,0,0
2025-11-10 20:30:00,17.9 °C,21.2 °C,17.8 °C,10.4 °C,28 °C,28.0 °C,0,0
2025-11-10 21:00:00,17.4 °C,21.5 °C,17.8 °C,9.2 °C,28 °C,28.0 °C,0,0
2025-11-10 21:30:00,17.2 °C,21.6 °C,17.9 °C,9.4 °C,28 °C,28.0 °C,0,0
2025-11-10 22:00:00,16.5 °C,21.2 °C,17.1 °C,8.3 °C,28 °C,28.0 °C,0,0
2025-11-10 22:30:00,16.2 °C,21.0 °C,16.3 °C,7.3 °C,28 °C,28.1 °C,0,0
2025-11-10 23:00:00,15.9 °C,20.9 °C,15.7 °C,5.9 °C,28 °C,28.4 °C,0,0
2025-11-10 23:30:00,15.3 °C,20.7 °C,15.1 °C,5.0 °C,28 °C,28.6 °C,0,0
2025-11-11 00:00:00,14.9 °C,20.6 °C,14.4 °C,4.0 °C,28 °C,28.8 °C,0,0
2025-11-11 00:30:00,14.9 °C,20.7 °C,14.4 °C,3.3 °C,28 °C,28.9 °C,0,0
2025-11-11 01:00:00,15.2 °C,20.8 °C,14.3 °C,3.0 °C,28 °C,29.0 °C,0,0
2025-11-11 01:30:00,15.5 °C,21.1 °C,14.4 °C,2.2 °C,28 °C,29.2 °C,0,0
2025-11-11 02:00:00,15.9 °C,21.1 °C,14.3 °C,3.1 °C,28 °C,29.0 °C,0,0
2025-11-11 02:30:00,15.3 °C,20.9 °C,14.5 °C,3.0 °C,28 °C,29.0 °C,0,0
2025-11-11 03:00:00,14.9 °C,20.6 °C,14.6 °C,3.3 °C,28 °C,28.9 °C,0,0
2025-11-11 03:30:00,15.5 °C,20.7 °C,14.7 °C,3.9 °C,28 °C,28.8 °C,0,0
2025-11-11 04:00:00,16.3 °C,20.6 °C,15.6 °C,5.2 °C,28 °C,28.6 °C,0,0
2025-11-11 04:30:00,16.4 °C,20.5 °C,15.7 °C,5.8 °C,28 °C,28.4 °C,0,0
2025-11-11 05:00:00,16.2 °C,20.4 °C,15.7 °C,5.8 °C,28 °C,28.4 °C,0,0
2025-11-11 05:30:00,15.7 °C,20.3 °C,15.0 °C,5.3 °C,28 °C,28.5 °C,0,0
2025-11-11 06:00:00,29.6 °C,21.4 °C,30.0 °C,5.8 °C,28 °C,28.4 °C,70,58
2025-11-11 06:30:00,32.1 °C,21.4 °C,32.3 °C,6.8 °C,28 °C,28.2 °C,69,59
2025-11-11 07:00:00,31.7 °C,21.8 °C,31.7 °C,7.3 °C,28 °C,28.1 °C,67,58
2025-11-11 07:30:00,29.8 °C,21.5 °C,29.3 °C,7.7 °C,28 °C,28.1 °C,67,54
2025-11-11 08:00:00,27.9 °C,21.8 °C,28.5 °C,8.3 °C,28 °C,28.0 °C,68,59
2025-11-11 08:30:00,28.2 °C,21.7 °C,28.4 °C,7.6 °C,28 °C,28.1 °C,70,58
2025-11-11 09:00:00,30.7 °C,21.6 °C,30.2 °C,8.3 °C,28 °C,28.0 °C,63,52
2025-11-11 09:30:00,32.2 °C,21.7 °C,30.9 °C,9.3 °C,28 °C,28.0 °C,66,57
2025-11-11 10:00:00,31.5 °C,22.0 °C,30.7 °C,9.8 °C,28 °C,28.0 °C,59,49
2025-11-11 10:30:00,28.9 °C,22.2 °C,27.6 °C,11.0 °C,28 °C,28.0 °C,58,49
2025-11-11 11:00:00,26.1 °C,22.4 °C,25.0 °C,12.1 °C,28 °C,28.0 °C,65,55
2025-11-11 11:30:00,26.3 °C,22.3 °C,26.5 °C,12.2 °C,28 °C,28.0 °C,60,52
2025-11-11 12:00:00,27.6 °C,22.6 °C,28.0 °C,12.7 °C,28 °C,28.0 °C,55,44
2025-11-11 12:30:00,30.3 °C,22.7 °C,31.0 °C,13.0 °C,28 °C,28.0 °C,56,47
2025-11-11 13:00:00,30.2 °C,21.8 °C,30.8 °C,12.0 °C,28 °C,28.0 °C,58,48
2025-11-11 13:30:00,27.6 °C,21.8 °C,28.4 °C,12.2 °C,28 °C,28.0 °C,56,47
2025-11-11 14:00:00,26.0 °C,21.7 °C,26.8 °C,11.8 °C,28 °C,28.0 °C,62,54
2025-11-11 14:30:00,25.8 °C,21.6 °C,26.9 °C,12.1 °C,28 °C,28.0 °C,57,48
2025-11-11 15:00:00,27.6 °C,21.8 °C,29.5 °C,12.6 °C,28 °C,28.0 °C,59,52
2025-11-11 15:30:00,30.2 °C,21.8 °C,32.0 °C,12.4 °C,28 °C,28.0 °C,58,47
2025-11-11 16:00:00,30.4 °C,21.6 °C,31.8 °C,11.8 °C,28 °C,28.0 °C,56,46
2025-11-11 16:30:00,27.9 °C,22.0 °C,29.3 °C,11.8 °C,28 °C,28.0 °C,56,43
2025-11-11 17:00:00,26.4 °C,21.6 °C,28.4 °C,13.1 °C,28 °C,28.0 °C,63,51
2025-11-11 17:30:00,26.4 °C,21.3 °C,28.2 °C,11.4 °C,28 °C,28.0 °C,61,50
2025-11-11 18:00:00,29.2 °C,21.1 °C,31.1 °C,11.2 °C,28 °C,28.0 °C,50,41
2025-11-11 18:30:00,31.6 °C,21.2 °C,33.8 °C,10.4 °C,28 °C,28.0 °C,58,47
2025-11-11 19:00:00,32.0 °C,21.4 °C,35.3 °C,9.7 °C,28 °C,28.0 °C,63,51
2025-11-11 19:30:00,29.3 °C,21.2 °C,32.9 °C,9.2 °C,28 °C,28.0 °C,63,54
2025-11-11 20:00:00,17.0 °C,20.2 °C,16.0 °C,8.5 °C,28 °C,28.0 °C,0,0
2025-11-11 20:30:00,16.8 °C,20.2 °C,16.3 °C,8.4 °C,28 °C,28.0 °C,0,0
2025-11-11 21:00:00,16.6 °C,20.0 °C,15.6 °C,7.7 °C,28 °C,28.1 °C,0,0
2025-11-11 21:30:00,16.2 °C,20.3 °C,15.5 °C,5.9 °C,28 °C,28.4 °C,0,0
2025-11-11 22:00:00,16.6 °C,20.7 °C,16.1 °C,6.3 °C,28 °C,28.3 °C,0,0
2025-11-11 22:30:00,16.7 °C,20.7 °C,15.9 °C,6.5 °C,28 °C,28.3 °C,0,0
2025-11-11 23:00:00,16.5 °C,20.8 °C,16.0 °C,5.6 °C,28 °C,28.5 °C,0,0
2025-11-11 23:30:00,16.0 °C,20.8 °C,15.9 °C,5.2 °C,28 °C,28.6 °C,0,0
2025-11-12 00:00:00,16.2 °C,21.1 °C,16.1 °C,5.3 °C,28 °C,28.5 °C,0,0
2025-11-12 00:30:00,17.0 °C,21.6 °C,16.2 °C,5.5 °C,28 °C,28.5 °C,0,0
2025-11-12 01:00:00,16.9 °C,21.4 °C,16.6 °C,5.9 °C,28 °C,28.4 °C,0,0
2025-11-12 01:30:00,16.8 °C,21.3 °C,16.2 °C,5.7 °C,28 °C,28.5 °C,0,0
2025-11-12 02:00:00,17.1 °C,21.5 °C,16.0 °C,5.8 °C,28 °C,28.4 °C,0,0
2025-11-12 02:30:00,17.8 °C,21.5 °C,16.3 °C,6.3 °C,28 °C,28.3 °C,0,0
2025-11-12 03:00:00,17.2 °C,21.2 °C,15.7 °C,5.8 °C,28 °C,28.4 °C,0,0
2025-11-12 03:30:00,16.5 °C,20.7 °C,16.1 °C,5.9 °C,28 °C,28.4 °C,0,0
2025-11-12 04:00:00,16.2 °C,20.5 °C,15.3 °C,4.5 °C,28 °C,28.7 °C,0,0
2025-11-12 04:30:00,15.7 °C,20.6 °C,15.4 °C,3.6 °C,28 °C,28.9 °C,0,0
2025-11-12 05:00:00,15.9 °C,20.5 °C,16.0 °C,4.2 °C,28 °C,28.8 °C,0,0
2025-11-12 05:30:00,16.1 °C,20.3 °C,16.2 °C,4.9 °C,28 °C,28.6 °C,0,0
2025-11-12 06:00:00,28.4 °C,21.1 °C,30.2 °C,5.1 °C,28 °C,28.6 °C,69,60
2025-11-12 06:30:00,30.8 °C,21.6 °C,33.0 °C,5.1 °C,28 °C,28.6 °C,71,59
2025-11-12 07:00:00,29.9 °C,21.3 °C,31.7 °C,5.4 °C,28 °C,28.5 °C,71,63
2025-11-12 07:30:00,26.9 °C,21.3 °C,28.4 °C,6.1 °C,28 °C,28.4 °C,65,58
2025-11-12 08:00:00,25.1 °C,21.2 °C,26.0 °C,5.3 °C,28 °C,28.5 °C,69,57
2025-11-12 08:30:00,25.1 °C,21.7 °C,25.9 °C,6.3 °C,28 °C,28.3 °C,70,60
2025-11-12 09:00:00,27.5 °C,21.3 °C,28.0 °C,7.0 °C,28 °C,28.2 °C,66,61
2025-11-12 09:30:00,29.6 °C,21.2 °C,29.0 °C,7.9 °C,28 °C,28.0 °C,61,50
2025-11-12 10:00:00,30.1 °C,21.2 °C,30.3 °C,8.5 °C,28 °C,28.0 °C,67,54
2025-11-12 10:30:00,27.2 °C,21.3 °C,27.8 °C,8.3 °C,28 °C,28.0 °C,63,53
2025-11-12 11:00:00,24.5 °C,21.6 °C,24.6 °C,8.3 °C,28 °C,28.0 °C,60,48
2025-11-12 11:30:00,24.5 °C,21.9 °C,25.2 °C,9.9 °C,28 °C,28.0 °C,66,57
2025-11-12 12:00:00,26.4 °C,21.7 °C,27.3 °C,10.0 °C,28 °C,28.0 °C,54,46
2025-11-12 12:30:00,28.6 °C,21.7 °C,30.2 °C,11.0 °C,28 °C,28.0 °C,58,46
2025-11-12 13:00:00,29.2 °C,21.7 °C,31.3 °C,10.8 °C,28 °C,28.0 °C,58,45
2025-11-12 13:30:00,26.6 °C,21.6 °C,28.2 °C,11.2 °C,28 °C,28.0 °C,63,55
2025-11-12 14:00:00,24.6 °C,21.8 °C,26.6 °C,11.2 °C,28 °C,28.0 °C,59,52
2025-11-12 14:30:00,25.0 °C,21.9 °C,27.3 °C,11.3 °C,28 °C,28.0 °C,58,47
2025-11-12 15:00:00,27.4 °C,22.2 °C,30.2 °C,11.2 °C,28 °C,28.0 °C,63,56
2025-11-12 15:30:00,29.3 °C,22.3 °C,32.6 °C,12.2 °C,28 °C,28.0 °C,62,56
2025-11-12 16:00:00,29.4 °C,22.5 °C,33.6 °C,13.3 °C,28 °C,28.0 °C,59,51
2025-11-12 16:30:00,26.3 °C,21.7 °C,30.7 °C,13.1 °C,28 °C,28.0 °C,61,51
2025-11-12 17:00:00,23.8 °C,21.7 °C,27.6 °C,12.5 °C,28 °C,28.0 °C,57,48
2025-11-12 17:30:00,24.1 °C,21.8 °C,27.8 °C,11.4 °C,28 °C,28.0 °C,59,51
2025-11-12 18:00:00,27.0 °C,21.9 °C,30.0 °C,10.2 °C,28 °C,28.0 °C,60,45
2025-11-12 18:30:00,29.5 °C,22.3 °C,33.0 °C,10.7 °C,28 °C,28.0 °C,56,46
2025-11-12 19:00:00,29.3 °C,22.4 °C,32.3 °C,9.3 °C,28 °C,28.0 °C,56,44
2025-11-12 19:30:00,26.7 °C,22.0 °C,30.7 °C,8.6 °C,28 °C,28.0 °C,61,49
2025-11-12 20:00:00,17.2 °C,21.2 °C,17.4 °C,8.3 °C,28 °C,28.0 °C,0,0
2025-11-12 20:30:00,16.3 °C,21.3 °C,17.1 °C,6.3 °C,28 °C,28.3 °C,0,0
2025-11-12 21:00:00,15.8 °C,21.1 °C,16.5 °C,5.2 °C,28 °C,28.6 °C,0,0
2025-11-12 21:30:00,15.5 °C,21.0 °C,16.1 °C,4.1 °C,28 °C,28.8 °C,0,0
2025-11-12 22:00:00,15.6 °C,21.2 °C,15.5 °C,3.4 °C,28 °C,28.9 °C,0,0
2025-11-12 22:30:00,15.6 °C,21.1 °C,14.9 °C,3.4 °C,28 °C,28.9 °C,0,0
2025-11-12 23:00:00,15.7 °C,21.3 °C,15.6 °C,3.8 °C,28 °C,28.8 °C,0,0
2025-11-12 23:30:00,15.5 °C,21.3 °C,15.2 °C,3.1 °C,28 °C,29.0 °C,0,0
2025-11-13 00:00:00,15.3 °C,20.7 °C,15.1 °C,2.4 °C,28 °C,29.1 °C,0,0
2025-11-13 00:30:00,15.9 °C,20.7 °C,15.0 °C,2.2 °C,28 °C,29.2 °C,0,0
2025-11-13 01:00:00,15.6 °C,20.6 °C,14.8 °C,1.6 °C,28 °C,29.3 °C,0,0
2025-11-13 01:30:00,16.0 °C,20.8 °C,15.2 °C,1.8 °C,28 °C,29.2 °C,0,0
2025-11-13 02:00:00,15.9 °C,20.9 °C,15.6 °C,2.1 °C,28 °C,29.2 °C,0,0
2025-11-13 02:30:00,15.5 °C,20.6 °C,14.8 °C,0.5 °C,28 °C,29.5 °C,0,0
2025-11-13 03:00:00,15.6 °C,20.7 °C,15.0 °C,1.1 °C,28 °C,29.4 °C,0,0
2025-11-13 03:30:00,15.4 °C,20.8 °C,15.2 °C,1.5 °C,28 °C,29.3 °C,0,0
2025-11-13 04:00:00,15.8 °C,20.9 °C,15.5 °C,1.9 °C,28 °C,29.2 °C,0,0
2025-11-13 04:30:00,16.3 °C,21.2 °C,16.0 °C,3.0 °C,28 °C,29.0 °C,0,0
2025-11-13 05:00:00,16.1 °C,20.9 °C,15.3 °C,2.3 °C,28 °C,29.1 °C,0,0
2025-11-13 05:30:00,16.1 °C,20.8 °C,15.3 °C,2.0 °C,28 °C,29.2 °C,0,0
2025-11-13 06:00:00,27.4 °C,21.2 °C,29.0 °C,2.6 °C,28 °C,29.1 °C,70,60
2025-11-13 06:30:00,30.4 °C,21.5 °C,32.3 °C,1.9 °C,28 °C,29.2 °C,69,59
2025-11-13 07:00:00,30.1 °C,21.5 °C,31.4 °C,2.5 °C,28 °C,29.1 °C,72,62
2025-11-13 07:30:00,28.0 °C,21.5 °C,30.1 °C,3.9 °C,28 °C,28.8 °C,68,59
2025-11-13 08:00:00,25.5 °C,21.5 °C,27.3 °C,4.9 °C,28 °C,28.6 °C,68,55
2025-11-13 08:30:00,25.6 °C,21.7 °C,26.9 °C,5.7 °C,28 °C,28.5 °C,63,48
2025-11-13 09:00:00,27.5 °C,21.9 °C,29.4 °C,6.3 °C,28 °C,28.3 °C,64,55
2025-11-13 09:30:00,29.3 °C,21.8 °C,31.9 °C,6.8 °C,28 °C,28.2 °C,67,54
2025-11-13 10:00:00,28.7 °C,21.9 °C,31.1 °C,7.3 °C,28 °C,28.1 °C,69,58
2025-11-13 10:30:00,27.2 °C,22.0 °C,29.1 °C,8.1 °C,28 °C,28.0 °C,63,53
2025-11-13 11:00:00,24.5 °C,21.4 °C,26.7 °C,7.9 °C,28 °C,28.0 °C,62,52
2025-11-13 11:30:00,24.6 °C,21.3 °C,26.1 °C,9.5 °C,28 °C,28.0 °C,63,54
2025-11-13 12:00:00,27.3 °C,21.4 °C,30.1 °C,9.6 °C,28 °C,28.0 °C,64,56
2025-11-13 12:30:00,29.8 °C,21.8 °C,32.0 °C,10.5 °C,28 °C,28.0 °C,63,54
2025-11-13 13:00:00,29.8 °C,22.1 °C,32.2 °C,11.0 °C,28 °C,28.0 °C,62,53
2025-11-13 13:30:00,27.4 °C,21.7 °C,29.6 °C,10.6 °C,28 °C,28.0 °C,58,46
2025-11-13 14:00:00,25.2 °C,22.0 °C,27.0 °C,11.7 °C,28 °C,28.0 °C,60,48
2025-11-13 14:30:00,24.8 °C,22.2 °C,26.1 °C,12.5 °C,28 °C,28.0 °C,61,58
2025-11-13 15:00:00,27.2 °C,22.3 °C,29.1 °C,11.6 °C,28 °C,28.0 °C,53,43
2025-11-13 15:30:00,28.7 °C,21.7 °C,30.9 °C,11.6 °C,28 °C,28.0 °C,60,52
2025-11-13 16:00:00,28.2 °C,21.6 °C,29.9 °C,11.7 °C,28 °C,28.0 °C,65,53
2025-11-13 16:30:00,25.4 °C,21.6 °C,27.0 °C,10.3 °C,28 °C,28.0 °C,58,50
2025-11-13 17:00:00,23.6 °C,21.6 °C,24.8 °C,9.0 °C,28 °C,28.0 °C,56,46
2025-11-13 17:30:00,23.7 °C,21.0 °C,25.4 °C,8.4 °C,28 °C,28.0 °C,61,50
2025-11-13 18:00:00,26.7 °C,21.0 °C,28.9 °C,7.5 °C,28 °C,28.1 °C,62,55
2025-11-13 18:30:00,29.5 °C,20.9 °C,32.0 °C,6.8 °C,28 °C,28.2 °C,69,62
2025-11-13 19:00:00,29.9 °C,21.1 °C,32.4 °C,5.9 °C,28 °C,28.4 °C,75,65
2025-11-13 19:30:00,27.3 °C,21.3 °C,30.0 °C,5.8 °C,28 °C,28.4 °C,68,58
2025-11-13 20:00:00,15.9 °C,20.6 °C,15.5 °C,5.1 °C,28 °C,28.6 °C,0,0
2025-11-13 20:30:00,16.1 °C,20.5 °C,15.8 °C,5.5 °C,28 °C,28.5 °C,0,0
2025-11-13 21:00:00,16.2 °C,20.5 °C,15.1 °C,5.4 °C,28 °C,28.5 °C,0,0
2025-11-13 21:30:00,15.9 °C,20.5 °C,14.8 °C,5.5 °C,28 °C,28.5 °C,0,0
2025-11-13 22:00:00,15.9 °C,20.8 °C,14.7 °C,4.1 °C,28 °C,28.8 °C,0,0
2025-11-13 22:30:00,15.8 °C,20.7 °C,14.6 °C,3.4 °C,28 °C,28.9 °C,0,0
2025-11-13 23:00:00,15.5 °C,20.5 °C,14.4 °C,3.3 °C,28 °C,28.9 °C,0,0
2025-11-13 23:30:00,15.8 °C,20.8 °C,14.8 °C,3.3 °C,28 °C,28.9 °C,0,0
2025-11-14 00:00:00,15.9 °C,21.0 °C,14.5 °C,2.5 °C,28 °C,29.1 °C,0,0
2025-11-14 00:30:00,15.6 °C,21.1 °C,15.0 °C,2.0 °C,28 °C,29.2 °C,0,0
2025-11-14 01:00:00,15.6 °C,21.4 °C,15.5 °C,1.6 °C,28 °C,29.3 °C,0,0
2025-11-14 01:30:00,15.8 °C,21.9 °C,15.5 °C,1.4 °C,28 °C,29.3 °C,0,0
2025-11-14 02:00:00,15.7 °C,22.1 °C,16.0 °C,2.7 °C,28 °C,29.1 °C,0,0
2025-11-14 02:30:00,15.7 °C,21.8 °C,15.3 °C,2.9 °C,28 °C,29.0 °C,0,0
2025-11-14 03:00:00,16.0 °C,21.9 °C,15.7 °C,2.9 °C,28 °C,29.0 °C,0,0
2025-11-14 03:30:00,15.9 °C,21.8 °C,15.1 °C,2.2 °C,28 °C,29.2 °C,0,0
2025-11-14 04:00:00,15.7 °C,21.6 °C,14.7 °C,1.7 °C,28 °C,29.3 °C,0,0
2025-11-14 04:30:00,15.9 °C,21.3 °C,14.6 °C,1.9 °C,28 °C,29.2 °C,0,0
2025-11-14 05:00:00,16.1 °C,21.3 °C,14.6 °C,3.0 °C,28 °C,29.0 °C,0,0
2025-11-14 05:30:00,15.9 °C,21.5 °C,14.7 °C,3.3 °C,28 °C,28.9 °C,0,0
2025-11-14 06:00:00,31.0 °C,22.6 °C,32.5 °C,3.7 °C,28 °C,28.9 °C,70,63
2025-11-14 06:30:00,33.4 °C,22.7 °C,33.5 °C,3.8 °C,28 °C,28.8 °C,72,61
2025-11-14 07:00:00,33.1 °C,22.8 °C,33.5 °C,3.3 °C,28 °C,28.9 °C,76,65
2025-11-14 07:30:00,30.4 °C,22.6 °C,31.0 °C,4.4 °C,28 °C,28.7 °C,72,65
2025-11-14 08:00:00,27.6 °C,22.6 °C,28.4 °C,4.9 °C,28 °C,28.6 °C,64,54
2025-11-14 08:30:00,27.4 °C,22.1 °C,28.5 °C,5.9 °C,28 °C,28.4 °C,69,61
2025-11-14 09:00:00,29.6 °C,22.2 °C,30.5 °C,6.7 °C,28 °C,28.3 °C,69,59
2025-11-14 09:30:00,31.7 °C,22.3 °C,33.2 °C,6.8 °C,28 °C,28.2 °C,68,59
2025-11-14 10:00:00,31.4 °C,22.7 °C,32.2 °C,7.7 °C,28 °C,28.1 °C,62,54
2025-11-14 10:30:00,28.9 °C,22.6 °C,29.9 °C,7.6 °C,28 °C,28.1 °C,68,61
2025-11-14 11:00:00,25.6 °C,22.8 °C,26.3 °C,8.5 °C,28 °C,28.0 °C,60,52
2025-11-14 11:30:00,26.0 °C,22.6 °C,27.4 °C,9.1 °C,28 °C,28.0 °C,65,58
2025-11-14 12:00:00,28.5 °C,22.9 °C,29.6 °C,10.6 °C,28 °C,28.0 °C,63,53
2025-11-14 12:30:00,30.6 °C,23.1 °C,31.8 °C,10.5 °C,28 °C,28.0 °C,61,49
2025-11-14 13:00:00,30.9 °C,23.3 °C,32.2 °C,10.1 °C,28 °C,28.0 °C,55,44
2025-11-14 13:30:00,28.2 °C,23.1 °C,29.7 °C,10.2 °C,28 °C,28.0 °C,61,56
2025-11-14 14:00:00,25.5 °C,22.9 °C,26.7 °C,11.0 °C,28 °C,28.0 °C,62,52
2025-11-14 14:30:00,25.7 °C,22.7 °C,27.1 °C,9.5 °C,28 °C,28.0 °C,61,47
2025-11-14 15:00:00,28.7 °C,22.4 °C,30.2 °C,10.3 °C,28 °C,28.0 °C,60,55
2025-11-14 15:30:00,31.1 °C,22.4 °C,32.9 °C,10.4 °C,28 °C,28.0 °C,59,49
2025-11-14 16:00:00,30.8 °C,22.3 °C,33.3 °C,9.8 °C,28 °C,28.0 °C,59,47
2025-11-14 16:30:00,28.2 °C,22.3 °C,30.7 °C,9.6 °C,28 °C,28.0 °C,60,48
2025-11-14 17:00:00,26.1 °C,22.3 °C,28.1 °C,9.1 °C,28 °C,28.0 °C,65,56
2025-11-14 17:30:00,26.2 °C,22.0 °C,29.1 °C,8.3 °C,28 °C,28.0 °C,61,52
2025-11-14 18:00:00,29.1 °C,22.2 °C,32.5 °C,7.0 °C,28 °C,28.2 °C,66,58
2025-11-14 18:30:00,31.5 °C,22.2 °C,35.1 °C,7.4 °C,28 °C,28.1 °C,56,48
2025-11-14 19:00:00,31.8 °C,22.4 °C,35.2 °C,6.9 °C,28 °C,28.2 °C,64,51
2025-11-14 19:30:00,30.2 °C,22.0 °C,33.7 °C,6.5 °C,28 °C,28.3 °C,68,56
2025-11-14 20:00:00,16.6 °C,20.9 °C,15.6 °C,6.7 °C,28 °C,28.3 °C,0,0
2025-11-14 20:30:00,16.7 °C,20.8 °C,15.3 °C,6.4 °C,28 °C,28.3 °C,0,0
2025-11-14 21:00:00,16.6 °C,20.8 °C,15.1 °C,5.1 °C,28 °C,28.6 °C,0,0
2025-11-14 21:30:00,16.6 °C,20.8 °C,15.2 °C,5.1 °C,28 °C,28.6 °C,0,0
2025-11-14 22:00:00,16.9 °C,21.1 °C,16.4 °C,5.6 °C,28 °C,28.5 °C,0,0
2025-11-14 22:30:00,17.0 °C,21.4 °C,16.0 °C,5.5 °C,28 °C,28.5 °C,0,0
2025-11-14 23:00:00,16.4 °C,21.1 °C,15.5 °C,4.5 °C,28 °C,28.7 °C,0,0
2025-11-14 23:30:00,16.3 °C,21.8 °C,15.9 °C,3.2 °C,28 °C,29.0 °C,0,0
2025-11-15 00:00:00,16.0 °C,21.7 °C,15.4 °C,2.2 °C,28 °C,29.2 °C,0,0
2025-11-15 00:30:00,15.9 °C,21.9 °C,15.6 °C,2.1 °C,28 °C,29.2 °C,0,0
2025-11-15 01:00:00,16.2 °C,21.8 °C,16.5 °C,2.8 °C,28 °C,29.0 °C,0,0
2025-11-15 01:30:00,16.1 °C,21.8 °C,16.3 °C,2.2 °C,28 °C,29.2 °C,0,0
2025-11-15 02:00:00,16.0 °C,22.0 °C,16.6 °C,1.8 °C,28 °C,29.2 °C,0,0
2025-11-15 02:30:00,15.8 °C,21.5 °C,16.6 °C,2.4 °C,28 °C,29.1 °C,0,0
2025-11-15 03:00:00,15.8 °C,21.8 °C,16.9 °C,2.2 °C,28 °C,29.2 °C,0,0
2025-11-15 03:30:00,15.7 °C,21.5 °C,16.9 °C,3.3 °C,28 °C,28.9 °C,0,0
2025-11-15 04:00:00,16.0 °C,21.4 °C,16.2 °C,3.3 °C,28 °C,28.9 °C,0,0
2025-11-15 04:30:00,16.1 °C,21.2 °C,16.6 °C,4.2 °C,28 °C,28.8 °C,0,0
2025-11-15 05:00:00,15.7 °C,21.0 °C,16.8 °C,4.6 °C,28 °C,28.7 °C,0,0
2025-11-15 05:30:00,16.1 °C,20.8 °C,16.9 °C,5.3 °C,28 °C,28.5 °C,0,0
2025-11-15 06:00:00,15.7 °C,20.5 °C,16.7 °C,5.4 °C,28 °C,28.5 °C,0,0
2025-11-15 06:30:00,16.1 °C,20.8 °C,16.6 °C,5.7 °C,28 °C,28.5 °C,0,0
2025-11-15 07:00:00,30.7 °C,21.7 °C,33.1 °C,6.4 °C,28 °C,28.3 °C,70,55
2025-11-15 07:30:00,27.9 °C,21.7 °C,30.7 °C,7.3 °C,28 °C,28.1 °C,61,52
2025-11-15 08:00:00,25.0 °C,21.9 °C,27.9 °C,8.0 °C,28 °C,28.0 °C,63,46
2025-11-15 08:30:00,25.5 °C,22.3 °C,28.2 °C,7.3 °C,28 °C,28.1 °C,61,55
2025-11-15 09:00:00,28.1 °C,21.9 °C,30.4 °C,8.1 °C,28 °C,28.0 °C,64,55
2025-11-15 09:30:00,30.7 °C,22.3 °C,32.1 °C,8.2 °C,28 °C,28.0 °C,62,51
2025-11-15 10:00:00,30.5 °C,22.2 °C,33.1 °C,8.4 °C,28 °C,28.0 °C,62,54
2025-11-15 10:30:00,27.8 °C,21.8 °C,30.1 °C,9.3 °C,28 °C,28.0 °C,60,48
2025-11-15 11:00:00,25.3 °C,21.9 °C,27.0 °C,10.8 °C,28 °C,28.0 °C,59,52
2025-11-15 11:30:00,25.3 °C,21.9 °C,27.2 °C,11.1 °C,28 °C,28.0 °C,68,58
2025-11-15 12:00:00,27.0 °C,22.1 °C,28.5 °C,12.6 °C,28 °C,28.0 °C,54,45
2025-11-15 12:30:00,29.2 °C,22.1 °C,30.9 °C,12.2 °C,28 °C,28.0 °C,60,49
2025-11-15 13:00:00,29.8 °C,22.1 °C,32.2 °C,13.1 °C,28 °C,28.0 °C,55,45
2025-11-15 13:30:00,27.5 °C,22.0 °C,29.4 °C,13.5 °C,28 °C,28.0 °C,60,52
2025-11-15 14:00:00,18.8 °C,20.8 °C,17.0 °C,13.6 °C,28 °C,28.0 °C,0,0
2025-11-15 14:30:00,18.9 °C,21.0 °C,17.8 °C,14.4 °C,28 °C,28.0 °C,0,0
2025-11-15 15:00:00,18.3 °C,20.8 °C,17.5 °C,13.8 °C,28 °C,28.0 °C,0,0
2025-11-15 15:30:00,18.7 °C,20.9 °C,18.4 °C,14.4 °C,28 °C,28.0 °C,0,0
2025-11-15 16:00:00,18.6 °C,21.3 °C,18.4 °C,13.9 °C,28 °C,28.0 °C,0,0
2025-11-15 16:30:00,18.7 °C,21.2 °C,17.9 °C,13.1 °C,28 °C,28.0 °C,0,0
2025-11-15 17:00:00,18.2 °C,21.3 °C,17.6 °C,11.9 °C,28 °C,28.0 °C,0,0
2025-11-15 17:30:00,18.6 °C,21.3 °C,17.3 °C,12.5 °C,28 °C,28.0 °C,0,0
2025-11-15 18:00:00,18.2 °C,21.1 °C,16.8 °C,12.7 °C,28 °C,28.0 °C,0,0
2025-11-15 18:30:00,18.0 °C,20.7 °C,16.6 °C,11.7 °C,28 °C,28.0 °C,0,0
2025-11-15 19:00:00,17.9 °C,20.7 °C,16.8 °C,11.4 °C,28 °C,28.0 °C,0,0
2025-11-15 19:30:00,17.8 °C,20.7 °C,16.3 °C,10.8 °C,28 °C,28.0 °C,0,0
2025-11-15 20:00:00,17.3 °C,20.5 °C,16.2 °C,9.9 °C,28 °C,28.0 °C,0,0
2025-11-15 20:30:00,16.8 °C,20.0 °C,16.1 °C,9.8 °C,28 °C,28.0 °C,0,0
2025-11-15 21:00:00,16.4 °C,19.7 °C,15.4 °C,8.7 °C,28 °C,28.0 °C,0,0
2025-11-15 21:30:00,16.6 °C,20.2 °C,15.0 °C,6.6 °C,28 °C,28.3 °C,0,0
2025-11-15 22:00:00,16.2 °C,20.3 °C,15.3 °C,6.3 °C,28 °C,28.3 °C,0,0
2025-11-15 22:30:00,15.8 °C,20.0 °C,15.1 °C,5.8 °C,28 °C,28.4 °C,0,0
2025-11-15 23:00:00,15.3 °C,19.9 °C,15.4 °C,4.9 °C,28 °C,28.6 °C,0,0
2025-11-15 23:30:00,14.7 °C,20.0 °C,15.3 °C,3.9 °C,28 °C,28.8 °C,0,0
2025-11-16 00:00:00,14.1 °C,20.2 °C,14.5 °C,2.4 °C,28 °C,29.1 °C,0,0
2025-11-16 00:30:00,13.8 °C,20.2 °C,13.9 °C,2.0 °C,28 °C,29.2 °C,0,0
2025-11-16 01:00:00,14.0 °C,20.8 °C,14.1 °C,1.3 °C,28 °C,29.3 °C,0,0
2025-11-16 01:30:00,15.0 °C,21.3 °C,15.0 °C,1.9 °C,28 °C,29.2 °C,0,0
2025-11-16 02:00:00,15.4 °C,21.3 °C,15.2 °C,2.1 °C,28 °C,29.2 °C,0,0
2025-11-16 02:30:00,15.0 °C,21.2 °C,14.9 °C,1.8 °C,28 °C,29.2 °C,0,0
2025-11-16 03:00:00,15.4 °C,21.2 °C,14.6 °C,2.2 °C,28 °C,29.2 °C,0,0
2025-11-16 03:30:00,15.0 °C,20.9 °C,14.9 °C,2.3 °C,28 °C,29.1 °C,0,0
2025-11-16 04:00:00,15.1 °C,21.1 °C,15.5 °C,2.3 °C,28 °C,29.1 °C,0,0
2025-11-16 04:30:00,15.3 °C,21.1 °C,15.2 °C,2.5 °C,28 °C,29.1 °C,0,0
2025-11-16 05:00:00,16.1 °C,20.8 °C,15.6 °C,3.9 °C,28 °C,28.8 °C,0,0
2025-11-16 05:30:00,16.2 °C,20.6 °C,15.8 °C,4.6 °C,28 °C,28.7 °C,0,0
2025-11-16 06:00:00,15.9 °C,20.8 °C,16.1 °C,4.7 °C,28 °C,28.7 °C,0,0
2025-11-16 06:30:00,16.1 °C,20.4 °C,16.6 °C,5.6 °C,28 °C,28.5 °C,0,0
2025-11-16 07:00:00,16.5 °C,20.2 °C,17.1 °C,6.5 °C,28 °C,28.3 °C,0,0
2025-11-16 07:30:00,16.8 °C,20.1 °C,17.3 °C,7.1 °C,28 °C,28.2 °C,0,0
2025-11-16 08:00:00,16.8 °C,20.5 °C,17.4 °C,7.3 °C,28 °C,28.1 °C,0,0
2025-11-16 08:30:00,17.2 °C,20.9 °C,17.6 °C,7.5 °C,28 °C,28.1 °C,0,0
2025-11-16 09:00:00,17.2 °C,21.0 °C,17.5 °C,7.4 °C,28 °C,28.1 °C,0,0
2025-11-16 09:30:00,17.2 °C,20.2 °C,17.9 °C,8.1 °C,28 °C,28.0 °C,0,0
2025-11-16 10:00:00,17.2 °C,20.0 °C,17.7 °C,8.3 °C,28 °C,28.0 °C,0,0
2025-11-16 10:30:00,18.4 °C,20.9 °C,18.5 °C,8.6 °C,28 °C,28.0 °C,0,0
2025-11-16 11:00:00,18.4 °C,21.0 °C,18.8 °C,9.6 °C,28 °C,28.0 °C,0,0
2025-11-16 11:30:00,18.2 °C,20.3 °C,18.4 °C,11.1 °C,28 °C,28.0 °C,0,0
2025-11-16 12:00:00,18.6 °C,20.9 °C,19.1 °C,11.7 °C,28 °C,28.0 °C,0,0
2025-11-16 12:30:00,18.7 °C,20.6 °C,18.6 °C,11.9 °C,28 °C,28.0 °C,0,0
2025-11-16 13:00:00,19.1 °C,20.8 °C,18.4 °C,12.1 °C,28 °C,28.0 °C,0,0
2025-11-16 13:30:00,19.1 °C,20.5 °C,18.7 °C,13.0 °C,28 °C,28.0 °C,0,0
2025-11-16 14:00:00,19.6 °C,21.1 °C,18.7 °C,13.2 °C,28 °C,28.0 °C,0,0
2025-11-16 14:30:00,19.3 °C,20.7 °C,18.7 °C,13.3 °C,28 °C,28.0 °C,0,0
2025-11-16 15:00:00,18.8 °C,20.5 °C,18.8 °C,13.4 °C,28 °C,28.0 °C,0,0
2025-11-16 15:30:00,18.6 °C,20.8 °C,19.0 °C,12.3 °C,28 °C,28.0 °C,0,0
2025-11-16 16:00:00,18.4 °C,20.7 °C,19.0 °C,12.4 °C,28 °C,28.0 °C,0,0
2025-11-16 16:30:00,18.2 °C,20.8 °C,18.5 °C,11.6 °C,28 °C,28.0 °C,0,0
2025-11-16 17:00:00,18.2 °C,21.0 °C,18.9 °C,11.6 °C,28 °C,28.0 °C,0,0
2025-11-16 17:30:00,17.7 °C,21.0 °C,19.0 °C,10.8 °C,28 °C,28.0 °C,0,0
2025-11-16 18:00:00,17.1 °C,20.7 °C,18.9 °C,10.8 °C,28 °C,28.0 °C,0,0
2025-11-16 18:30:00,17.0 °C,20.6 °C,18.7 °C,10.2 °C,28 °C,28.0 °C,0,0
2025-11-16 19:00:00,16.3 °C,20.5 °C,17.8 °C,9.0 °C,28 °C,28.0 °C,0,0
2025-11-16 19:30:00,16.6 °C,20.7 °C,17.9 °C,8.4 °C,28 °C,28.0 °C,0,0
2025-11-16 20:00:00,17.1 °C,20.9 °C,17.8 °C,9.2 °C,28 °C,28.0 °C,0,0
2025-11-16 20:30:00,16.8 °C,20.9 °C,17.0 °C,7.2 °C,28 °C,28.2 °C,0,0
2025-11-16 21:00:00,16.5 °C,21.1 °C,16.7 °C,6.8 °C,28 °C,28.2 °C,0,0
2025-11-16 21:30:00,16.4 °C,20.7 °C,15.6 °C,5.7 °C,28 °C,28.5 °C,0,0
2025-11-16 22:00:00,17.1 °C,20.7 °C,15.9 °C,6.0 °C,28 °C,28.4 °C,0,0
2025-11-16 22:30:00,17.0 °C,20.7 °C,15.9 °C,6.0 °C,28 °C,28.4 °C,0,0
2025-11-16 23:00:00,17.0 °C,20.9 °C,16.3 °C,5.5 °C,28 °C,28.5 °C,0,0
2025-11-16 23:30:00,17.1 °C,21.0 °C,16.8 °C,5.6 °C,28 °C,28.5 °C,0,0
2025-11-17 00:00:00,16.9 °C,20.8 °C,16.5 °C,5.0 °C,28 °C,28.6 °C,0,0
2025-11-17 00:30:00,16.8 °C,20.7 °C,16.5 °C,4.5 °C,28 °C,28.7 °C,0,0
2025-11-17 01:00:00,16.3 °C,21.1 °C,16.4 °C,3.8 °C,28 °C,28.8 °C,0,0
2025-11-17 01:30:00,15.9 °C,21.1 °C,16.2 °C,3.2 °C,28 °C,29.0 °C,0,0
2025-11-17 02:00:00,15.8 °C,21.1 °C,16.0 °C,2.8 °C,28 °C,29.0 °C,0,0
2025-11-17 02:30:00,15.7 °C,20.7 °C,15.7 °C,2.7 °C,28 °C,29.1 °C,0,0
2025-11-17 03:00:00,15.5 °C,20.9 °C,15.4 °C,1.5 °C,28 °C,29.3 °C,0,0
2025-11-17 03:30:00,15.0 °C,20.5 °C,15.6 °C,2.3 °C,28 °C,29.1 °C,0,0
2025-11-17 04:00:00,15.5 °C,20.5 °C,15.5 °C,3.6 °C,28 °C,28.9 °C,0,0
2025-11-17 04:30:00,15.9 °C,20.4 °C,15.3 °C,3.5 °C,28 °C,28.9 °C,0,0
2025-11-17 05:00:00,15.6 °C,20.5 °C,15.9 °C,4.4 °C,28 °C,28.7 °C,0,0
2025-11-17 05:30:00,15.8 °C,20.4 °C,15.7 °C,4.5 °C,28 °C,28.7 °C,0,0
2025-11-17 06:00:00,29.0 °C,21.3 °C,29.5 °C,4.5 °C,28 °C,28.7 °C,66,55
2025-11-17 06:30:00,31.8 °C,21.1 °C,33.0 °C,4.6 °C,28 °C,28.7 °C,67,56
2025-11-17 07:00:00,31.9 °C,21.1 °C,32.9 °C,5.2 °C,28 °C,28.6 °C,71,59
2025-11-17 07:30:00,29.9 °C,21.2 °C,31.2 °C,5.2 °C,28 °C,28.6 °C,66,54
2025-11-17 08:00:00,26.3 °C,21.2 °C,27.3 °C,6.2 °C,28 °C,28.4 °C,66,52
2025-11-17 08:30:00,26.1 °C,21.1 °C,27.9 °C,6.4 °C,28 °C,28.3 °C,64,55
2025-11-17 09:00:00,29.1 °C,21.2 °C,31.3 °C,6.4 °C,28 °C,28.3 °C,68,59
2025-11-17 09:30:00,31.3 °C,21.5 °C,33.4 °C,7.1 °C,28 °C,28.2 °C,63,57
2025-11-17 10:00:00,31.5 °C,21.7 °C,33.9 °C,7.3 °C,28 °C,28.1 °C,68,55
2025-11-17 10:30:00,29.4 °C,21.4 °C,32.6 °C,7.8 °C,28 °C,28.0 °C,63,56
2025-11-17 11:00:00,27.1 °C,21.6 °C,29.7 °C,8.4 °C,28 °C,28.0 °C,70,60
2025-11-17 11:30:00,26.8 °C,22.0 °C,28.8 °C,8.2 °C,28 °C,28.0 °C,67,53
2025-11-17 12:00:00,29.4 °C,22.1 °C,31.5 °C,9.7 °C,28 °C,28.0 °C,60,46
2025-11-17 12:30:00,31.0 °C,21.5 °C,32.5 °C,10.6 °C,28 °C,28.0 °C,60,49
2025-11-17 13:00:00,31.1 °C,21.6 °C,31.9 °C,10.6 °C,28 °C,28.0 °C,64,56
2025-11-17 13:30:00,28.9 °C,21.9 °C,29.0 °C,10.9 °C,28 °C,28.0 °C,61,52
2025-11-17 14:00:00,26.5 °C,21.8 °C,26.8 °C,11.5 °C,28 °C,28.0 °C,62,51
2025-11-17 14:30:00,26.9 °C,22.5 °C,26.4 °C,11.8 °C,28 °C,28.0 °C,66,59
2025-11-17 15:00:00,29.3 °C,21.9 °C,28.8 °C,12.9 °C,28 °C,28.0 °C,61,51
2025-11-17 15:30:00,31.6 °C,21.9 °C,29.7 °C,12.6 °C,28 °C,28.0 °C,54,41
2025-11-17 16:00:00,32.2 °C,22.1 °C,30.9 °C,13.1 °C,28 °C,28.0 °C,61,53
2025-11-17 16:30:00,29.2 °C,22.1 °C,28.5 °C,12.0 °C,28 °C,28.0 °C,64,51
2025-11-17 17:00:00,27.2 °C,22.1 °C,26.7 °C,11.0 °C,28 °C,28.0 °C,61,49
2025-11-17 17:30:00,27.6 °C,21.8 °C,27.9 °C,11.7 °C,28 °C,28.0 °C,57,46
2025-11-17 18:00:00,30.2 °C,21.6 °C,31.0 °C,10.9 °C,28 °C,28.0 °C,60,50
2025-11-17 18:30:00,32.2 °C,21.8 °C,32.8 °C,9.7 °C,28 °C,28.0 °C,65,54
2025-11-17 19:00:00,32.2 °C,21.2 °C,32.5 °C,9.2 °C,28 °C,28.0 °C,57,44
2025-11-17 19:30:00,29.3 °C,21.5 °C,30.1 °C,9.5 °C,28 °C,28.0 °C,56,44
2025-11-17 20:00:00,16.6 °C,20.6 °C,17.3 °C,8.4 °C,28 °C,28.0 °C,0,0
2025-11-17 20:30:00,16.8 °C,20.8 °C,17.3 °C,7.8 °C,28 °C,28.0 °C,0,0
2025-11-17 21:00:00,16.5 °C,21.0 °C,16.9 °C,6.1 °C,28 °C,28.4 °C,0,0
2025-11-17 21:30:00,16.6 °C,21.9 °C,17.5 °C,5.4 °C,28 °C,28.5 °C,0,0
2025-11-17 22:00:00,17.4 °C,22.1 °C,17.6 °C,5.5 °C,28 °C,28.5 °C,0,0
2025-11-17 22:30:00,16.9 °C,21.7 °C,17.0 °C,4.5 °C,28 °C,28.7 °C,0,0
2025-11-17 23:00:00,16.6 °C,22.1 °C,17.1 °C,3.3 °C,28 °C,28.9 °C,0,0
2025-11-17 23:30:00,15.8 °C,21.3 °C,16.5 °C,2.5 °C,28 °C,29.1 °C,0,0
2025-11-18 00:00:00,15.6 °C,21.2 °C,16.2 °C,1.8 °C,28 °C,29.2 °C,0,0
2025-11-18 00:30:00,15.8 °C,21.2 °C,16.0 °C,2.1 °C,28 °C,29.2 °C,0,0
2025-11-18 01:00:00,15.8 °C,21.1 °C,16.0 °C,2.1 °C,28 °C,29.2 °C,0,0
2025-11-18 01:30:00,15.9 °C,21.1 °C,16.0 °C,2.3 °C,28 °C,29.1 °C,0,0
2025-11-18 02:00:00,16.0 °C,21.0 °C,16.0 °C,2.2 °C,28 °C,29.2 °C,0,0
2025-11-18 02:30:00,16.2 °C,21.3 °C,16.6 °C,1.7 °C,28 °C,29.3 °C,0,0
2025-11-18 03:00:00,16.0 °C,21.2 °C,16.2 °C,1.3 °C,28 °C,29.3 °C,0,0
2025-11-18 03:30:00,15.6 °C,21.1 °C,16.1 °C,1.7 °C,28 °C,29.3 °C,0,0
2025-11-18 04:00:00,15.8 °C,21.5 °C,16.5 °C,2.9 °C,28 °C,29.0 °C,0,0
2025-11-18 04:30:00,15.6 °C,21.7 °C,16.4 °C,2.5 °C,28 °C,29.1 °C,0,0
2025-11-18 05:00:00,15.4 °C,21.5 °C,16.0 °C,2.2 °C,28 °C,29.2 °C,0,0
2025-11-18 05:30:00,15.2 °C,21.6 °C,15.6 °C,1.9 °C,28 °C,29.2 °C,0,0
2025-11-18 06:00:00,29.0 °C,22.9 °C,31.0 °C,3.0 °C,28 °C,29.0 °C,73,61
2025-11-18 06:30:00,31.4 °C,22.4 °C,32.8 °C,3.5 °C,28 °C,28.9 °C,65,57
2025-11-18 07:00:00,31.1 °C,22.1 °C,31.7 °C,4.4 °C,28 °C,28.7 °C,68,58
2025-11-18 07:30:00,29.5 °C,21.9 °C,30.7 °C,4.7 °C,28 °C,28.7 °C,61,53
2025-11-18 08:00:00,26.5 °C,21.9 °C,27.4 °C,5.7 °C,28 °C,28.5 °C,63,53
2025-11-18 08:30:00,26.5 °C,22.1 °C,28.0 °C,6.1 °C,28 °C,28.4 °C,70,61
2025-11-18 09:00:00,29.2 °C,21.9 °C,30.5 °C,5.8 °C,28 °C,28.4 °C,65,53
2025-11-18 09:30:00,31.4 °C,21.7 °C,32.9 °C,7.1 °C,28 °C,28.2 °C,68,52
2025-11-18 10:00:00,30.9 °C,21.3 °C,32.3 °C,7.7 °C,28 °C,28.1 °C,61,51
2025-11-18 10:30:00,28.0 °C,21.1 °C,29.6 °C,8.1 °C,28 °C,28.0 °C,62,50
2025-11-18 11:00:00,25.9 °C,21.0 °C,27.9 °C,8.9 °C,28 °C,28.0 °C,62,54
2025-11-18 11:30:00,26.3 °C,20.6 °C,28.3 °C,8.5 °C,28 °C,28.0 °C,67,59
2025-11-18 12:00:00,28.7 °C,20.5 °C,31.0 °C,9.4 °C,28 °C,28.0 °C,64,54
2025-11-18 12:30:00,30.6 °C,20.4 °C,32.0 °C,9.5 °C,28 °C,28.0 °C,59,47
2025-11-18 13:00:00,30.6 °C,20.5 °C,32.3 °C,9.8 °C,28 °C,28.0 °C,58,48
2025-11-18 13:30:00,28.8 °C,21.0 °C,30.6 °C,10.9 °C,28 °C,28.0 °C,60,51
2025-11-18 14:00:00,26.0 °C,20.7 °C,27.6 °C,11.5 °C,28 °C,28.0 °C,67,58
2025-11-18 14:30:00,25.8 °C,21.0 °C,26.3 °C,11.5 °C,28 °C,28.0 °C,60,48
2025-11-18 15:00:00,28.3 °C,21.5 °C,28.1 °C,11.5 °C,28 °C,28.0 °C,57,43
2025-11-18 15:30:00,31.2 °C,21.8 °C,31.3 °C,9.9 °C,28 °C,28.0 °C,58,48
2025-11-18 16:00:00,30.9 °C,21.9 °C,31.4 °C,9.5 °C,28 °C,28.0 °C,60,50
2025-11-18 16:30:00,28.7 °C,22.2 °C,29.5 °C,9.6 °C,28 °C,28.0 °C,61,53
2025-11-18 17:00:00,26.8 °C,22.3 °C,27.8 °C,9.0 °C,28 °C,28.0 °C,59,49
2025-11-18 17:30:00,26.1 °C,22.5 °C,26.6 °C,8.1 °C,28 °C,28.0 °C,66,55
2025-11-18 18:00:00,28.0 °C,22.5 °C,28.1 °C,8.2 °C,28 °C,28.0 °C,61,50
2025-11-18 18:30:00,30.5 °C,22.1 °C,29.7 °C,8.8 °C,28 °C,28.0 °C,66,55
2025-11-18 19:00:00,30.9 °C,22.4 °C,30.5 °C,8.0 °C,28 °C,28.0 °C,64,59
2025-11-18 19:30:00,28.6 °C,22.9 °C,29.4 °C,8.1 °C,28 °C,28.0 °C,62,51
2025-11-18 20:00:00,17.2 °C,21.8 °C,16.7 °C,8.0 °C,28 °C,28.0 °C,0,0
2025-11-18 20:30:00,17.0 °C,21.7 °C,16.4 °C,6.9 °C,28 °C,28.2 °C,0,0
2025-11-18 21:00:00,16.7 °C,21.7 °C,16.1 °C,5.9 °C,28 °C,28.4 °C,0,0
2025-11-18 21:30:00,16.4 °C,21.2 °C,16.2 °C,6.6 °C,28 °C,28.3 °C,0,0
2025-11-18 22:00:00,15.8 °C,21.0 °C,16.0 °C,5.3 °C,28 °C,28.5 °C,0,0
2025-11-18 22:30:00,15.4 °C,21.0 °C,16.6 °C,4.4 °C,28 °C,28.7 °C,0,0
2025-11-18 23:00:00,15.7 °C,21.0 °C,16.7 °C,5.2 °C,28 °C,28.6 °C,0,0
2025-11-18 23:30:00,15.3 °C,21.0 °C,16.7 °C,4.3 °C,28 °C,28.7 °C,0,0
2025-11-19 00:00:00,15.2 °C,21.0 °C,16.5 °C,4.5 °C,28 °C,28.7 °C,0,0
2025-11-19 00:30:00,14.6 °C,20.9 °C,15.9 °C,3.4 °C,28 °C,28.9 °C,0,0
2025-11-19 01:00:00,14.1 °C,20.7 °C,15.4 °C,3.2 °C,28 °C,29.0 °C,0,0
2025-11-19 01:30:00,14.7 °C,20.8 °C,15.6 °C,3.6 °C,28 °C,28.9 °C,0,0
2025-11-19 02:00:00,14.8 °C,20.9 °C,15.5 °C,3.0 °C,28 °C,29.0 °C,0,0
2025-11-19 02:30:00,14.4 °C,20.7 °C,15.7 °C,2.9 °C,28 °C,29.0 °C,0,0
2025-11-19 03:00:00,14.8 °C,20.8 °C,15.9 °C,3.3 °C,28 °C,28.9 °C,0,0
2025-11-19 03:30:00,14.6 °C,20.6 °C,16.0 °C,2.7 °C,28 °C,29.1 °C,0,0
2025-11-19 04:00:00,14.9 °C,20.8 °C,16.9 °C,4.1 °C,28 °C,28.8 °C,0,0
2025-11-19 04:30:00,14.9 °C,20.8 °C,17.0 °C,4.8 °C,28 °C,28.6 °C,0,0
2025-11-19 05:00:00,15.0 °C,20.9 °C,16.9 °C,4.6 °C,28 °C,28.7 °C,0,0
2025-11-19 05:30:00,15.3 °C,20.9 °C,16.4 °C,4.6 °C,28 °C,28.7 °C,0,0
2025-11-19 06:00:00,28.9 °C,21.8 °C,29.9 °C,6.0 °C,28 °C,28.4 °C,67,60
2025-11-19 06:30:00,31.4 °C,21.9 °C,32.1 °C,6.0 °C,28 °C,28.4 °C,66,59
2025-11-19 07:00:00,31.3 °C,22.1 °C,33.0 °C,6.1 °C,28 °C,28.4 °C,62,55
2025-11-19 07:30:00,28.2 °C,22.1 °C,29.5 °C,7.1 °C,28 °C,28.2 °C,61,49
2025-11-19 08:00:00,26.2 °C,22.1 °C,27.1 °C,6.7 °C,28 °C,28.3 °C,64,54
2025-11-19 08:30:00,25.9 °C,21.9 °C,27.2 °C,7.1 °C,28 °C,28.2 °C,69,63
2025-11-19 09:00:00,28.6 °C,21.5 °C,28.5 °C,7.7 °C,28 °C,28.1 °C,58,50
2025-11-19 09:30:00,31.6 °C,21.5 °C,32.1 °C,7.7 °C,28 °C,28.1 °C,65,52
2025-11-19 10:00:00,31.4 °C,21.2 °C,33.0 °C,7.4 °C,28 °C,28.1 °C,69,61
2025-11-19 10:30:00,29.4 °C,21.1 °C,31.4 °C,8.0 °C,28 °C,28.0 °C,66,55
2025-11-19 11:00:00,26.9 °C,20.9 °C,28.4 °C,9.0 °C,28 °C,28.0 °C,62,51
2025-11-19 11:30:00,27.1 °C,20.8 °C,28.3 °C,9.1 °C,28 °C,28.0 °C,61,52
2025-11-19 12:00:00,28.9 °C,20.8 °C,30.2 °C,8.9 °C,28 °C,28.0 °C,64,53
2025-11-19 12:30:00,31.0 °C,21.0 °C,32.5 °C,10.2 °C,28 °C,28.0 °C,65,53
2025-11-19 13:00:00,30.7 °C,21.1 °C,33.1 °C,10.8 °C,28 °C,28.0 °C,62,54
2025-11-19 13:30:00,28.8 °C,21.2 °C,32.0 °C,10.9 °C,28 °C,28.0 °C,61,52
2025-11-19 14:00:00,26.2 °C,21.6 °C,29.1 °C,11.6 °C,28 °C,28.0 °C,64,54
2025-11-19 14:30:00,26.4 °C,22.3 °C,29.0 °C,11.9 °C,28 °C,28.0 °C,61,55
2025-11-19 15:00:00,28.8 °C,22.4 °C,30.9 °C,12.9 °C,28 °C,28.0 °C,60,51
2025-11-19 15:30:00,31.0 °C,22.6 °C,33.5 °C,13.1 °C,28 °C,28.0 °C,62,53
2025-11-19 16:00:00,30.4 °C,22.5 °C,33.3 °C,12.0 °C,28 °C,28.0 °C,58,47
2025-11-19 16:30:00,27.3 °C,22.6 °C,30.1 °C,11.3 °C,28 °C,28.0 °C,69,57
2025-11-19 17:00:00,24.8 °C,22.1 °C,27.6 °C,10.7 °C,28 °C,28.0 °C,60,48
2025-11-19 17:30:00,24.8 °C,21.4 °C,28.6 °C,10.6 °C,28 °C,28.0 °C,59,51
2025-11-19 18:00:00,27.0 °C,20.9 °C,30.9 °C,10.0 °C,28 °C,28.0 °C,63,52
2025-11-19 18:30:00,29.6 °C,20.8 °C,32.3 °C,8.9 °C,28 °C,28.0 °C,65,60
2025-11-19 19:00:00,30.5 °C,21.3 °C,33.2 °C,8.8 °C,28 °C,28.0 °C,60,48
2025-11-19 19:30:00,28.7 °C,21.4 °C,31.4 °C,8.9 °C,28 °C,28.0 °C,57,45
2025-11-19 20:00:00,16.8 °C,20.4 °C,17.7 °C,8.3 °C,28 °C,28.0 °C,0,0
2025-11-19 20:30:00,16.7 °C,20.6 °C,17.2 °C,7.8 °C,28 °C,28.0 °C,0,0
2025-11-19 21:00:00,16.5 °C,20.7 °C,15.9 °C,6.6 °C,28 °C,28.3 °C,0,0
2025-11-19 21:30:00,16.6 °C,20.4 °C,15.2 °C,5.7 °C,28 °C,28.5 °C,0,0
2025-11-19 22:00:00,16.4 °C,20.5 °C,14.9 °C,4.9 °C,28 °C,28.6 °C,0,0
2025-11-19 22:30:00,16.8 °C,20.8 °C,14.8 °C,4.8 °C,28 °C,28.6 °C,0,0
2025-11-19 23:00:00,17.1 °C,21.3 °C,15.0 °C,4.4 °C,28 °C,28.7 °C,0,0
2025-11-19 23:30:00,16.9 °C,21.2 °C,14.0 °C,3.8 °C,28 °C,28.8 °C,0,0
2025-11-20 00:00:00,17.1 °C,21.6 °C,13.9 °C,3.0 °C,28 °C,29.0 °C,0,0
2025-11-20 00:30:00,16.5 °C,21.4 °C,13.7 °C,1.5 °C,28 °C,29.3 °C,0,0
2025-11-20 01:00:00,17.0 °C,21.9 °C,14.8 °C,2.3 °C,28 °C,29.1 °C,0,0
2025-11-20 01:30:00,16.2 °C,21.7 °C,14.1 °C,0.8 °C,28 °C,29.4 °C,0,0
2025-11-20 02:00:00,16.3 °C,21.8 °C,14.5 °C,1.1 °C,28 °C,29.4 °C,0,0
2025-11-20 02:30:00,16.6 °C,21.7 °C,13.9 °C,1.1 °C,28 °C,29.4 °C,0,0
2025-11-20 03:00:00,17.0 °C,22.0 °C,14.3 °C,1.0 °C,28 °C,29.4 °C,0,0
2025-11-20 03:30:00,17.3 °C,22.2 °C,15.0 °C,1.2 °C,28 °C,29.4 °C,0,0
2025-11-20 04:00:00,16.7 °C,21.8 °C,14.9 °C,1.0 °C,28 °C,29.4 °C,0,0
2025-11-20 04:30:00,16.6 °C,21.6 °C,15.0 °C,1.7 °C,28 °C,29.3 °C,0,0
2025-11-20 05:00:00,16.4 °C,22.1 °C,14.5 °C,1.3 °C,28 °C,29.3 °C,0,0
2025-11-20 05:30:00,16.6 °C,22.0 °C,15.3 °C,2.0 °C,28 °C,29.2 °C,0,0
2025-11-20 06:00:00,29.7 °C,23.0 °C,31.2 °C,2.1 °C,28 °C,29.2 °C,79,68
2025-11-20 06:30:00,31.8 °C,22.6 °C,33.1 °C,2.4 °C,28 °C,29.1 °C,76,67
2025-11-20 07:00:00,31.3 °C,22.4 °C,32.8 °C,2.8 °C,28 °C,29.0 °C,70,58
2025-11-20 07:30:00,28.6 °C,22.2 °C,29.9 °C,3.4 °C,28 °C,28.9 °C,71,60
2025-11-20 08:00:00,25.9 °C,22.4 °C,27.3 °C,4.4 °C,28 °C,28.7 °C,66,55
2025-11-20 08:30:00,25.4 °C,22.5 °C,25.9 °C,5.1 °C,28 °C,28.6 °C,70,60
2025-11-20 09:00:00,27.5 °C,22.7 °C,27.9 °C,6.4 °C,28 °C,28.3 °C,69,63
2025-11-20 09:30:00,29.5 °C,22.3 °C,30.5 °C,7.6 °C,28 °C,28.1 °C,70,60
2025-11-20 10:00:00,29.4 °C,22.4 °C,31.5 °C,8.3 °C,28 °C,28.0 °C,67,55
2025-11-20 10:30:00,27.0 °C,22.3 °C,29.8 °C,9.3 °C,28 °C,28.0 °C,63,52
2025-11-20 11:00:00,24.9 °C,21.7 °C,27.7 °C,10.9 °C,28 °C,28.0 °C,61,52
2025-11-20 11:30:00,25.0 °C,21.8 °C,27.9 °C,10.4 °C,28 °C,28.0 °C,59,47
2025-11-20 12:00:00,27.6 °C,22.1 °C,30.6 °C,11.4 °C,28 °C,28.0 °C,65,54
2025-11-20 12:30:00,30.2 °C,22.5 °C,32.8 °C,12.5 °C,28 °C,28.0 °C,57,46
2025-11-20 13:00:00,30.1 °C,22.4 °C,32.2 °C,12.9 °C,28 °C,28.0 °C,57,47
2025-11-20 13:30:00,28.0 °C,22.5 °C,30.2 °C,14.1 °C,28 °C,28.0 °C,57,46
2025-11-20 14:00:00,24.5 °C,22.6 °C,26.6 °C,15.0 °C,28 °C,28.0 °C,63,50
2025-11-20 23:30:00,16.1 °C,20.0 °C,15.4 °C,4.4 °C,28 °C,28.7 °C,0,0
2025-11-21 00:00:00,16.0 °C,20.5 °C,15.4 °C,4.0 °C,28 °C,28.8 °C,0,0
2025-11-21 00:30:00,16.0 °C,20.5 °C,15.4 °C,4.0 °C,28 °C,28.8 °C,0,0
2025-11-21 01:00:00,15.9 °C,19.8 °C,14.9 °C,3.4 °C,28 °C,28.9 °C,0,0
2025-11-21 01:30:00,16.0 °C,19.9 °C,15.5 °C,3.3 °C,28 °C,28.9 °C,0,0
2025-11-21 02:00:00,15.3 °C,19.9 °C,14.9 °C,2.3 °C,28 °C,29.1 °C,0,0
2025-11-21 02:30:00,15.2 °C,19.7 °C,15.0 °C,2.3 °C,28 °C,29.1 °C,0,0
2025-11-21 03:00:00,15.4 °C,20.1 °C,14.6 °C,1.8 °C,28 °C,29.2 °C,0,0
2025-11-21 03:30:00,15.9 °C,20.4 °C,15.2 °C,2.7 °C,28 °C,29.1 °C,0,0
2025-11-21 04:00:00,15.8 °C,20.5 °C,15.9 °C,2.8 °C,28 °C,29.0 °C,0,0
2025-11-21 04:30:00,15.6 °C,20.6 °C,16.0 °C,3.3 °C,28 °C,28.9 °C,0,0
2025-11-21 05:00:00,15.5 °C,20.7 °C,16.0 °C,3.6 °C,28 °C,28.9 °C,0,0
2025-11-21 05:30:00,15.4 °C,20.3 °C,15.9 °C,4.9 °C,28 °C,28.6 °C,0,0
2025-11-21 06:00:00,28.0 °C,21.3 °C,29.6 °C,4.2 °C,28 °C,28.8 °C,74,64
2025-11-21 06:30:00,30.4 °C,21.7 °C,31.6 °C,4.5 °C,28 °C,28.7 °C,70,61
2025-11-21 07:00:00,29.9 °C,21.9 °C,30.5 °C,4.3 °C,28 °C,28.7 °C,70,58
2025-11-21 07:30:00,27.3 °C,21.7 °C,29.1 °C,3.6 °C,28 °C,28.9 °C,66,57
2025-11-21 08:00:00,24.5 °C,21.7 °C,26.3 °C,3.7 °C,28 °C,28.9 °C,72,64
2025-11-21 08:30:00,24.1 °C,21.4 °C,26.1 °C,5.2 °C,28 °C,28.6 °C,68,61
2025-11-21 09:00:00,26.9 °C,21.5 °C,28.3 °C,5.8 °C,28 °C,28.4 °C,62,52
2025-11-21 09:30:00,29.3 °C,21.3 °C,30.0 °C,6.3 °C,28 °C,28.3 °C,66,60
2025-11-21 10:00:00,29.0 °C,21.1 °C,30.2 °C,7.5 °C,28 °C,28.1 °C,63,53
2025-11-21 10:30:00,26.5 °C,21.3 °C,27.2 °C,8.1 °C,28 °C,28.0 °C,64,55
2025-11-21 11:00:00,23.4 °C,21.1 °C,24.9 °C,9.0 °C,28 °C,28.0 °C,59,49
2025-11-21 11:30:00,23.9 °C,21.0 °C,26.3 °C,9.7 °C,28 °C,28.0 °C,57,50
2025-11-21 12:00:00,25.6 °C,21.2 °C,27.5 °C,10.4 °C,28 °C,28.0 °C,60,51
2025-11-21 12:30:00,28.0 °C,20.8 °C,29.7 °C,10.5 °C,28 °C,28.0 °C,59,48
2025-11-21 13:00:00,28.2 °C,20.9 °C,28.7 °C,11.4 °C,28 °C,28.0 °C,59,51
2025-11-21 13:30:00,26.2 °C,20.6 °C,25.9 °C,10.8 °C,28 °C,28.0 °C,56,45
2025-11-21 14:00:00,24.0 °C,20.3 °C,24.3 °C,11.0 °C,28 °C,28.0 °C,60,50
2025-11-21 14:30:00,24.1 °C,20.8 °C,25.3 °C,11.7 °C,28 °C,28.0 °C,62,49
2025-11-21 15:00:00,27.3 °C,20.7 °C,28.1 °C,11.6 °C,28 °C,28.0 °C,61,52
2025-11-21 15:30:00,30.6 °C,20.7 °C,31.2 °C,11.3 °C,28 °C,28.0 °C,59,45
2025-11-21 16:00:00,30.6 °C,21.0 °C,30.5 °C,12.5 °C,28 °C,28.0 °C,55,44
2025-11-21 16:30:00,28.1 °C,21.5 °C,27.7 °C,13.0 °C,28 °C,28.0 °C,57,45
2025-11-21 17:00:00,25.6 °C,21.5 °C,26.1 °C,12.6 °C,28 °C,28.0 °C,58,46
2025-11-21 17:30:00,25.4 °C,21.8 °C,26.2 °C,11.5 °C,28 °C,28.0 °C,63,52
2025-11-21 18:00:00,28.0 °C,21.7 °C,28.0 °C,9.7 °C,28 °C,28.0 °C,63,51
2025-11-21 18:30:00,30.9 °C,21.7 °C,31.4 °C,9.7 °C,28 °C,28.0 °C,61,53
2025-11-21 19:00:00,29.9 °C,21.7 °C,31.7 °C,10.0 °C,28 °C,28.0 °C,59,49
2025-11-21 19:30:00,27.4 °C,21.8 °C,29.1 °C,9.6 °C,28 °C,28.0 °C,65,55
2025-11-21 20:00:00,17.4 °C,21.1 °C,16.6 °C,7.8 °C,28 °C,28.0 °C,0,0
2025-11-21 20:30:00,17.1 °C,20.7 °C,16.7 °C,7.4 °C,28 °C,28.1 °C,0,0
2025-11-21 21:00:00,16.4 °C,20.5 °C,16.1 °C,6.5 °C,28 °C,28.3 °C,0,0
2025-11-21 21:30:00,16.0 °C,20.4 °C,16.0 °C,6.0 °C,28 °C,28.4 °C,0,0
2025-11-21 22:00:00,16.2 °C,20.2 °C,15.5 °C,6.6 °C,28 °C,28.3 °C,0,0
2025-11-21 22:30:00,16.3 °C,20.3 °C,15.5 °C,6.4 °C,28 °C,28.3 °C,0,0
2025-11-21 23:00:00,16.5 °C,20.4 °C,16.2 °C,6.0 °C,28 °C,28.4 °C,0,0
2025-11-21 23:30:00,16.5 °C,20.5 °C,16.2 °C,5.3 °C,28 °C,28.5 °C,0,0
2025-11-22 00:00:00,16.1 °C,20.4 °C,16.0 °C,4.8 °C,28 °C,28.6 °C,0,0
2025-11-22 00:30:00,15.2 °C,20.8 °C,16.0 °C,3.9 °C,28 °C,28.8 °C,0,0
2025-11-22 01:00:00,15.3 °C,20.8 °C,15.9 °C,3.8 °C,28 °C,28.8 °C,0,0
2025-11-22 01:30:00,14.9 °C,20.8 °C,15.8 °C,3.3 °C,28 °C,28.9 °C,0,0
2025-11-22 02:00:00,14.9 °C,20.8 °C,15.9 °C,2.5 °C,28 °C,29.1 °C,0,0
2025-11-22 02:30:00,15.5 °C,21.0 °C,15.9 °C,2.8 °C,28 °C,29.0 °C,0,0
2025-11-22 03:00:00,14.9 °C,21.0 °C,15.7 °C,1.4 °C,28 °C,29.3 °C,0,0
2025-11-22 03:30:00,14.8 °C,20.8 °C,15.1 °C,1.1 °C,28 °C,29.4 °C,0,0
2025-11-22 04:00:00,15.5 °C,21.2 °C,15.4 °C,1.7 °C,28 °C,29.3 °C,0,0
2025-11-22 04:30:00,15.9 °C,21.3 °C,15.4 °C,2.7 °C,28 °C,29.1 °C,0,0
2025-11-22 05:00:00,15.9 °C,21.0 °C,15.4 °C,3.2 °C,28 °C,29.0 °C,0,0
2025-11-22 05:30:00,15.0 °C,20.5 °C,15.1 °C,3.0 °C,28 °C,29.0 °C,0,0
2025-11-22 06:00:00,15.3 °C,20.7 °C,15.5 °C,3.4 °C,28 °C,28.9 °C,0,0
2025-11-22 06:30:00,15.7 °C,21.0 °C,16.0 °C,4.0 °C,28 °C,28.8 °C,0,0
2025-11-22 07:00:00,30.6 °C,22.0 °C,32.4 °C,5.4 °C,28 °C,28.5 °C,68,54
2025-11-22 07:30:00,28.3 °C,22.1 °C,30.2 °C,6.3 °C,28 °C,28.3 °C,65,55
2025-11-22 08:00:00,25.0 °C,22.3 °C,27.1 °C,7.3 °C,28 °C,28.1 °C,63,53
2025-11-22 08:30:00,24.7 °C,22.2 °C,26.9 °C,7.7 °C,28 °C,28.1 °C,68,59
2025-11-22 09:00:00,27.2 °C,21.7 °C,29.4 °C,7.5 °C,28 °C,28.1 °C,53,46
2025-11-22 09:30:00,29.6 °C,21.6 °C,32.5 °C,7.1 °C,28 °C,28.2 °C,72,59
2025-11-22 10:00:00,30.0 °C,21.8 °C,32.9 °C,7.5 °C,28 °C,28.1 °C,64,55
2025-11-22 10:30:00,27.3 °C,21.9 °C,29.9 °C,8.5 °C,28 °C,28.0 °C,55,50
2025-11-22 11:00:00,25.2 °C,21.8 °C,28.7 °C,8.7 °C,28 °C,28.0 °C,70,57
2025-11-22 11:30:00,25.4 °C,21.7 °C,28.4 °C,9.5 °C,28 °C,28.0 °C,54,42
2025-11-22 12:00:00,27.8 °C,21.7 °C,31.6 °C,9.4 °C,28 °C,28.0 °C,54,46
2025-11-22 12:30:00,30.6 °C,21.6 °C,33.2 °C,9.5 °C,28 °C,28.0 °C,58,49
2025-11-22 13:00:00,29.9 °C,21.6 °C,32.3 °C,10.7 °C,28 °C,28.0 °C,60,50
2025-11-22 13:30:00,27.5 °C,21.7 °C,29.0 °C,11.4 °C,28 °C,28.0 °C,64,55
2025-11-22 14:00:00,17.7 °C,20.6 °C,18.5 °C,11.3 °C,28 °C,28.0 °C,0,0
2025-11-22 14:30:00,18.0 °C,20.8 °C,18.8 °C,10.9 °C,28 °C,28.0 °C,0,0
2025-11-22 15:00:00,18.6 °C,20.8 °C,19.2 °C,11.5 °C,28 °C,28.0 °C,0,0
2025-11-22 15:30:00,18.9 °C,20.9 °C,19.4 °C,11.9 °C,28 °C,28.0 °C,0,0
2025-11-22 16:00:00,19.4 °C,20.9 °C,19.5 °C,12.1 °C,28 °C,28.0 °C,0,0
2025-11-22 16:30:00,19.6 °C,21.3 °C,19.2 °C,11.6 °C,28 °C,28.0 °C,0,0
2025-11-22 17:00:00,18.8 °C,21.4 °C,19.2 °C,10.6 °C,28 °C,28.0 °C,0,0
2025-11-22 17:30:00,18.5 °C,21.4 °C,19.0 °C,10.3 °C,28 °C,28.0 °C,0,0
2025-11-22 18:00:00,18.8 °C,21.4 °C,19.0 °C,10.7 °C,28 °C,28.0 °C,0,0
2025-11-22 18:30:00,18.7 °C,21.9 °C,19.2 °C,9.6 °C,28 °C,28.0 °C,0,0
2025-11-22 19:00:00,18.4 °C,21.8 °C,18.8 °C,9.1 °C,28 °C,28.0 °C,0,0
2025-11-22 19:30:00,18.2 °C,21.7 °C,18.6 °C,9.5 °C,28 °C,28.0 °C,0,0
2025-11-22 20:00:00,18.3 °C,21.7 °C,18.6 °C,8.6 °C,28 °C,28.0 °C,0,0
2025-11-22 20:30:00,18.0 °C,21.1 °C,17.4 °C,7.9 °C,28 °C,28.0 °C,0,0
2025-11-22 21:00:00,17.4 °C,21.1 °C,17.1 °C,6.4 °C,28 °C,28.3 °C,0,0
2025-11-22 21:30:00,17.3 °C,21.3 °C,16.8 °C,6.2 °C,28 °C,28.4 °C,0,0
2025-11-22 22:00:00,17.3 °C,21.4 °C,16.0 °C,5.1 °C,28 °C,28.6 °C,0,0
2025-11-22 22:30:00,17.3 °C,21.7 °C,16.0 °C,3.6 °C,28 °C,28.9 °C,0,0
2025-11-22 23:00:00,16.6 °C,21.8 °C,15.9 °C,2.6 °C,28 °C,29.1 °C,0,0
2025-11-22 23:30:00,16.6 °C,21.8 °C,15.7 °C,2.4 °C,28 °C,29.1 °C,0,0
2025-11-23 00:00:00,16.4 °C,21.9 °C,15.0 °C,1.0 °C,28 °C,29.4 °C,0,0
2025-11-23 00:30:00,16.0 °C,21.9 °C,14.9 °C,0.0 °C,28 °C,29.6 °C,0,0
2025-11-23 01:00:00,15.7 °C,21.7 °C,14.8 °C,0.3 °C,28 °C,29.5 °C,0,0
2025-11-23 01:30:00,15.3 °C,21.6 °C,14.9 °C,0.2 °C,28 °C,29.6 °C,0,0
2025-11-23 02:00:00,13.9 °C,20.9 °C,14.1 °C,-0.4 °C,28 °C,29.7 °C,0,0
2025-11-23 02:30:00,14.0 °C,21.3 °C,14.3 °C,-0.4 °C,28 °C,29.7 °C,0,0
2025-11-23 03:00:00,13.9 °C,21.2 °C,15.0 °C,0.8 °C,28 °C,29.4 °C,0,0
2025-11-23 03:30:00,14.0 °C,20.9 °C,14.7 °C,1.7 °C,28 °C,29.3 °C,0,0
2025-11-23 04:00:00,14.1 °C,20.8 °C,14.3 °C,1.8 °C,28 °C,29.2 °C,0,0
2025-11-23 04:30:00,14.4 °C,21.3 °C,14.6 °C,2.5 °C,28 °C,29.1 °C,0,0
2025-11-23 05:00:00,15.0 °C,21.2 °C,14.9 °C,2.8 °C,28 °C,29.0 °C,0,0
2025-11-23 05:30:00,15.3 °C,21.2 °C,15.3 °C,2.0 °C,28 °C,29.2 °C,0,0
2025-11-23 06:00:00,15.5 °C,21.7 °C,15.5 °C,1.3 °C,28 °C,29.3 °C,0,0
2025-11-23 06:30:00,15.8 °C,21.8 °C,15.3 °C,1.3 °C,28 °C,29.3 °C,0,0
2025-11-23 07:00:00,15.2 °C,21.7 °C,14.9 °C,1.1 °C,28 °C,29.4 °C,0,0
2025-11-23 07:30:00,15.2 °C,21.2 °C,15.0 °C,2.1 °C,28 °C,29.2 °C,0,0
2025-11-23 08:00:00,15.1 °C,21.3 °C,14.8 °C,2.6 °C,28 °C,29.1 °C,0,0
2025-11-23 08:30:00,14.9 °C,21.1 °C,14.5 °C,3.6 °C,28 °C,28.9 °C,0,0
2025-11-23 09:00:00,15.1 °C,21.2 °C,15.1 °C,4.7 °C,28 °C,28.7 °C,0,0
2025-11-23 09:30:00,15.5 °C,21.1 °C,15.8 °C,5.9 °C,28 °C,28.4 °C,0,0
2025-11-23 10:00:00,15.6 °C,21.2 °C,16.2 °C,6.0 °C,28 °C,28.4 °C,0,0
2025-11-23 10:30:00,16.2 °C,21.4 °C,16.8 °C,7.0 °C,28 °C,28.2 °C,0,0
2025-11-23 11:00:00,15.6 °C,20.9 °C,16.9 °C,7.0 °C,28 °C,28.2 °C,0,0
2025-11-23 11:30:00,16.1 °C,20.9 °C,17.1 °C,8.1 °C,28 °C,28.0 °C,0,0
2025-11-23 12:00:00,16.4 °C,20.9 °C,17.4 °C,9.4 °C,28 °C,28.0 °C,0,0
2025-11-23 12:30:00,16.8 °C,21.0 °C,17.7 °C,10.2 °C,28 °C,28.0 °C,0,0
2025-11-23 13:00:00,17.0 °C,21.1 °C,17.9 °C,10.4 °C,28 °C,28.0 °C,0,0
2025-11-23 13:30:00,16.8 °C,21.1 °C,19.2 °C,11.0 °C,28 °C,28.0 °C,0,0
2025-11-23 14:00:00,16.4 °C,20.9 °C,18.7 °C,10.2 °C,28 °C,28.0 °C,0,0
2025-11-23 14:30:00,16.2 °C,20.6 °C,18.2 °C,9.3 °C,28 °C,28.0 °C,0,0
2025-11-23 15:00:00,16.4 °C,20.2 °C,18.5 °C,9.7 °C,28 °C,28.0 °C,0,0
2025-11-23 15:30:00,16.5 °C,20.3 °C,18.8 °C,10.6 °C,28 °C,28.0 °C,0,0
2025-11-23 16:00:00,16.2 °C,20.5 °C,18.0 °C,9.8 °C,28 °C,28.0 °C,0,0
2025-11-23 16:30:00,16.2 °C,20.4 °C,18.4 °C,9.7 °C,28 °C,28.0 °C,0,0
2025-11-23 17:00:00,16.7 °C,20.7 °C,18.6 °C,9.7 °C,28 °C,28.0 °C,0,0
2025-11-23 17:30:00,16.7 °C,20.7 °C,17.4 °C,9.1 °C,28 °C,28.0 °C,0,0
2025-11-23 18:00:00,16.3 °C,20.7 °C,17.1 °C,8.6 °C,28 °C,28.0 °C,0,0
2025-11-23 18:30:00,16.2 °C,20.3 °C,16.6 °C,8.6 °C,28 °C,28.0 °C,0,0
2025-11-23 19:00:00,16.5 °C,20.3 °C,16.4 °C,8.2 °C,28 °C,28.0 °C,0,0
2025-11-23 19:30:00,16.6 °C,20.5 °C,16.4 °C,7.8 °C,28 °C,28.0 °C,0,0
2025-11-23 20:00:00,16.3 °C,20.9 °C,16.6 °C,6.6 °C,28 °C,28.3 °C,0,0
2025-11-23 20:30:00,16.4 °C,20.9 °C,16.8 °C,6.1 °C,28 °C,28.4 °C,0,0
2025-11-23 21:00:00,16.4 °C,21.1 °C,17.1 °C,5.4 °C,28 °C,28.5 °C,0,0
2025-11-23 21:30:00,16.3 °C,21.4 °C,17.5 °C,4.7 °C,28 °C,28.7 °C,0,0
2025-11-23 22:00:00,16.1 °C,21.1 °C,16.9 °C,3.9 °C,28 °C,28.8 °C,0,0
2025-11-23 22:30:00,16.0 °C,21.1 °C,16.1 °C,3.4 °C,28 °C,28.9 °C,0,0
2025-11-23 23:00:00,15.7 °C,21.2 °C,15.0 °C,2.5 °C,28 °C,29.1 °C,0,0
2025-11-23 23:30:00,16.0 °C,21.4 °C,15.4 °C,2.2 °C,28 °C,29.2 °C,0,0
2025-11-24 00:00:00,15.4 °C,21.1 °C,15.0 °C,1.5 °C,28 °C,29.3 °C,0,0
2025-11-24 00:30:00,14.9 °C,21.2 °C,15.2 °C,0.7 °C,28 °C,29.5 °C,0,0
2025-11-24 01:00:00,14.5 °C,21.1 °C,14.9 °C,-0.6 °C,28 °C,29.7 °C,0,0
2025-11-24 01:30:00,15.2 °C,21.1 °C,14.6 °C,-0.0 °C,28 °C,29.6 °C,0,0
2025-11-24 02:00:00,14.9 °C,21.4 °C,14.7 °C,0.4 °C,28 °C,29.5 °C,0,0
2025-11-24 02:30:00,15.2 °C,21.7 °C,15.0 °C,-0.0 °C,28 °C,29.6 °C,0,0
2025-11-24 03:00:00,15.5 °C,21.9 °C,15.0 °C,0.5 °C,28 °C,29.5 °C,0,0
2025-11-24 03:30:00,15.0 °C,21.6 °C,15.1 °C,0.0 °C,28 °C,29.6 °C,0,0
2025-11-24 04:00:00,14.7 °C,21.4 °C,14.9 °C,0.1 °C,28 °C,29.6 °C,0,0
2025-11-24 04:30:00,15.1 °C,21.6 °C,14.9 °C,0.2 °C,28 °C,29.6 °C,0,0
2025-11-24 05:00:00,15.4 °C,21.7 °C,14.6 °C,0.4 °C,28 °C,29.5 °C,0,0
2025-11-24 05:30:00,15.3 °C,21.5 °C,15.4 °C,1.3 °C,28 °C,29.3 °C,0,0
2025-11-24 06:00:00,28.2 °C,22.1 °C,31.3 °C,1.6 °C,28 °C,29.3 °C,75,67
2025-11-24 06:30:00,31.1 °C,21.1 °C,34.4 °C,2.0 °C,28 °C,29.2 °C,65,55
2025-11-24 07:00:00,30.9 °C,20.7 °C,34.7 °C,3.0 °C,28 °C,29.0 °C,73,61
2025-11-24 07:30:00,28.3 °C,20.8 °C,32.0 °C,3.7 °C,28 °C,28.9 °C,76,68
2025-11-24 08:00:00,25.4 °C,20.8 °C,28.7 °C,4.0 °C,28 °C,28.8 °C,68,55
2025-11-24 08:30:00,25.1 °C,21.0 °C,28.8 °C,4.8 °C,28 °C,28.6 °C,72,66
2025-11-24 09:00:00,27.1 °C,21.2 °C,30.2 °C,6.0 °C,28 °C,28.4 °C,65,53
2025-11-24 09:30:00,28.9 °C,21.8 °C,31.6 °C,7.3 °C,28 °C,28.1 °C,60,52
2025-11-24 10:00:00,29.2 °C,21.6 °C,31.8 °C,7.0 °C,28 °C,28.2 °C,64,58
2025-11-24 10:30:00,26.8 °C,21.1 °C,29.1 °C,6.8 °C,28 °C,28.2 °C,63,51
2025-11-24 11:00:00,24.6 °C,21.0 °C,26.9 °C,8.0 °C,28 °C,28.0 °C,64,51
2025-11-24 11:30:00,24.5 °C,21.5 °C,26.5 °C,8.4 °C,28 °C,28.0 °C,62,53
2025-11-24 12:00:00,27.2 °C,21.5 °C,29.7 °C,7.6 °C,28 °C,28.1 °C,61,54
2025-11-24 12:30:00,29.7 °C,21.8 °C,32.7 °C,7.7 °C,28 °C,28.1 °C,65,57
2025-11-24 13:00:00,29.9 °C,21.6 °C,33.2 °C,8.0 °C,28 °C,28.0 °C,67,55
2025-11-24 13:30:00,27.2 °C,21.5 °C,30.7 °C,8.2 °C,28 °C,28.0 °C,65,58
2025-11-24 14:00:00,25.2 °C,21.1 °C,27.7 °C,9.1 °C,28 °C,28.0 °C,62,57
2025-11-24 14:30:00,24.8 °C,21.1 °C,27.2 °C,8.8 °C,28 °C,28.0 °C,62,50
2025-11-24 15:00:00,27.3 °C,21.1 °C,30.1 °C,9.6 °C,28 °C,28.0 °C,62,53
2025-11-24 15:30:00,29.3 °C,21.4 °C,32.7 °C,9.8 °C,28 °C,28.0 °C,59,50
2025-11-24 16:00:00,29.4 °C,21.6 °C,32.6 °C,9.0 °C,28 °C,28.0 °C,64,54
2025-11-24 16:30:00,27.4 °C,22.1 °C,31.1 °C,8.8 °C,28 °C,28.0 °C,58,47
2025-11-24 17:00:00,25.3 °C,22.0 °C,29.0 °C,8.9 °C,28 °C,28.0 °C,57,45
2025-11-24 17:30:00,25.7 °C,22.0 °C,28.0 °C,8.7 °C,28 °C,28.0 °C,64,51
2025-11-24 18:00:00,28.0 °C,22.0 °C,30.2 °C,8.7 °C,28 °C,28.0 °C,59,51
2025-11-24 18:30:00,30.8 °C,21.8 °C,32.5 °C,7.9 °C,28 °C,28.0 °C,61,50
2025-11-24 19:00:00,30.5 °C,21.9 °C,32.0 °C,7.9 °C,28 °C,28.0 °C,60,54
2025-11-24 19:30:00,28.0 °C,21.8 °C,30.1 °C,7.2 °C,28 °C,28.2 °C,67,58
2025-11-24 20:00:00,17.5 °C,21.3 °C,17.6 °C,8.2 °C,28 °C,28.0 °C,0,0
2025-11-24 20:30:00,16.8 °C,21.1 °C,17.0 °C,6.7 °C,28 °C,28.3 °C,0,0
2025-11-24 21:00:00,16.9 °C,20.9 °C,17.5 °C,7.8 °C,28 °C,28.0 °C,0,0
2025-11-24 21:30:00,16.0 °C,20.6 °C,17.1 °C,6.4 °C,28 °C,28.3 °C,0,0
2025-11-24 22:00:00,16.1 °C,20.7 °C,16.5 °C,6.5 °C,28 °C,28.3 °C,0,0
2025-11-24 22:30:00,15.8 °C,20.4 °C,16.5 °C,6.3 °C,28 °C,28.3 °C,0,0
2025-11-24 23:00:00,15.4 °C,20.4 °C,16.1 °C,5.1 °C,28 °C,28.6 °C,0,0
2025-11-24 23:30:00,14.8 °C,20.2 °C,16.0 °C,4.8 °C,28 °C,28.6 °C,0,0
2025-11-25 00:00:00,14.5 °C,20.0 °C,15.5 °C,3.8 °C,28 °C,28.8 °C,0,0
2025-11-25 00:30:00,13.9 °C,19.9 °C,15.4 °C,3.4 °C,28 °C,28.9 °C,0,0
2025-11-25 01:00:00,14.0 °C,20.2 °C,15.5 °C,3.1 °C,28 °C,29.0 °C,0,0
2025-11-25 01:30:00,13.6 °C,20.2 °C,15.1 °C,2.5 °C,28 °C,29.1 °C,0,0
2025-11-25 02:00:00,13.8 °C,20.2 °C,14.7 °C,2.0 °C,28 °C,29.2 °C,0,0
2025-11-25 02:30:00,14.4 °C,20.4 °C,14.8 °C,2.1 °C,28 °C,29.2 °C,0,0
2025-11-25 03:00:00,14.3 °C,20.3 °C,14.2 °C,1.4 °C,28 °C,29.3 °C,0,0
2025-11-25 03:30:00,13.7 °C,19.9 °C,13.6 °C,0.9 °C,28 °C,29.4 °C,0,0
2025-11-25 04:00:00,13.7 °C,19.7 °C,13.7 °C,1.7 °C,28 °C,29.3 °C,0,0
2025-11-25 04:30:00,13.9 °C,19.7 °C,14.2 °C,2.1 °C,28 °C,29.2 °C,0,0
2025-11-25 05:00:00,13.8 °C,19.8 °C,14.3 °C,1.6 °C,28 °C,29.3 °C,0,0
2025-11-25 05:30:00,14.1 °C,20.1 °C,15.0 °C,1.3 °C,28 °C,29.3 °C,0,0
2025-11-25 06:00:00,29.1 °C,21.0 °C,29.7 °C,0.6 °C,28 °C,29.5 °C,75,63
2025-11-25 06:30:00,31.2 °C,21.3 °C,32.4 °C,1.8 °C,28 °C,29.2 °C,77,67
2025-11-25 07:00:00,30.7 °C,21.4 °C,31.6 °C,2.8 °C,28 °C,29.0 °C,70,60
2025-11-25 07:30:00,28.7 °C,21.1 °C,30.1 °C,2.8 °C,28 °C,29.0 °C,81,72
2025-11-25 08:00:00,26.5 °C,20.5 °C,27.5 °C,3.9 °C,28 °C,28.8 °C,73,62
2025-11-25 08:30:00,25.6 °C,20.4 °C,26.6 °C,5.7 °C,28 °C,28.5 °C,61,53
2025-11-25 09:00:00,28.6 °C,20.6 °C,30.6 °C,5.4 °C,28 °C,28.5 °C,66,57
2025-11-25 09:30:00,30.6 °C,20.8 °C,32.9 °C,5.6 °C,28 °C,28.5 °C,65,55
2025-11-25 10:00:00,29.8 °C,20.8 °C,31.1 °C,5.4 °C,28 °C,28.5 °C,74,63
2025-11-25 10:30:00,27.2 °C,21.0 °C,30.2 °C,6.7 °C,28 °C,28.3 °C,63,49
2025-11-25 11:00:00,25.0 °C,21.4 °C,27.3 °C,7.2 °C,28 °C,28.2 °C,58,47
2025-11-25 11:30:00,24.4 °C,21.4 °C,27.6 °C,7.6 °C,28 °C,28.1 °C,67,59
2025-11-25 12:00:00,26.0 °C,21.5 °C,29.0 °C,8.3 °C,28 °C,28.0 °C,54,41
2025-11-25 12:30:00,28.5 °C,21.9 °C,30.7 °C,8.4 °C,28 °C,28.0 °C,62,48
2025-11-25 13:00:00,28.4 °C,21.5 °C,30.4 °C,8.6 °C,28 °C,28.0 °C,65,54
2025-11-25 13:30:00,26.7 °C,21.9 °C,28.4 °C,9.2 °C,28 °C,28.0 °C,60,49
2025-11-25 14:00:00,24.4 °C,21.2 °C,25.8 °C,9.1 °C,28 °C,28.0 °C,66,62
2025-11-25 14:30:00,24.8 °C,21.1 °C,26.3 °C,9.0 °C,28 °C,28.0 °C,63,53
2025-11-25 15:00:00,27.4 °C,21.0 °C,29.2 °C,9.1 °C,28 °C,28.0 °C,59,48
2025-11-25 15:30:00,30.5 °C,20.7 °C,33.1 °C,9.3 °C,28 °C,28.0 °C,62,54
2025-11-25 16:00:00,30.2 °C,20.7 °C,32.7 °C,9.6 °C,28 °C,28.0 °C,66,56
2025-11-25 16:30:00,27.7 °C,20.8 °C,30.3 °C,9.9 °C,28 °C,28.0 °C,61,51
2025-11-25 17:00:00,24.7 °C,21.1 °C,26.8 °C,8.7 °C,28 °C,28.0 °C,64,57
2025-11-25 17:30:00,25.1 °C,21.3 °C,27.1 °C,9.4 °C,28 °C,28.0 °C,62,48
2025-11-25 18:00:00,28.0 °C,21.4 °C,29.8 °C,9.0 °C,28 °C,28.0 °C,59,48
2025-11-25 18:30:00,30.8 °C,21.7 °C,31.9 °C,8.4 °C,28 °C,28.0 °C,58,49
2025-11-25 19:00:00,30.8 °C,21.9 °C,33.3 °C,7.4 °C,28 °C,28.1 °C,66,54
2025-11-25 19:30:00,27.7 °C,21.8 °C,30.2 °C,8.1 °C,28 °C,28.0 °C,67,56
2025-11-25 20:00:00,16.6 °C,20.9 °C,17.3 °C,9.0 °C,28 °C,28.0 °C,0,0
2025-11-25 20:30:00,16.7 °C,20.7 °C,18.0 °C,9.3 °C,28 °C,28.0 °C,0,0
2025-11-25 21:00:00,16.2 °C,20.4 °C,17.6 °C,8.5 °C,28 °C,28.0 °C,0,0
2025-11-25 21:30:00,16.8 °C,20.6 °C,17.7 °C,7.9 °C,28 °C,28.0 °C,0,0
2025-11-25 22:00:00,16.3 °C,20.2 °C,17.3 °C,8.0 °C,28 °C,28.0 °C,0,0
2025-11-25 22:30:00,15.2 °C,20.2 °C,16.9 °C,6.9 °C,28 °C,28.2 °C,0,0
2025-11-25 23:00:00,14.9 °C,19.7 °C,16.7 °C,6.5 °C,28 °C,28.3 °C,0,0
2025-11-25 23:30:00,14.6 °C,19.8 °C,16.8 °C,5.8 °C,28 °C,28.4 °C,0,0
2025-11-26 00:00:00,14.8 °C,19.8 °C,16.8 °C,6.1 °C,28 °C,28.4 °C,0,0
2025-11-26 00:30:00,15.1 °C,20.0 °C,17.1 °C,6.3 °C,28 °C,28.3 °C,0,0
2025-11-26 01:00:00,14.8 °C,20.0 °C,16.7 °C,5.4 °C,28 °C,28.5 °C,0,0
2025-11-26 01:30:00,14.9 °C,20.1 °C,16.8 °C,5.8 °C,28 °C,28.4 °C,0,0
2025-11-26 02:00:00,15.0 °C,20.2 °C,16.6 °C,5.2 °C,28 °C,28.6 °C,0,0
2025-11-26 02:30:00,14.6 °C,20.1 °C,16.2 °C,4.3 °C,28 °C,28.7 °C,0,0
2025-11-26 03:00:00,14.5 °C,20.0 °C,16.2 °C,3.8 °C,28 °C,28.8 °C,0,0
2025-11-26 03:30:00,14.3 °C,19.9 °C,16.0 °C,3.7 °C,28 °C,28.9 °C,0,0
2025-11-26 04:00:00,14.7 °C,20.0 °C,15.6 °C,3.1 °C,28 °C,29.0 °C,0,0
2025-11-26 04:30:00,14.9 °C,19.9 °C,15.3 °C,2.8 °C,28 °C,29.0 °C,0,0
2025-11-26 05:00:00,14.5 °C,20.1 °C,15.1 °C,2.1 °C,28 °C,29.2 °C,0,0
2025-11-26 05:30:00,14.2 °C,19.8 °C,14.9 °C,1.9 °C,28 °C,29.2 °C,0,0
2025-11-26 06:00:00,28.1 °C,20.4 °C,30.6 °C,2.5 °C,28 °C,29.1 °C,72,65
2025-11-26 06:30:00,31.0 °C,21.0 °C,34.2 °C,3.6 °C,28 °C,28.9 °C,72,61
2025-11-26 07:00:00,31.1 °C,21.0 °C,33.9 °C,4.6 °C,28 °C,28.7 °C,68,56
2025-11-26 07:30:00,28.9 °C,20.8 °C,31.3 °C,5.2 °C,28 °C,28.6 °C,62,49
2025-11-26 08:00:00,26.4 °C,20.9 °C,28.6 °C,4.8 °C,28 °C,28.6 °C,74,66
2025-11-26 08:30:00,26.2 °C,21.1 °C,28.8 °C,4.8 °C,28 °C,28.6 °C,66,56
2025-11-26 09:00:00,28.6 °C,21.4 °C,31.4 °C,5.3 °C,28 °C,28.5 °C,66,59
2025-11-26 09:30:00,30.9 °C,21.2 °C,33.4 °C,6.5 °C,28 °C,28.3 °C,64,54
2025-11-26 10:00:00,31.4 °C,21.1 °C,33.7 °C,6.8 °C,28 °C,28.2 °C,71,60
2025-11-26 10:30:00,28.6 °C,21.1 °C,31.6 °C,6.6 °C,28 °C,28.3 °C,67,57
2025-11-26 11:00:00,25.8 °C,21.2 °C,28.0 °C,8.1 °C,28 °C,28.0 °C,65,55
2025-11-26 11:30:00,25.5 °C,21.3 °C,29.1 °C,8.2 °C,28 °C,28.0 °C,66,55
2025-11-26 12:00:00,27.1 °C,21.1 °C,30.4 °C,8.0 °C,28 °C,28.0 °C,66,56
2025-11-26 12:30:00,30.0 °C,21.0 °C,33.0 °C,8.6 °C,28 °C,28.0 °C,63,51
2025-11-26 13:00:00,30.8 °C,21.0 °C,33.9 °C,9.0 °C,28 °C,28.0 °C,62,55
2025-11-26 13:30:00,28.6 °C,21.5 °C,31.9 °C,9.0 °C,28 °C,28.0 °C,66,53
2025-11-26 14:00:00,26.2 °C,21.5 °C,29.0 °C,9.3 °C,28 °C,28.0 °C,58,50
2025-11-26 14:30:00,26.9 °C,22.3 °C,29.8 °C,8.9 °C,28 °C,28.0 °C,59,48
2025-11-26 15:00:00,29.4 °C,22.2 °C,31.7 °C,8.8 °C,28 °C,28.0 °C,64,48
2025-11-26 15:30:00,32.0 °C,21.7 °C,34.0 °C,8.9 °C,28 °C,28.0 °C,63,49
2025-11-26 16:00:00,31.9 °C,21.8 °C,33.1 °C,7.7 °C,28 °C,28.1 °C,63,53
2025-11-26 16:30:00,29.4 °C,22.0 °C,30.8 °C,8.3 °C,28 °C,28.0 °C,70,59
2025-11-26 17:00:00,26.9 °C,22.1 °C,28.3 °C,7.4 °C,28 °C,28.1 °C,61,52
2025-11-26 17:30:00,27.3 °C,22.1 °C,27.7 °C,6.7 °C,28 °C,28.3 °C,66,55
2025-11-26 18:00:00,29.0 °C,22.0 °C,29.2 °C,7.2 °C,28 °C,28.2 °C,66,57
2025-11-26 18:30:00,31.5 °C,21.9 °C,31.9 °C,7.3 °C,28 °C,28.1 °C,63,53
2025-11-26 19:00:00,31.1 °C,21.3 °C,32.1 °C,7.0 °C,28 °C,28.2 °C,63,54
2025-11-26 19:30:00,29.2 °C,21.6 °C,29.6 °C,5.5 °C,28 °C,28.5 °C,67,58
2025-11-26 20:00:00,16.5 °C,20.6 °C,15.3 °C,4.8 °C,28 °C,28.6 °C,0,0
2025-11-26 20:30:00,16.7 °C,20.9 °C,15.1 °C,4.3 °C,28 °C,28.7 °C,0,0
2025-11-26 21:00:00,16.6 °C,20.7 °C,14.3 °C,3.9 °C,28 °C,28.8 °C,0,0
2025-11-26 21:30:00,16.8 °C,20.7 °C,15.0 °C,4.2 °C,28 °C,28.8 °C,0,0
2025-11-26 22:00:00,17.3 °C,21.1 °C,15.5 °C,4.9 °C,28 °C,28.6 °C,0,0
2025-11-26 22:30:00,17.1 °C,21.4 °C,15.4 °C,4.7 °C,28 °C,28.7 °C,0,0
2025-11-26 23:00:00,17.2 °C,21.5 °C,15.5 °C,3.8 °C,28 °C,28.8 °C,0,0
2025-11-26 23:30:00,17.1 °C,21.0 °C,15.8 °C,4.0 °C,28 °C,28.8 °C,0,0
2025-11-27 00:00:00,16.4 °C,20.6 °C,15.2 °C,3.0 °C,28 °C,29.0 °C,0,0
2025-11-27 00:30:00,15.9 °C,20.8 °C,15.2 °C,0.9 °C,28 °C,29.4 °C,0,0
2025-11-27 01:00:00,15.4 °C,20.7 °C,14.7 °C,-0.0 °C,28 °C,29.6 °C,0,0
2025-11-27 01:30:00,14.8 °C,20.7 °C,13.9 °C,-1.5 °C,28 °C,29.9 °C,0,0
2025-11-27 02:00:00,14.4 °C,20.7 °C,14.5 °C,-1.6 °C,28 °C,29.9 °C,0,0
2025-11-27 02:30:00,14.6 °C,20.8 °C,14.3 °C,-1.6 °C,28 °C,29.9 °C,0,0
2025-11-27 03:00:00,13.8 °C,20.6 °C,13.7 °C,-2.3 °C,28 °C,30.1 °C,0,0
2025-11-27 03:30:00,13.8 °C,20.8 °C,14.1 °C,-2.4 °C,28 °C,30.1 °C,0,0
2025-11-27 04:00:00,14.0 °C,20.7 °C,13.9 °C,-2.8 °C,28 °C,30.2 °C,0,0
2025-11-27 04:30:00,14.4 °C,20.9 °C,14.1 °C,-2.3 °C,28 °C,30.1 °C,0,0
2025-11-27 05:00:00,14.4 °C,20.8 °C,14.0 °C,-2.1 °C,28 °C,30.0 °C,0,0
2025-11-27 05:30:00,15.0 °C,21.3 °C,14.6 °C,-0.8 °C,28 °C,29.8 °C,0,0
2025-11-27 06:00:00,29.1 °C,22.5 °C,30.4 °C,-0.0 °C,28 °C,29.6 °C,82,72
2025-11-27 06:30:00,31.1 °C,22.9 °C,32.5 °C,1.6 °C,28 °C,29.3 °C,78,69
2025-11-27 07:00:00,30.8 °C,23.2 °C,31.8 °C,2.0 °C,28 °C,29.2 °C,69,58
2025-11-27 07:30:00,28.0 °C,23.0 °C,29.3 °C,3.9 °C,28 °C,28.8 °C,68,58
2025-11-27 08:00:00,25.2 °C,22.8 °C,26.9 °C,4.5 °C,28 °C,28.7 °C,66,56
2025-11-27 08:30:00,25.0 °C,22.4 °C,26.5 °C,4.8 °C,28 °C,28.6 °C,69,57
2025-11-27 09:00:00,26.6 °C,22.4 °C,27.8 °C,6.8 °C,28 °C,28.2 °C,61,53
2025-11-27 09:30:00,29.5 °C,22.3 °C,31.1 °C,6.2 °C,28 °C,28.4 °C,64,53
2025-11-27 10:00:00,29.2 °C,22.3 °C,31.6 °C,6.4 °C,28 °C,28.3 °C,67,56
2025-11-27 10:30:00,26.5 °C,22.0 °C,29.8 °C,6.0 °C,28 °C,28.4 °C,66,57
2025-11-27 11:00:00,23.9 °C,22.0 °C,27.3 °C,5.6 °C,28 °C,28.5 °C,63,55
2025-11-27 11:30:00,24.3 °C,21.9 °C,27.7 °C,5.1 °C,28 °C,28.6 °C,68,57
2025-11-27 12:00:00,27.0 °C,21.8 °C,29.6 °C,6.2 °C,28 °C,28.4 °C,67,58
2025-11-27 12:30:00,29.9 °C,21.8 °C,33.0 °C,6.1 °C,28 °C,28.4 °C,67,58
2025-11-27 13:00:00,30.0 °C,21.8 °C,31.8 °C,6.6 °C,28 °C,28.3 °C,61,51
2025-11-27 13:30:00,27.6 °C,21.4 °C,30.1 °C,7.7 °C,28 °C,28.1 °C,67,57
2025-11-27 14:00:00,25.1 °C,21.2 °C,27.6 °C,8.4 °C,28 °C,28.0 °C,61,51
2025-11-27 14:30:00,25.4 °C,21.4 °C,26.6 °C,8.9 °C,28 °C,28.0 °C,58,49
2025-11-27 15:00:00,28.0 °C,21.4 °C,29.4 °C,9.8 °C,28 °C,28.0 °C,61,53
2025-11-27 15:30:00,30.1 °C,21.0 °C,31.5 °C,10.7 °C,28 °C,28.0 °C,62,53
2025-11-27 16:00:00,29.7 °C,21.2 °C,31.0 °C,9.8 °C,28 °C,28.0 °C,62,52
2025-11-27 16:30:00,27.9 °C,21.3 °C,29.1 °C,9.9 °C,28 °C,28.0 °C,64,53
2025-11-27 17:00:00,25.5 °C,21.0 °C,26.8 °C,9.5 °C,28 °C,28.0 °C,59,49
2025-11-27 17:30:00,26.0 °C,20.9 °C,27.3 °C,9.1 °C,28 °C,28.0 °C,57,46
2025-11-27 18:00:00,27.9 °C,21.1 °C,28.6 °C,7.8 °C,28 °C,28.0 °C,63,49
2025-11-27 18:30:00,30.3 °C,20.6 °C,31.3 °C,7.2 °C,28 °C,28.2 °C,56,49
2025-11-27 19:00:00,29.9 °C,20.8 °C,30.9 °C,6.5 °C,28 °C,28.3 °C,63,53
2025-11-27 19:30:00,27.8 °C,21.1 °C,29.6 °C,7.0 °C,28 °C,28.2 °C,64,54
2025-11-27 20:00:00,15.7 °C,20.5 °C,15.6 °C,5.8 °C,28 °C,28.4 °C,0,0
2025-11-27 20:30:00,15.2 °C,20.8 °C,15.6 °C,3.9 °C,28 °C,28.8 °C,0,0
2025-11-27 21:00:00,15.0 °C,20.6 °C,15.3 °C,3.5 °C,28 °C,28.9 °C,0,0
2025-11-27 21:30:00,14.8 °C,20.9 °C,15.5 °C,2.4 °C,28 °C,29.1 °C,0,0
2025-11-27 22:00:00,14.4 °C,21.0 °C,15.1 °C,2.0 °C,28 °C,29.2 °C,0,0
2025-11-27 22:30:00,14.1 °C,20.7 °C,14.7 °C,2.1 °C,28 °C,29.2 °C,0,0
2025-11-27 23:00:00,14.3 °C,20.9 °C,14.8 °C,1.7 °C,28 °C,29.3 °C,0,0
2025-11-27 23:30:00,14.1 °C,21.0 °C,14.6 °C,1.1 °C,28 °C,29.4 °C,0,0
2025-11-28 00:00:00,14.3 °C,21.3 °C,14.8 °C,0.6 °C,28 °C,29.5 °C,0,0
2025-11-28 00:30:00,14.3 °C,21.6 °C,15.1 °C,0.9 °C,28 °C,29.4 °C,0,0
2025-11-28 01:00:00,14.2 °C,21.3 °C,14.5 °C,0.0 °C,28 °C,29.6 °C,0,0
2025-11-28 01:30:00,14.6 °C,21.4 °C,14.6 °C,0.3 °C,28 °C,29.5 °C,0,0
2025-11-28 02:00:00,14.8 °C,21.4 °C,13.8 °C,-0.3 °C,28 °C,29.7 °C,0,0
2025-11-28 02:30:00,15.3 °C,21.4 °C,14.5 °C,0.1 °C,28 °C,29.6 °C,0,0
2025-11-28 03:00:00,14.7 °C,21.3 °C,14.0 °C,-0.8 °C,28 °C,29.8 °C,0,0
2025-11-28 03:30:00,14.9 °C,21.6 °C,14.6 °C,-0.3 °C,28 °C,29.7 °C,0,0
2025-11-28 04:00:00,14.9 °C,21.4 °C,13.9 °C,-0.1 °C,28 °C,29.6 °C,0,0
2025-11-28 04:30:00,15.0 °C,21.8 °C,14.1 °C,0.3 °C,28 °C,29.5 °C,0,0
2025-11-28 05:00:00,15.1 °C,21.3 °C,14.3 °C,1.2 °C,28 °C,29.4 °C,0,0
2025-11-28 05:30:00,14.9 °C,21.2 °C,14.8 °C,1.1 °C,28 °C,29.4 °C,0,0
2025-11-28 06:00:00,28.4 °C,22.2 °C,30.8 °C,1.6 °C,28 °C,29.3 °C,79,69
2025-11-28 06:30:00,30.7 °C,21.9 °C,32.8 °C,2.3 °C,28 °C,29.1 °C,74,64
2025-11-28 07:00:00,30.4 °C,21.7 °C,32.6 °C,2.6 °C,28 °C,29.1 °C,72,60
2025-11-28 07:30:00,28.2 °C,21.8 °C,29.6 °C,3.7 °C,28 °C,28.9 °C,66,55
2025-11-28 08:00:00,25.8 °C,21.4 °C,26.7 °C,4.4 °C,28 °C,28.7 °C,62,52
2025-11-28 08:30:00,25.1 °C,21.7 °C,25.9 °C,4.6 °C,28 °C,28.7 °C,73,62
2025-11-28 09:00:00,27.3 °C,22.1 °C,28.0 °C,6.0 °C,28 °C,28.4 °C,68,56
2025-11-28 09:30:00,29.6 °C,22.4 °C,30.7 °C,6.9 °C,28 °C,28.2 °C,65,58
2025-11-28 10:00:00,29.3 °C,22.4 °C,31.4 °C,6.9 °C,28 °C,28.2 °C,65,51
2025-11-28 10:30:00,26.9 °C,22.2 °C,28.0 °C,6.9 °C,28 °C,28.2 °C,66,53
2025-11-28 11:00:00,24.7 °C,22.1 °C,26.4 °C,7.3 °C,28 °C,28.1 °C,66,57
2025-11-28 11:30:00,24.4 °C,22.1 °C,26.3 °C,8.1 °C,28 °C,28.0 °C,61,52
2025-11-28 12:00:00,27.2 °C,22.1 °C,28.8 °C,7.3 °C,28 °C,28.1 °C,65,58
2025-11-28 12:30:00,29.3 °C,22.0 °C,30.7 °C,7.3 °C,28 °C,28.1 °C,66,56
2025-11-28 13:00:00,28.9 °C,22.3 °C,31.0 °C,7.5 °C,28 °C,28.1 °C,63,53
2025-11-28 13:30:00,26.9 °C,22.2 °C,29.0 °C,7.1 °C,28 °C,28.2 °C,58,49
2025-11-28 14:00:00,25.1 °C,22.5 °C,27.0 °C,6.9 °C,28 °C,28.2 °C,63,56
2025-11-28 14:30:00,24.6 °C,22.5 °C,26.0 °C,7.4 °C,28 °C,28.1 °C,60,48
2025-11-28 15:00:00,27.5 °C,22.4 °C,28.6 °C,7.4 °C,28 °C,28.1 °C,68,58
2025-11-28 15:30:00,30.0 °C,22.5 °C,30.5 °C,7.4 °C,28 °C,28.1 °C,61,53
2025-11-28 16:00:00,29.3 °C,22.5 °C,30.4 °C,6.7 °C,28 °C,28.3 °C,63,52
2025-11-28 16:30:00,26.5 °C,22.4 °C,27.3 °C,6.7 °C,28 °C,28.3 °C,64,54
2025-11-28 17:00:00,24.6 °C,22.5 °C,25.0 °C,5.8 °C,28 °C,28.4 °C,69,58
2025-11-28 17:30:00,23.9 °C,22.6 °C,24.5 °C,6.7 °C,28 °C,28.3 °C,68,61
2025-11-28 18:00:00,26.1 °C,22.9 °C,26.4 °C,7.6 °C,28 °C,28.1 °C,62,48
2025-11-28 18:30:00,28.8 °C,22.8 °C,30.1 °C,7.0 °C,28 °C,28.2 °C,64,53
2025-11-28 19:00:00,29.4 °C,22.5 °C,30.8 °C,6.0 °C,28 °C,28.4 °C,66,57
2025-11-28 19:30:00,27.2 °C,22.2 °C,28.7 °C,6.1 °C,28 °C,28.4 °C,71,60
2025-11-28 20:00:00,17.3 °C,21.9 °C,17.5 °C,6.1 °C,28 °C,28.4 °C,0,0
2025-11-28 20:30:00,17.1 °C,21.3 °C,17.3 °C,6.7 °C,28 °C,28.3 °C,0,0
2025-11-28 21:00:00,17.3 °C,21.0 °C,17.7 °C,7.3 °C,28 °C,28.1 °C,0,0
2025-11-28 21:30:00,16.7 °C,20.9 °C,16.8 °C,5.3 °C,28 °C,28.5 °C,0,0
2025-11-28 22:00:00,16.3 °C,20.8 °C,16.7 °C,5.4 °C,28 °C,28.5 °C,0,0
2025-11-28 22:30:00,16.4 °C,21.0 °C,16.3 °C,4.6 °C,28 °C,28.7 °C,0,0
2025-11-28 23:00:00,16.3 °C,21.1 °C,15.9 °C,4.3 °C,28 °C,28.7 °C,0,0
2025-11-28 23:30:00,16.0 °C,21.0 °C,15.8 °C,4.2 °C,28 °C,28.8 °C,0,0
2025-11-29 00:00:00,16.5 °C,21.3 °C,16.1 °C,3.9 °C,28 °C,28.8 °C,0,0
2025-11-29 00:30:00,15.9 °C,21.0 °C,15.2 °C,4.0 °C,28 °C,28.8 °C,0,0
2025-11-29 01:00:00,15.0 °C,20.8 °C,15.1 °C,3.1 °C,28 °C,29.0 °C,0,0
2025-11-29 01:30:00,15.0 °C,21.2 °C,15.1 °C,2.1 °C,28 °C,29.2 °C,0,0
2025-11-29 02:00:00,15.0 °C,20.8 °C,15.2 °C,2.5 °C,28 °C,29.1 °C,0,0
2025-11-29 02:30:00,15.1 °C,20.9 °C,15.1 °C,1.7 °C,28 °C,29.3 °C,0,0
2025-11-29 03:00:00,15.7 °C,21.3 °C,16.0 °C,2.7 °C,28 °C,29.1 °C,0,0
2025-11-29 03:30:00,14.5 °C,20.6 °C,15.7 °C,2.1 °C,28 °C,29.2 °C,0,0
2025-11-29 04:00:00,14.2 °C,20.5 °C,15.6 °C,1.9 °C,28 °C,29.2 °C,0,0
2025-11-29 04:30:00,14.1 °C,20.8 °C,16.0 °C,1.9 °C,28 °C,29.2 °C,0,0
2025-11-29 05:00:00,13.5 °C,20.7 °C,15.9 °C,1.2 °C,28 °C,29.4 °C,0,0
2025-11-29 05:30:00,13.4 °C,20.7 °C,15.3 °C,0.6 °C,28 °C,29.5 °C,0,0
2025-11-29 06:00:00,14.0 °C,20.8 °C,15.3 °C,1.7 °C,28 °C,29.3 °C,0,0
2025-11-29 06:30:00,14.3 °C,20.9 °C,14.9 °C,1.1 °C,28 °C,29.4 °C,0,0
2025-11-29 07:00:00,32.1 °C,21.6 °C,32.2 °C,3.3 °C,28 °C,28.9 °C,75,67
2025-11-29 07:30:00,29.1 °C,21.8 °C,29.7 °C,3.7 °C,28 °C,28.9 °C,73,64
2025-11-29 08:00:00,26.9 °C,21.8 °C,29.1 °C,3.7 °C,28 °C,28.9 °C,74,60
2025-11-29 08:30:00,26.7 °C,21.5 °C,29.0 °C,4.5 °C,28 °C,28.7 °C,66,57
2025-11-29 09:00:00,29.4 °C,21.4 °C,31.7 °C,3.7 °C,28 °C,28.9 °C,69,59
2025-11-29 09:30:00,31.6 °C,21.1 °C,34.0 °C,4.2 °C,28 °C,28.8 °C,69,58
2025-11-29 10:00:00,31.2 °C,21.2 °C,32.9 °C,4.9 °C,28 °C,28.6 °C,70,63
2025-11-29 10:30:00,28.4 °C,21.4 °C,30.5 °C,4.8 °C,28 °C,28.6 °C,66,53
2025-11-29 11:00:00,26.1 °C,21.5 °C,28.2 °C,5.2 °C,28 °C,28.6 °C,73,63
2025-11-29 11:30:00,25.8 °C,21.6 °C,28.7 °C,6.9 °C,28 °C,28.2 °C,68,60
2025-11-29 12:00:00,27.6 °C,21.7 °C,29.6 °C,7.5 °C,28 °C,28.1 °C,65,55
2025-11-29 12:30:00,30.1 °C,21.9 °C,32.1 °C,8.3 °C,28 °C,28.0 °C,64,50
2025-11-29 13:00:00,31.5 °C,21.8 °C,33.2 °C,8.2 °C,28 °C,28.0 °C,62,55
2025-11-29 13:30:00,28.9 °C,22.0 °C,30.1 °C,7.8 °C,28 °C,28.0 °C,62,48
2025-11-29 14:00:00,16.4 °C,20.7 °C,16.5 °C,8.0 °C,28 °C,28.0 °C,0,0
2025-11-29 14:30:00,16.0 °C,20.4 °C,16.2 °C,6.8 °C,28 °C,28.2 °C,0,0
2025-11-29 15:00:00,16.1 °C,20.5 °C,16.2 °C,6.5 °C,28 °C,28.3 °C,0,0
2025-11-29 15:30:00,15.9 °C,20.7 °C,16.1 °C,6.0 °C,28 °C,28.4 °C,0,0
2025-11-29 16:00:00,15.9 °C,20.6 °C,15.3 °C,5.1 °C,28 °C,28.6 °C,0,0
2025-11-29 16:30:00,16.6 °C,20.8 °C,15.5 °C,5.7 °C,28 °C,28.5 °C,0,0
2025-11-29 17:00:00,16.5 °C,20.9 °C,15.3 °C,5.8 °C,28 °C,28.4 °C,0,0
2025-11-29 17:30:00,16.4 °C,20.3 °C,15.7 °C,5.4 °C,28 °C,28.5 °C,0,0
2025-11-29 18:00:00,16.5 °C,21.0 °C,16.9 °C,5.8 °C,28 °C,28.4 °C,0,0
2025-11-29 18:30:00,15.8 °C,20.6 °C,15.9 °C,4.7 °C,28 °C,28.7 °C,0,0
2025-11-29 19:00:00,14.7 °C,20.4 °C,15.6 °C,3.7 °C,28 °C,28.9 °C,0,0
2025-11-29 19:30:00,15.4 °C,20.7 °C,15.5 °C,4.2 °C,28 °C,28.8 °C,0,0
2025-11-29 20:00:00,15.4 °C,20.8 °C,16.0 °C,5.3 °C,28 °C,28.5 °C,0,0
2025-11-29 20:30:00,14.9 °C,20.6 °C,15.7 °C,5.3 °C,28 °C,28.5 °C,0,0
2025-11-29 21:00:00,14.9 °C,20.5 °C,15.5 °C,5.1 °C,28 °C,28.6 °C,0,0
2025-11-29 21:30:00,14.9 °C,20.3 °C,15.5 °C,4.2 °C,28 °C,28.8 °C,0,0
2025-11-29 22:00:00,14.5 °C,20.1 °C,15.2 °C,3.3 °C,28 °C,28.9 °C,0,0
2025-11-29 22:30:00,14.6 °C,20.4 °C,15.6 °C,3.0 °C,28 °C,29.0 °C,0,0
2025-11-29 23:00:00,15.2 °C,20.3 °C,15.7 °C,3.3 °C,28 °C,28.9 °C,0,0
2025-11-29 23:30:00,14.7 °C,20.1 °C,15.2 °C,3.1 °C,28 °C,29.0 °C,0,0
2025-11-30 00:00:00,14.4 °C,20.0 °C,14.7 °C,3.0 °C,28 °C,29.0 °C,0,0
2025-11-30 00:30:00,14.4 °C,20.0 °C,14.4 °C,2.0 °C,28 °C,29.2 °C,0,0
2025-11-30 01:00:00,14.4 °C,19.9 °C,14.2 °C,2.0 °C,28 °C,29.2 °C,0,0
2025-11-30 01:30:00,14.6 °C,19.9 °C,13.9 °C,1.3 °C,28 °C,29.3 °C,0,0
2025-11-30 02:00:00,14.3 °C,20.1 °C,13.8 °C,1.2 °C,28 °C,29.4 °C,0,0
2025-11-30 08:00:00,14.5 °C,20.4 °C,16.2 °C,4.8 °C,28 °C,28.6 °C,0,0
2025-11-30 08:30:00,14.4 °C,20.3 °C,15.9 °C,5.6 °C,28 °C,28.5 °C,0,0
2025-11-30 09:00:00,14.2 °C,20.1 °C,16.1 °C,5.9 °C,28 °C,28.4 °C,0,0
2025-11-30 09:30:00,14.9 °C,20.3 °C,15.8 °C,6.7 °C,28 °C,28.3 °C,0,0
2025-11-30 10:00:00,15.4 °C,20.7 °C,16.2 °C,6.7 °C,28 °C,28.3 °C,0,0
2025-11-30 10:30:00,16.4 °C,20.6 °C,16.8 °C,8.4 °C,28 °C,28.0 °C,0,0
2025-11-30 11:00:00,16.3 °C,20.7 °C,16.9 °C,8.9 °C,28 °C,28.0 °C,0,0
2025-11-30 11:30:00,16.7 °C,20.8 °C,16.7 °C,9.3 °C,28 °C,28.0 °C,0,0
2025-11-30 12:00:00,17.1 °C,20.9 °C,16.7 °C,9.3 °C,28 °C,28.0 °C,0,0
2025-11-30 12:30:00,17.3 °C,20.6 °C,17.1 °C,10.8 °C,28 °C,28.0 °C,0,0
2025-11-30 13:00:00,17.1 °C,20.7 °C,16.7 °C,10.2 °C,28 °C,28.0 °C,0,0
2025-11-30 13:30:00,17.4 °C,20.8 °C,16.7 °C,9.9 °C,28 °C,28.0 °C,0,0
2025-11-30 14:00:00,17.1 °C,20.1 °C,16.5 °C,10.5 °C,28 °C,28.0 °C,0,0
2025-11-30 14:30:00,17.7 °C,20.4 °C,16.9 °C,10.7 °C,28 °C,28.0 °C,0,0
2025-11-30 15:00:00,17.0 °C,20.0 °C,16.1 °C,10.3 °C,28 °C,28.0 °C,0,0
2025-11-30 15:30:00,17.3 °C,20.1 °C,16.0 °C,9.9 °C,28 °C,28.0 °C,0,0
2025-11-30 16:00:00,17.8 °C,20.6 °C,16.4 °C,9.6 °C,28 °C,28.0 °C,0,0
2025-11-30 16:30:00,17.5 °C,20.5 °C,16.3 °C,9.4 °C,28 °C,28.0 °C,0,0
2025-11-30 17:00:00,17.4 °C,20.3 °C,16.1 °C,10.1 °C,28 °C,28.0 °C,0,0
2025-11-30 17:30:00,17.2 °C,20.5 °C,16.6 °C,10.1 °C,28 °C,28.0 °C,0,0
2025-11-30 18:00:00,17.4 °C,20.9 °C,17.3 °C,10.2 °C,28 °C,28.0 °C,0,0
2025-11-30 18:30:00,16.6 °C,20.6 °C,17.1 °C,9.3 °C,28 °C,28.0 °C,0,0
2025-11-30 19:00:00,15.7 °C,20.0 °C,16.5 °C,9.0 °C,28 °C,28.0 °C,0,0
2025-11-30 19:30:00,15.3 °C,20.4 °C,16.2 °C,7.4 °C,28 °C,28.1 °C,0,0
2025-11-30 20:00:00,15.7 °C,20.7 °C,16.7 °C,6.9 °C,28 °C,28.2 °C,0,0
2025-11-30 20:30:00,15.2 °C,20.8 °C,16.8 °C,6.3 °C,28 °C,28.3 °C,0,0
2025-11-30 21:00:00,15.5 °C,20.3 °C,17.0 °C,6.8 °C,28 °C,28.2 °C,0,0
2025-11-30 21:30:00,16.0 °C,20.5 °C,17.1 °C,7.0 °C,28 °C,28.2 °C,0,0
2025-11-30 22:00:00,16.3 °C,20.8 °C,17.1 °C,6.0 °C,28 °C,28.4 °C,0,0
2025-11-30 22:30:00,16.4 °C,21.3 °C,17.3 °C,4.8 °C,28 °C,28.6 °C,0,0
2025-11-30 23:00:00,16.4 °C,21.2 °C,17.2 °C,3.6 °C,28 °C,28.9 °C,0,0
2025-11-30 23:30:00,15.7 °C,21.2 °C,16.2 °C,2.9 °C,28 °C,29.0 °C,0,0
2025-12-01 00:00:00,15.7 °C,20.6 °C,15.8 °C,3.1 °C,28 °C,29.0 °C,0,0
2025-12-01 00:30:00,16.6 °C,20.9 °C,16.1 °C,2.8 °C,28 °C,29.0 °C,0,0
2025-12-01 01:00:00,16.5 °C,21.1 °C,16.5 °C,2.7 °C,28 °C,29.1 °C,0,0
2025-12-01 01:30:00,16.5 °C,21.2 °C,16.4 °C,2.8 °C,28 °C,29.0 °C,0,0
2025-12-01 02:00:00,16.0 °C,21.4 °C,16.3 °C,1.8 °C,28 °C,29.2 °C,0,0
2025-12-01 02:30:00,15.6 °C,21.2 °C,16.1 °C,1.1 °C,28 °C,29.4 °C,0,0
2025-12-01 03:00:00,15.6 °C,21.1 °C,16.4 °C,1.4 °C,28 °C,29.3 °C,0,0
2025-12-01 03:30:00,14.8 °C,21.0 °C,16.2 °C,0.9 °C,28 °C,29.4 °C,0,0
2025-12-01 04:00:00,14.9 °C,21.3 °C,16.0 °C,0.0 °C,28 °C,29.6 °C,0,0
2025-12-01 04:30:00,15.2 °C,21.5 °C,15.9 °C,-0.3 °C,28 °C,29.7 °C,0,0
2025-12-01 05:00:00,15.3 °C,21.5 °C,16.5 °C,0.7 °C,28 °C,29.5 °C,0,0
2025-12-01 05:30:00,15.2 °C,21.5 °C,16.8 °C,0.8 °C,28 °C,29.4 °C,0,0
2025-12-01 06:00:00,28.1 °C,22.5 °C,28.9 °C,1.4 °C,28 °C,29.3 °C,75,63
2025-12-01 06:30:00,30.2 °C,22.3 °C,31.2 °C,1.3 °C,28 °C,29.3 °C,74,63
2025-12-01 07:00:00,29.8 °C,22.6 °C,30.5 °C,2.1 °C,28 °C,29.2 °C,76,63
2025-12-01 07:30:00,27.6 °C,22.4 °C,28.6 °C,2.6 °C,28 °C,29.1 °C,68,56
2025-12-01 08:00:00,24.9 °C,22.4 °C,26.9 °C,3.5 °C,28 °C,28.9 °C,68,56
2025-12-01 08:30:00,24.8 °C,22.2 °C,27.4 °C,3.8 °C,28 °C,28.8 °C,74,64
2025-12-01 09:00:00,27.0 °C,22.4 °C,28.5 °C,4.8 °C,28 °C,28.6 °C,71,61
2025-12-01 09:30:00,29.6 °C,22.3 °C,32.4 °C,5.1 °C,28 °C,28.6 °C,63,53
2025-12-01 10:00:00,29.8 °C,22.8 °C,33.1 °C,5.7 °C,28 °C,28.5 °C,68,56
2025-12-01 10:30:00,26.6 °C,22.6 °C,30.6 °C,6.1 °C,28 °C,28.4 °C,63,49
2025-12-01 11:00:00,23.9 °C,22.8 °C,27.0 °C,6.7 °C,28 °C,28.3 °C,64,57
2025-12-01 11:30:00,23.9 °C,22.5 °C,26.7 °C,7.5 °C,28 °C,28.1 °C,66,54
2025-12-01 12:00:00,26.7 °C,22.3 °C,29.6 °C,7.6 °C,28 °C,28.1 °C,64,53
2025-12-01 12:30:00,29.2 °C,22.3 °C,31.5 °C,8.0 °C,28 °C,28.0 °C,63,52
2025-12-01 13:00:00,29.7 °C,22.3 °C,32.2 °C,8.5 °C,28 °C,28.0 °C,60,52
2025-12-01 13:30:00,26.8 °C,22.1 °C,30.1 °C,9.1 °C,28 °C,28.0 °C,65,55
2025-12-01 14:00:00,24.6 °C,21.9 °C,27.6 °C,9.3 °C,28 °C,28.0 °C,63,51
2025-12-01 14:30:00,25.5 °C,21.9 °C,29.3 °C,8.9 °C,28 °C,28.0 °C,59,50
2025-12-01 15:00:00,28.0 °C,22.0 °C,31.9 °C,9.1 °C,28 °C,28.0 °C,62,49
2025-12-01 15:30:00,30.5 °C,21.9 °C,33.3 °C,9.5 °C,28 °C,28.0 °C,60,50
2025-12-01 16:00:00,30.7 °C,21.9 °C,32.9 °C,8.6 °C,28 °C,28.0 °C,61,45
2025-12-01 16:30:00,28.1 °C,21.5 °C,30.9 °C,7.7 °C,28 °C,28.1 °C,64,55
2025-12-01 17:00:00,25.4 °C,21.7 °C,27.6 °C,7.2 °C,28 °C,28.2 °C,70,59
2025-12-01 17:30:00,25.5 °C,21.9 °C,28.2 °C,6.9 °C,28 °C,28.2 °C,63,52
2025-12-01 18:00:00,27.6 °C,22.1 °C,30.5 °C,5.4 °C,28 °C,28.5 °C,69,62
2025-12-01 18:30:00,30.2 °C,22.1 °C,33.2 °C,5.6 °C,28 °C,28.5 °C,70,58
2025-12-01 19:00:00,30.6 °C,21.9 °C,33.2 °C,5.2 °C,28 °C,28.6 °C,69,58
2025-12-01 19:30:00,27.9 °C,21.8 °C,30.6 °C,3.5 °C,28 °C,28.9 °C,74,61
2025-12-01 20:00:00,15.5 °C,20.9 °C,14.9 °C,2.6 °C,28 °C,29.1 °C,0,0
2025-12-01 20:30:00,15.4 °C,20.9 °C,14.8 °C,2.2 °C,28 °C,29.2 °C,0,0
2025-12-01 21:00:00,15.1 °C,20.7 °C,14.5 °C,0.9 °C,28 °C,29.4 °C,0,0
2025-12-01 21:30:00,15.1 °C,20.3 °C,14.7 °C,1.3 °C,28 °C,29.3 °C,0,0
2025-12-01 22:00:00,14.9 °C,20.2 °C,14.8 °C,1.2 °C,28 °C,29.4 °C,0,0
2025-12-01 22:30:00,14.7 °C,20.2 °C,15.4 °C,1.3 °C,28 °C,29.3 °C,0,0
2025-12-01 23:00:00,14.7 °C,20.3 °C,14.9 °C,0.4 °C,28 °C,29.5 °C,0,0
2025-12-01 23:30:00,14.7 °C,20.3 °C,14.6 °C,0.4 °C,28 °C,29.5 °C,0,0
2025-12-02 00:00:00,14.6 °C,20.3 °C,14.4 °C,-0.4 °C,28 °C,29.7 °C,0,0
2025-12-02 00:30:00,14.3 °C,20.3 °C,14.8 °C,-0.7 °C,28 °C,29.7 °C,0,0
2025-12-02 01:00:00,14.6 °C,20.8 °C,15.5 °C,-0.6 °C,28 °C,29.7 °C,0,0
2025-12-02 01:30:00,14.7 °C,20.7 °C,14.7 °C,-0.7 °C,28 °C,29.7 °C,0,0
2025-12-02 02:00:00,14.4 °C,20.4 °C,14.5 °C,-0.3 °C,28 °C,29.7 °C,0,0
2025-12-02 02:30:00,14.8 °C,20.2 °C,14.7 °C,-0.2 °C,28 °C,29.6 °C,0,0
2025-12-02 03:00:00,15.4 °C,20.7 °C,15.2 °C,-0.5 °C,28 °C,29.7 °C,0,0
2025-12-02 03:30:00,15.7 °C,21.1 °C,15.7 °C,0.2 °C,28 °C,29.6 °C,0,0
2025-12-02 04:00:00,15.9 °C,21.3 °C,16.0 °C,1.0 °C,28 °C,29.4 °C,0,0
2025-12-02 04:30:00,16.1 °C,21.4 °C,15.2 °C,1.2 °C,28 °C,29.4 °C,0,0
2025-12-02 05:00:00,16.4 °C,21.5 °C,16.2 °C,2.2 °C,28 °C,29.2 °C,0,0
2025-12-02 05:30:00,16.6 °C,21.4 °C,16.3 °C,2.3 °C,28 °C,29.1 °C,0,0
2025-12-02 06:00:00,29.5 °C,22.5 °C,31.7 °C,2.5 °C,28 °C,29.1 °C,70,61
2025-12-02 06:30:00,31.3 °C,22.6 °C,33.1 °C,2.9 °C,28 °C,29.0 °C,73,61
2025-12-02 07:00:00,31.2 °C,22.7 °C,33.4 °C,3.2 °C,28 °C,29.0 °C,74,61
2025-12-02 07:30:00,28.9 °C,22.5 °C,30.0 °C,3.5 °C,28 °C,28.9 °C,72,61
2025-12-02 08:00:00,26.0 °C,22.3 °C,27.1 °C,3.6 °C,28 °C,28.9 °C,68,56
2025-12-02 08:30:00,25.7 °C,22.1 °C,26.5 °C,3.6 °C,28 °C,28.9 °C,67,55
2025-12-02 09:00:00,28.0 °C,22.3 °C,29.7 °C,4.3 °C,28 °C,28.7 °C,69,63
2025-12-02 09:30:00,30.7 °C,22.3 °C,33.3 °C,5.7 °C,28 °C,28.5 °C,64,53
2025-12-02 10:00:00,30.6 °C,22.4 °C,33.3 °C,6.8 °C,28 °C,28.2 °C,65,56
2025-12-02 10:30:00,27.8 °C,22.4 °C,30.2 °C,7.5 °C,28 °C,28.1 °C,64,52
2025-12-02 11:00:00,25.2 °C,22.0 °C,28.4 °C,8.7 °C,28 °C,28.0 °C,64,56
2025-12-02 11:30:00,25.0 °C,22.2 °C,27.7 °C,9.0 °C,28 °C,28.0 °C,64,53
2025-12-02 12:00:00,27.3 °C,22.0 °C,29.3 °C,8.8 °C,28 °C,28.0 °C,65,57
2025-12-02 12:30:00,30.1 °C,21.9 °C,31.1 °C,8.9 °C,28 °C,28.0 °C,62,51
2025-12-02 13:00:00,29.4 °C,21.6 °C,30.5 °C,9.1 °C,28 °C,28.0 °C,60,49
2025-12-02 13:30:00,27.6 °C,21.7 °C,27.9 °C,9.1 °C,28 °C,28.0 °C,63,53
2025-12-02 14:00:00,26.1 °C,21.7 °C,27.3 °C,9.6 °C,28 °C,28.0 °C,62,52
2025-12-02 14:30:00,26.1 °C,21.3 °C,27.1 °C,10.3 °C,28 °C,28.0 °C,61,52
2025-12-02 15:00:00,28.1 °C,20.9 °C,28.6 °C,9.2 °C,28 °C,28.0 °C,67,56
2025-12-02 15:30:00,31.0 °C,20.9 °C,32.2 °C,9.1 °C,28 °C,28.0 °C,64,52
2025-12-02 16:00:00,31.2 °C,21.2 °C,32.9 °C,7.3 °C,28 °C,28.1 °C,68,55
2025-12-02 16:30:00,28.5 °C,21.4 °C,31.1 °C,7.2 °C,28 °C,28.2 °C,61,50
2025-12-02 17:00:00,25.7 °C,21.7 °C,27.3 °C,7.1 °C,28 °C,28.2 °C,62,49
2025-12-02 17:30:00,25.4 °C,21.7 °C,26.1 °C,8.0 °C,28 °C,28.0 °C,61,48
2025-12-02 18:00:00,27.9 °C,21.6 °C,29.5 °C,8.6 °C,28 °C,28.0 °C,62,52
2025-12-02 18:30:00,30.7 °C,21.6 °C,30.9 °C,8.6 °C,28 °C,28.0 °C,62,53
2025-12-02 19:00:00,30.9 °C,21.8 °C,30.7 °C,7.5 °C,28 °C,28.1 °C,65,54
2025-12-02 19:30:00,28.8 °C,22.2 °C,28.9 °C,6.3 °C,28 °C,28.3 °C,71,65
2025-12-02 20:00:00,17.3 °C,21.1 °C,15.5 °C,5.1 °C,28 °C,28.6 °C,0,0
2025-12-02 20:30:00,17.9 °C,21.0 °C,15.3 °C,5.6 °C,28 °C,28.5 °C,0,0
2025-12-02 21:00:00,17.6 °C,21.0 °C,14.9 °C,4.4 °C,28 °C,28.7 °C,0,0
2025-12-02 21:30:00,16.9 °C,20.9 °C,14.5 °C,3.7 °C,28 °C,28.9 °C,0,0
2025-12-02 22:00:00,16.5 °C,20.8 °C,14.2 °C,2.6 °C,28 °C,29.1 °C,0,0
2025-12-02 22:30:00,15.5 °C,20.7 °C,13.6 °C,1.4 °C,28 °C,29.3 °C,0,0
2025-12-02 23:00:00,15.4 °C,20.5 °C,13.0 °C,1.3 °C,28 °C,29.3 °C,0,0
2025-12-02 23:30:00,15.0 °C,20.7 °C,13.7 °C,1.0 °C,28 °C,29.4 °C,0,0
2025-12-03 00:00:00,14.9 °C,21.1 °C,13.3 °C,-0.8 °C,28 °C,29.8 °C,0,0
2025-12-03 00:30:00,14.5 °C,21.0 °C,12.4 °C,-1.7 °C,28 °C,29.9 °C,0,0
2025-12-03 01:00:00,15.0 °C,21.4 °C,13.1 °C,-1.6 °C,28 °C,29.9 °C,0,0
2025-12-03 01:30:00,14.9 °C,21.3 °C,13.0 °C,-1.6 °C,28 °C,29.9 °C,0,0
2025-12-03 02:00:00,15.0 °C,21.1 °C,12.9 °C,-1.8 °C,28 °C,30.0 °C,0,0
2025-12-03 02:30:00,15.3 °C,21.2 °C,13.3 °C,-1.3 °C,28 °C,29.9 °C,0,0
2025-12-03 03:00:00,15.1 °C,21.0 °C,13.3 °C,-2.1 °C,28 °C,30.0 °C,0,0
2025-12-03 03:30:00,15.0 °C,21.1 °C,13.5 °C,-2.1 °C,28 °C,30.0 °C,0,0
2025-12-03 04:00:00,15.0 °C,21.1 °C,13.4 °C,-1.5 °C,28 °C,29.9 °C,0,0
2025-12-03 04:30:00,14.5 °C,21.0 °C,13.0 °C,-1.5 °C,28 °C,29.9 °C,0,0
2025-12-03 05:00:00,14.3 °C,20.9 °C,12.8 °C,-0.8 °C,28 °C,29.8 °C,0,0
2025-12-03 05:30:00,14.1 °C,20.6 °C,12.5 °C,-1.0 °C,28 °C,29.8 °C,0,0
2025-12-03 06:00:00,29.4 °C,21.8 °C,33.5 °C,-0.9 °C,28 °C,29.8 °C,77,68
2025-12-03 06:30:00,31.7 °C,21.7 °C,35.3 °C,-1.2 °C,28 °C,29.8 °C,79,68
2025-12-03 07:00:00,31.6 °C,21.8 °C,34.9 °C,-1.7 °C,28 °C,29.9 °C,76,65
2025-12-03 07:30:00,29.2 °C,21.8 °C,32.1 °C,-1.0 °C,28 °C,29.8 °C,73,62
2025-12-03 08:00:00,26.3 °C,21.7 °C,28.7 °C,0.3 °C,28 °C,29.5 °C,74,67
2025-12-03 08:30:00,26.8 °C,21.8 °C,29.5 °C,1.1 °C,28 °C,29.4 °C,77,68
2025-12-03 09:00:00,28.4 °C,21.9 °C,30.3 °C,2.7 °C,28 °C,29.1 °C,73,61
2025-12-03 09:30:00,32.4 °C,21.9 °C,33.9 °C,3.3 °C,28 °C,28.9 °C,67,57
2025-12-03 10:00:00,32.0 °C,21.9 °C,33.7 °C,2.8 °C,28 °C,29.0 °C,75,65
2025-12-03 10:30:00,30.5 °C,21.6 °C,32.1 °C,3.9 °C,28 °C,28.8 °C,71,61
2025-12-03 11:00:00,28.3 °C,21.4 °C,30.0 °C,4.0 °C,28 °C,28.8 °C,72,61
2025-12-03 11:30:00,27.9 °C,21.4 °C,29.6 °C,4.9 °C,28 °C,28.6 °C,67,56
2025-12-03 12:00:00,30.4 °C,21.4 °C,31.6 °C,4.2 °C,28 °C,28.8 °C,64,57
2025-12-03 12:30:00,32.3 °C,21.0 °C,34.4 °C,4.8 °C,28 °C,28.6 °C,73,61
2025-12-03 13:00:00,32.1 °C,21.2 °C,34.7 °C,5.9 °C,28 °C,28.4 °C,66,54
2025-12-03 13:30:00,29.1 °C,21.4 °C,31.2 °C,6.8 °C,28 °C,28.2 °C,68,55
2025-12-03 14:00:00,26.8 °C,21.3 °C,29.1 °C,7.1 °C,28 °C,28.2 °C,64,53
2025-12-03 14:30:00,26.7 °C,21.1 °C,28.7 °C,7.4 °C,28 °C,28.1 °C,65,52
2025-12-03 15:00:00,28.7 °C,21.0 °C,31.2 °C,7.3 °C,28 °C,28.1 °C,60,54
2025-12-03 15:30:00,31.2 °C,20.7 °C,34.1 °C,7.3 °C,28 °C,28.1 °C,62,49
2025-12-03 16:00:00,31.2 °C,20.7 °C,34.7 °C,7.8 °C,28 °C,28.0 °C,68,57
2025-12-03 16:30:00,28.5 °C,20.8 °C,31.4 °C,7.3 °C,28 °C,28.1 °C,67,62
2025-12-03 17:00:00,26.0 °C,21.1 °C,28.1 °C,6.8 °C,28 °C,28.2 °C,69,61
2025-12-03 17:30:00,26.4 °C,21.3 °C,27.5 °C,5.7 °C,28 °C,28.5 °C,69,55
2025-12-03 18:00:00,29.2 °C,21.6 °C,31.7 °C,6.0 °C,28 °C,28.4 °C,67,57
2025-12-03 18:30:00,31.5 °C,21.7 °C,34.5 °C,5.5 °C,28 °C,28.5 °C,70,61
2025-12-03 19:00:00,32.1 °C,21.4 °C,35.5 °C,4.5 °C,28 °C,28.7 °C,72,60
2025-12-03 19:30:00,30.0 °C,21.9 °C,32.6 °C,4.7 °C,28 °C,28.7 °C,70,61
2025-12-03 20:00:00,15.7 °C,20.9 °C,15.6 °C,4.3 °C,28 °C,28.7 °C,0,0
2025-12-03 20:30:00,15.0 °C,20.5 °C,15.0 °C,3.4 °C,28 °C,28.9 °C,0,0
2025-12-03 21:00:00,15.0 °C,20.6 °C,15.1 °C,3.5 °C,28 °C,28.9 °C,0,0
2025-12-03 21:30:00,14.7 °C,20.2 °C,14.3 °C,2.8 °C,28 °C,29.0 °C,0,0
2025-12-03 22:00:00,14.4 °C,20.3 °C,13.7 °C,1.4 °C,28 °C,29.3 °C,0,0
2025-12-03 22:30:00,14.5 °C,20.2 °C,12.9 °C,1.6 °C,28 °C,29.3 °C,0,0
2025-12-03 23:00:00,14.6 °C,20.4 °C,13.1 °C,0.7 °C,28 °C,29.5 °C,0,0
2025-12-03 23:30:00,14.7 °C,20.7 °C,14.1 °C,2.2 °C,28 °C,29.2 °C,0,0
2025-12-04 00:00:00,14.4 °C,20.6 °C,14.0 °C,1.3 °C,28 °C,29.3 °C,0,0
2025-12-04 00:30:00,13.6 °C,20.5 °C,13.6 °C,-0.3 °C,28 °C,29.7 °C,0,0
2025-12-04 01:00:00,13.8 °C,20.7 °C,14.0 °C,0.5 °C,28 °C,29.5 °C,0,0
2025-12-04 01:30:00,13.6 °C,20.5 °C,14.3 °C,0.2 °C,28 °C,29.6 °C,0,0
2025-12-04 02:00:00,13.7 °C,20.6 °C,14.3 °C,0.2 °C,28 °C,29.6 °C,0,0
2025-12-04 02:30:00,14.0 °C,20.7 °C,14.7 °C,0.3 °C,28 °C,29.5 °C,0,0
2025-12-04 03:00:00,13.8 °C,20.6 °C,14.5 °C,-0.6 °C,28 °C,29.7 °C,0,0
2025-12-04 03:30:00,13.2 °C,20.5 °C,13.7 °C,-1.8 °C,28 °C,30.0 °C,0,0
2025-12-04 04:00:00,13.7 °C,20.6 °C,14.3 °C,-0.3 °C,28 °C,29.7 °C,0,0
2025-12-04 04:30:00,14.2 °C,20.9 °C,14.0 °C,-1.1 °C,28 °C,29.8 °C,0,0
2025-12-04 05:00:00,14.8 °C,20.6 °C,14.1 °C,0.3 °C,28 °C,29.5 °C,0,0
2025-12-04 05:30:00,14.9 °C,20.6 °C,14.2 °C,1.0 °C,28 °C,29.4 °C,0,0
2025-12-04 06:00:00,27.7 °C,21.8 °C,30.5 °C,1.5 °C,28 °C,29.3 °C,80,72
2025-12-04 06:30:00,30.0 °C,22.1 °C,32.7 °C,1.6 °C,28 °C,29.3 °C,72,61
2025-12-04 07:00:00,30.7 °C,22.0 °C,34.2 °C,3.5 °C,28 °C,28.9 °C,66,56
2025-12-04 07:30:00,28.8 °C,21.9 °C,31.5 °C,3.5 °C,28 °C,28.9 °C,69,59
2025-12-04 08:00:00,26.2 °C,22.0 °C,28.4 °C,3.5 °C,28 °C,28.9 °C,69,57
2025-12-04 08:30:00,26.8 °C,22.1 °C,29.3 °C,4.5 °C,28 °C,28.7 °C,65,59
2025-12-04 09:00:00,28.9 °C,22.4 °C,31.5 °C,4.6 °C,28 °C,28.7 °C,68,58
2025-12-04 09:30:00,31.1 °C,22.6 °C,33.9 °C,4.6 °C,28 °C,28.7 °C,74,70
2025-12-04 10:00:00,30.8 °C,22.2 °C,33.7 °C,5.1 °C,28 °C,28.6 °C,64,54
2025-12-04 10:30:00,28.6 °C,21.7 °C,31.4 °C,6.2 °C,28 °C,28.4 °C,62,55
2025-12-04 11:00:00,25.8 °C,21.6 °C,28.8 °C,7.8 °C,28 °C,28.0 °C,66,56
2025-12-04 11:30:00,26.4 °C,21.1 °C,29.3 °C,9.4 °C,28 °C,28.0 °C,60,51
2025-12-04 12:00:00,28.9 °C,21.5 °C,31.6 °C,8.6 °C,28 °C,28.0 °C,61,50
2025-12-04 12:30:00,31.6 °C,21.2 °C,34.2 °C,9.5 °C,28 °C,28.0 °C,64,50
2025-12-04 13:00:00,30.7 °C,21.1 °C,33.0 °C,9.1 °C,28 °C,28.0 °C,60,53
2025-12-04 13:30:00,27.6 °C,21.0 °C,29.5 °C,8.7 °C,28 °C,28.0 °C,57,46
2025-12-04 14:00:00,24.6 °C,20.7 °C,26.7 °C,8.5 °C,28 °C,28.0 °C,65,58
2025-12-04 14:30:00,24.5 °C,21.1 °C,26.0 °C,8.3 °C,28 °C,28.0 °C,63,57
2025-12-04 15:00:00,26.4 °C,21.0 °C,28.4 °C,7.8 °C,28 °C,28.0 °C,63,52
2025-12-04 15:30:00,29.8 °C,21.5 °C,31.6 °C,6.4 °C,28 °C,28.3 °C,60,48
2025-12-04 16:00:00,29.6 °C,21.9 °C,31.4 °C,7.4 °C,28 °C,28.1 °C,61,50
2025-12-04 16:30:00,27.4 °C,21.9 °C,29.1 °C,7.9 °C,28 °C,28.0 °C,63,49
2025-12-04 17:00:00,24.9 °C,21.3 °C,26.9 °C,7.7 °C,28 °C,28.1 °C,61,51
2025-12-04 17:30:00,25.5 °C,21.3 °C,28.2 °C,6.9 °C,28 °C,28.2 °C,68,61
2025-12-04 18:00:00,27.1 °C,21.9 °C,30.6 °C,7.3 °C,28 °C,28.1 °C,64,52
2025-12-04 18:30:00,29.7 °C,22.0 °C,33.6 °C,6.9 °C,28 °C,28.2 °C,64,55
2025-12-04 19:00:00,30.1 °C,21.9 °C,33.9 °C,6.1 °C,28 °C,28.4 °C,69,59
2025-12-04 19:30:00,28.3 °C,21.7 °C,32.3 °C,4.6 °C,28 °C,28.7 °C,67,57
2025-12-04 20:00:00,15.6 °C,21.1 °C,16.0 °C,4.5 °C,28 °C,28.7 °C,0,0
2025-12-04 20:30:00,15.3 °C,21.1 °C,15.5 °C,3.9 °C,28 °C,28.8 °C,0,0
2025-12-04 21:00:00,15.6 °C,21.2 °C,15.6 °C,3.5 °C,28 °C,28.9 °C,0,0
2025-12-04 21:30:00,16.1 °C,21.4 °C,15.9 °C,3.1 °C,28 °C,29.0 °C,0,0
2025-12-04 22:00:00,16.2 °C,21.6 °C,15.8 °C,3.0 °C,28 °C,29.0 °C,0,0
2025-12-04 22:30:00,15.9 °C,21.6 °C,16.0 °C,2.6 °C,28 °C,29.1 °C,0,0
2025-12-04 23:00:00,15.4 °C,21.2 °C,15.5 °C,1.9 °C,28 °C,29.2 °C,0,0
2025-12-04 23:30:00,15.7 °C,20.9 °C,15.4 °C,1.8 °C,28 °C,29.2 °C,0,0
2025-12-05 00:00:00,15.5 °C,20.7 °C,15.5 °C,1.8 °C,28 °C,29.2 °C,0,0
2025-12-05 00:30:00,15.6 °C,20.7 °C,15.3 °C,2.2 °C,28 °C,29.2 °C,0,0
2025-12-05 01:00:00,15.2 °C,21.1 °C,15.0 °C,1.1 °C,28 °C,29.4 °C,0,0
2025-12-05 01:30:00,15.4 °C,21.6 °C,15.8 °C,1.4 °C,28 °C,29.3 °C,0,0
2025-12-05 02:00:00,15.2 °C,21.6 °C,15.3 °C,0.2 °C,28 °C,29.6 °C,0,0
2025-12-05 02:30:00,15.6 °C,21.7 °C,15.0 °C,0.6 °C,28 °C,29.5 °C,0,0
2025-12-05 03:00:00,15.2 °C,21.2 °C,14.5 °C,0.2 °C,28 °C,29.6 °C,0,0
2025-12-05 03:30:00,15.4 °C,21.1 °C,85.0 °C,0.7 °C,28 °C,29.5 °C,0,0
2025-12-05 04:00:00,15.3 °C,20.9 °C,14.8 °C,1.6 °C,28 °C,29.3 °C,0,0
2025-12-05 04:30:00,14.9 °C,20.7 °C,14.7 °C,1.8 °C,28 °C,29.2 °C,0,0
2025-12-05 05:00:00,15.3 °C,20.9 °C,15.4 °C,1.9 °C,28 °C,29.2 °C,0,0
2025-12-05 05:30:00,15.1 °C,20.8 °C,15.0 °C,2.0 °C,28 °C,29.2 °C,0,0
2025-12-05 06:00:00,29.5 °C,21.2 °C,31.5 °C,2.0 °C,28 °C,29.2 °C,70,61
2025-12-05 06:30:00,32.0 °C,21.4 °C,33.8 °C,3.1 °C,28 °C,29.0 °C,68,57
2025-12-05 07:00:00,32.7 °C,21.8 °C,34.5 °C,3.4 °C,28 °C,28.9 °C,68,60
2025-12-05 07:30:00,30.1 °C,21.8 °C,31.4 °C,2.5 °C,28 °C,29.1 °C,74,64
2025-12-05 08:00:00,27.5 °C,21.8 °C,29.0 °C,3.6 °C,28 °C,28.9 °C,70,59
2025-12-05 08:30:00,26.9 °C,21.5 °C,28.8 °C,4.7 °C,28 °C,28.7 °C,69,57
2025-12-05 09:00:00,29.5 °C,21.4 °C,31.6 °C,5.2 °C,28 °C,28.6 °C,67,58
2025-12-05 09:30:00,31.5 °C,21.7 °C,33.4 °C,5.3 °C,28 °C,28.5 °C,70,60
2025-12-05 10:00:00,31.8 °C,21.5 °C,34.4 °C,5.1 °C,28 °C,28.6 °C,70,61
2025-12-05 10:30:00,29.0 °C,22.0 °C,31.1 °C,5.3 °C,28 °C,28.5 °C,69,57
2025-12-05 11:00:00,26.7 °C,22.2 °C,28.7 °C,6.0 °C,28 °C,28.4 °C,66,57
2025-12-05 11:30:00,27.2 °C,22.2 °C,28.9 °C,5.5 °C,28 °C,28.5 °C,67,57
2025-12-05 12:00:00,28.7 °C,22.9 °C,30.8 °C,6.4 °C,28 °C,28.3 °C,62,51
2025-12-05 12:30:00,30.4 °C,23.1 °C,32.3 °C,7.0 °C,28 °C,28.2 °C,63,52
2025-12-05 13:00:00,30.3 °C,22.8 °C,32.4 °C,8.2 °C,28 °C,28.0 °C,65,54
2025-12-05 13:30:00,28.0 °C,22.5 °C,30.4 °C,8.9 °C,28 °C,28.0 °C,60,51
2025-12-05 14:00:00,25.4 °C,22.3 °C,27.6 °C,8.6 °C,28 °C,28.0 °C,62,51
2025-12-05 14:30:00,25.3 °C,22.2 °C,26.7 °C,7.8 °C,28 °C,28.0 °C,66,55
2025-12-05 15:00:00,27.5 °C,22.0 °C,28.8 °C,7.4 °C,28 °C,28.1 °C,65,54
2025-12-05 15:30:00,30.0 °C,21.6 °C,31.0 °C,8.4 °C,28 °C,28.0 °C,63,52
2025-12-05 16:00:00,29.7 °C,21.7 °C,30.4 °C,8.5 °C,28 °C,28.0 °C,62,49
2025-12-05 16:30:00,27.5 °C,21.9 °C,27.1 °C,8.7 °C,28 °C,28.0 °C,65,51
2025-12-05 17:00:00,24.9 °C,22.4 °C,23.9 °C,8.1 °C,28 °C,28.0 °C,61,57
2025-12-05 17:30:00,24.8 °C,22.3 °C,24.5 °C,8.1 °C,28 °C,28.0 °C,64,54
2025-12-05 18:00:00,28.0 °C,22.4 °C,27.5 °C,6.8 °C,28 °C,28.2 °C,64,60
2025-12-05 18:30:00,30.8 °C,21.9 °C,31.1 °C,7.0 °C,28 °C,28.2 °C,67,56
2025-12-05 19:00:00,30.6 °C,22.1 °C,30.7 °C,5.9 °C,28 °C,28.4 °C,69,59
2025-12-05 19:30:00,28.2 °C,21.8 °C,28.7 °C,4.2 °C,28 °C,28.8 °C,70,59
2025-12-05 20:00:00,15.6 °C,21.0 °C,17.1 °C,5.3 °C,28 °C,28.5 °C,0,0
2025-12-05 20:30:00,15.6 °C,20.9 °C,16.9 °C,4.8 °C,28 °C,28.6 °C,0,0
2025-12-05 21:00:00,15.7 °C,20.9 °C,16.9 °C,4.3 °C,28 °C,28.7 °C,0,0
2025-12-05 21:30:00,15.4 °C,20.5 °C,16.1 °C,2.6 °C,28 °C,29.1 °C,0,0
2025-12-05 22:00:00,15.2 °C,20.3 °C,15.8 °C,2.6 °C,28 °C,29.1 °C,0,0
2025-12-05 22:30:00,14.9 °C,20.1 °C,16.2 °C,2.6 °C,28 °C,29.1 °C,0,0
2025-12-05 23:00:00,14.9 °C,20.0 °C,16.1 °C,2.0 °C,28 °C,29.2 °C,0,0
2025-12-05 23:30:00,15.7 °C,20.4 °C,16.0 °C,2.1 °C,28 °C,29.2 °C,0,0
2025-12-06 00:00:00,15.5 °C,20.4 °C,16.2 °C,2.2 °C,28 °C,29.2 °C,0,0
2025-12-06 00:30:00,15.1 °C,20.2 °C,16.1 °C,2.0 °C,28 °C,29.2 °C,0,0
2025-12-06 01:00:00,14.1 °C,20.5 °C,15.3 °C,0.3 °C,28 °C,29.5 °C,0,0
2025-12-06 01:30:00,13.4 °C,20.6 °C,15.0 °C,-0.6 °C,28 °C,29.7 °C,0,0
2025-12-06 02:00:00,14.5 °C,21.1 °C,15.6 °C,0.3 °C,28 °C,29.5 °C,0,0
2025-12-06 02:30:00,14.6 °C,21.3 °C,14.8 °C,0.2 °C,28 °C,29.6 °C,0,0
2025-12-06 03:00:00,14.0 °C,20.8 °C,14.0 °C,0.2 °C,28 °C,29.6 °C,0,0
2025-12-06 03:30:00,14.0 °C,21.0 °C,14.4 °C,-0.3 °C,28 °C,29.7 °C,0,0
2025-12-06 04:00:00,14.8 °C,21.1 °C,14.3 °C,-0.5 °C,28 °C,29.7 °C,0,0
2025-12-06 04:30:00,15.3 °C,21.5 °C,15.0 °C,0.4 °C,28 °C,29.5 °C,0,0
2025-12-06 05:00:00,16.0 °C,21.4 °C,15.7 °C,1.6 °C,28 °C,29.3 °C,0,0
2025-12-06 05:30:00,16.1 °C,21.6 °C,15.4 °C,2.3 °C,28 °C,29.1 °C,0,0
2025-12-06 06:00:00,16.5 °C,21.4 °C,16.0 °C,2.9 °C,28 °C,29.0 °C,0,0
2025-12-06 06:30:00,16.5 °C,21.4 °C,16.1 °C,3.5 °C,28 °C,28.9 °C,0,0
2025-12-06 07:00:00,31.5 °C,22.0 °C,34.6 °C,3.8 °C,28 °C,28.8 °C,69,59
2025-12-06 07:30:00,28.7 °C,21.6 °C,31.0 °C,3.4 °C,28 °C,28.9 °C,69,56
2025-12-06 08:00:00,25.8 °C,21.9 °C,27.9 °C,3.1 °C,28 °C,29.0 °C,74,61
2025-12-06 08:30:00,26.0 °C,21.9 °C,27.7 °C,4.5 °C,28 °C,28.7 °C,68,56
2025-12-06 09:00:00,28.5 °C,21.5 °C,30.1 °C,5.0 °C,28 °C,28.6 °C,65,58
2025-12-06 09:30:00,30.8 °C,21.7 °C,32.4 °C,5.8 °C,28 °C,28.4 °C,70,57
2025-12-06 10:00:00,30.4 °C,21.1 °C,31.3 °C,6.4 °C,28 °C,28.3 °C,70,56
2025-12-06 10:30:00,27.8 °C,20.9 °C,29.5 °C,7.1 °C,28 °C,28.2 °C,63,53
2025-12-06 11:00:00,24.8 °C,20.6 °C,27.2 °C,7.7 °C,28 °C,28.1 °C,64,51
2025-12-06 11:30:00,24.8 °C,21.0 °C,26.9 °C,8.5 °C,28 °C,28.0 °C,65,58
2025-12-06 12:00:00,27.5 °C,21.0 °C,30.3 °C,8.4 °C,28 °C,28.0 °C,60,51
2025-12-06 12:30:00,29.7 °C,21.0 °C,32.7 °C,9.4 °C,28 °C,28.0 °C,64,53
2025-12-06 13:00:00,29.5 °C,21.2 °C,32.9 °C,9.1 °C,28 °C,28.0 °C,66,55
2025-12-06 13:30:00,27.0 °C,21.4 °C,29.5 °C,9.5 °C,28 °C,28.0 °C,57,46
2025-12-06 14:00:00,17.1 °C,20.7 °C,17.6 °C,8.9 °C,28 °C,28.0 °C,0,0
2025-12-06 14:30:00,17.6 °C,20.9 °C,17.4 °C,8.9 °C,28 °C,28.0 °C,0,0
2025-12-06 15:00:00,17.0 °C,20.9 °C,17.6 °C,8.5 °C,28 °C,28.0 °C,0,0
2025-12-06 15:30:00,17.1 °C,21.1 °C,18.1 °C,8.5 °C,28 °C,28.0 °C,0,0
2025-12-06 16:00:00,17.3 °C,20.9 °C,17.9 °C,8.9 °C,28 °C,28.0 °C,0,0
2025-12-06 16:30:00,16.7 °C,20.8 °C,18.1 °C,8.8 °C,28 °C,28.0 °C,0,0
2025-12-06 17:00:00,16.8 °C,20.4 °C,18.4 °C,9.7 °C,28 °C,28.0 °C,0,0
2025-12-06 17:30:00,17.0 °C,20.9 °C,18.7 °C,9.7 °C,28 °C,28.0 °C,0,0
2025-12-06 18:00:00,16.7 °C,20.6 °C,17.7 °C,9.0 °C,28 °C,28.0 °C,0,0
2025-12-06 18:30:00,16.7 °C,21.0 °C,17.7 °C,8.4 °C,28 °C,28.0 °C,0,0
2025-12-06 19:00:00,16.2 °C,21.1 °C,17.7 °C,8.0 °C,28 °C,28.0 °C,0,0
2025-12-06 19:30:00,16.4 °C,21.1 °C,17.5 °C,7.7 °C,28 °C,28.1 °C,0,0
2025-12-06 20:00:00,15.8 °C,21.2 °C,16.9 °C,6.3 °C,28 °C,28.3 °C,0,0
2025-12-06 20:30:00,15.5 °C,20.9 °C,16.8 °C,6.0 °C,28 °C,28.4 °C,0,0
2025-12-06 21:00:00,15.4 °C,21.3 °C,16.3 °C,4.6 °C,28 °C,28.7 °C,0,0
2025-12-06 21:30:00,15.4 °C,21.1 °C,16.5 °C,4.3 °C,28 °C,28.7 °C,0,0
2025-12-06 22:00:00,15.8 °C,21.3 °C,16.6 °C,4.4 °C,28 °C,28.7 °C,0,0
2025-12-06 22:30:00,15.7 °C,21.2 °C,16.0 °C,3.9 °C,28 °C,28.8 °C,0,0
2025-12-06 23:00:00,14.3 °C,20.8 °C,15.0 °C,1.9 °C,28 °C,29.2 °C,0,0
2025-12-06 23:30:00,14.4 °C,21.3 °C,15.0 °C,0.3 °C,28 °C,29.5 °C,0,0
2025-12-07 00:00:00,14.3 °C,21.1 °C,15.3 °C,0.2 °C,28 °C,29.6 °C,0,0
2025-12-07 00:30:00,13.7 °C,21.2 °C,15.0 °C,-1.5 °C,28 °C,29.9 °C,0,0
2025-12-07 01:00:00,13.4 °C,20.4 °C,14.8 °C,-1.3 °C,28 °C,29.9 °C,0,0
2025-12-07 01:30:00,13.8 °C,20.4 °C,14.8 °C,-0.8 °C,28 °C,29.8 °C,0,0
2025-12-07 02:00:00,13.9 °C,20.6 °C,15.0 °C,-0.2 °C,28 °C,29.6 °C,0,0
2025-12-07 02:30:00,14.3 °C,20.6 °C,15.5 °C,-0.4 °C,28 °C,29.7 °C,0,0
2025-12-07 03:00:00,14.6 °C,20.6 °C,15.4 °C,-0.2 °C,28 °C,29.6 °C,0,0
2025-12-07 03:30:00,14.7 °C,20.6 °C,15.1 °C,0.0 °C,28 °C,29.6 °C,0,0
2025-12-07 04:00:00,14.3 °C,20.8 °C,14.8 °C,-0.8 °C,28 °C,29.8 °C,0,0
2025-12-07 04:30:00,14.9 °C,20.5 °C,14.8 °C,-0.1 °C,28 °C,29.6 °C,0,0
2025-12-07 05:00:00,15.2 °C,20.5 °C,14.8 °C,1.1 °C,28 °C,29.4 °C,0,0
2025-12-07 05:30:00,15.7 °C,20.9 °C,15.3 °C,1.7 °C,28 °C,29.3 °C,0,0
2025-12-07 06:00:00,15.4 °C,20.5 °C,15.1 °C,1.7 °C,28 °C,29.3 °C,0,0
2025-12-07 06:30:00,15.7 °C,20.5 °C,15.5 °C,2.6 °C,28 °C,29.1 °C,0,0
2025-12-07 07:00:00,16.1 °C,20.2 °C,15.1 °C,3.7 °C,28 °C,28.9 °C,0,0
2025-12-07 07:30:00,16.4 °C,20.4 °C,14.9 °C,4.8 °C,28 °C,28.6 °C,0,0
2025-12-07 08:00:00,16.3 °C,20.4 °C,15.2 °C,5.8 °C,28 °C,28.4 °C,0,0
2025-12-07 08:30:00,16.2 °C,20.2 °C,14.9 °C,5.1 °C,28 °C,28.6 °C,0,0
2025-12-07 09:00:00,16.2 °C,20.3 °C,14.9 °C,5.8 °C,28 °C,28.4 °C,0,0
2025-12-07 09:30:00,16.2 °C,20.4 °C,14.9 °C,6.6 °C,28 °C,28.3 °C,0,0
2025-12-07 10:00:00,16.5 °C,20.3 °C,15.4 °C,7.7 °C,28 °C,28.1 °C,0,0
2025-12-07 10:30:00,16.5 °C,20.2 °C,15.6 °C,8.3 °C,28 °C,28.0 °C,0,0
2025-12-07 11:00:00,16.9 °C,20.1 °C,16.2 °C,9.6 °C,28 °C,28.0 °C,0,0
2025-12-07 11:30:00,16.4 °C,19.6 °C,15.2 °C,8.6 °C,28 °C,28.0 °C,0,0
2025-12-07 12:00:00,16.7 °C,20.0 °C,15.8 °C,9.3 °C,28 °C,28.0 °C,0,0
2025-12-07 12:30:00,17.2 °C,20.3 °C,16.8 °C,9.8 °C,28 °C,28.0 °C,0,0
2025-12-07 13:00:00,17.0 °C,19.9 °C,16.7 °C,10.5 °C,28 °C,28.0 °C,0,0
2025-12-07 13:30:00,17.8 °C,20.3 °C,17.1 °C,11.4 °C,28 °C,28.0 °C,0,0
2025-12-07 14:00:00,17.8 °C,20.5 °C,17.3 °C,10.8 °C,28 °C,28.0 °C,0,0
2025-12-07 14:30:00,18.0 °C,20.2 °C,17.8 °C,11.6 °C,28 °C,28.0 °C,0,0
2025-12-07 15:00:00,18.0 °C,20.2 °C,17.7 °C,11.8 °C,28 °C,28.0 °C,0,0
2025-12-07 15:30:00,17.8 °C,20.1 °C,17.3 °C,11.4 °C,28 °C,28.0 °C,0,0
2025-12-07 16:00:00,17.8 °C,20.4 °C,17.5 °C,10.5 °C,28 °C,28.0 °C,0,0
2025-12-07 16:30:00,17.8 °C,20.2 °C,17.4 °C,10.2 °C,28 °C,28.0 °C,0,0
2025-12-07 17:00:00,18.2 °C,20.8 °C,17.8 °C,10.0 °C,28 °C,28.0 °C,0,0
2025-12-07 17:30:00,18.2 °C,21.1 °C,17.9 °C,9.7 °C,28 °C,28.0 °C,0,0
2025-12-07 18:00:00,17.4 °C,20.8 °C,17.4 °C,8.7 °C,28 °C,28.0 °C,0,0
2025-12-07 18:30:00,17.7 °C,21.2 °C,17.9 °C,8.5 °C,28 °C,28.0 °C,0,0
2025-12-07 19:00:00,17.6 °C,21.3 °C,18.1 °C,7.7 °C,28 °C,28.1 °C,0,0
2025-12-07 19:30:00,17.3 °C,21.2 °C,17.7 °C,7.7 °C,28 °C,28.1 °C,0,0
2025-12-07 20:00:00,17.7 °C,21.4 °C,18.1 °C,8.0 °C,28 °C,28.0 °C,0,0
2025-12-07 20:30:00,17.4 °C,21.5 °C,17.7 °C,6.7 °C,28 °C,28.3 °C,0,0
2025-12-07 21:00:00,16.9 °C,21.3 °C,16.9 °C,6.0 °C,28 °C,28.4 °C,0,0
2025-12-07 21:30:00,17.0 °C,21.4 °C,16.6 °C,5.8 °C,28 °C,28.4 °C,0,0
2025-12-07 22:00:00,16.9 °C,21.3 °C,16.2 °C,5.2 °C,28 °C,28.6 °C,0,0
2025-12-07 22:30:00,16.9 °C,21.4 °C,16.2 °C,3.6 °C,28 °C,28.9 °C,0,0
2025-12-07 23:00:00,16.7 °C,21.3 °C,15.8 °C,3.5 °C,28 °C,28.9 °C,0,0
2025-12-07 23:30:00,16.1 °C,21.0 °C,14.7 °C,2.5 °C,28 °C,29.1 °C,0,0
2025-12-08 00:00:00,16.1 °C,21.2 °C,14.7 °C,2.0 °C,28 °C,29.2 °C,0,0
2025-12-08 00:30:00,15.3 °C,21.0 °C,14.2 °C,0.9 °C,28 °C,29.4 °C,0,0
2025-12-08 01:00:00,15.5 °C,21.0 °C,14.6 °C,1.0 °C,28 °C,29.4 °C,0,0
2025-12-08 01:30:00,15.0 °C,21.1 °C,14.6 °C,0.5 °C,28 °C,29.5 °C,0,0
2025-12-08 02:00:00,15.0 °C,21.5 °C,15.2 °C,0.8 °C,28 °C,29.4 °C,0,0
2025-12-08 02:30:00,15.2 °C,21.3 °C,14.9 °C,0.4 °C,28 °C,29.5 °C,0,0
2025-12-08 03:00:00,14.3 °C,21.0 °C,14.2 °C,0.0 °C,28 °C,29.6 °C,0,0
2025-12-08 03:30:00,15.1 °C,21.4 °C,15.0 °C,0.3 °C,28 °C,29.5 °C,0,0
2025-12-08 04:00:00,15.2 °C,21.3 °C,14.6 °C,-0.3 °C,28 °C,29.7 °C,0,0
2025-12-08 04:30:00,15.5 °C,21.2 °C,15.1 °C,1.0 °C,28 °C,29.4 °C,0,0
2025-12-08 05:00:00,15.8 °C,21.2 °C,15.1 °C,1.3 °C,28 °C,29.3 °C,0,0
2025-12-08 05:30:00,15.2 °C,21.1 °C,15.2 °C,1.2 °C,28 °C,29.4 °C,0,0
2025-12-08 06:00:00,28.5 °C,21.9 °C,28.9 °C,1.3 °C,28 °C,29.3 °C,74,64
2025-12-08 06:30:00,30.3 °C,22.5 °C,30.0 °C,1.7 °C,28 °C,29.3 °C,73,63
2025-12-08 07:00:00,30.2 °C,22.2 °C,30.2 °C,2.8 °C,28 °C,29.0 °C,75,66
2025-12-08 07:30:00,27.9 °C,21.8 °C,28.1 °C,2.7 °C,28 °C,29.1 °C,73,65
2025-12-08 08:00:00,25.0 °C,22.1 °C,25.7 °C,3.0 °C,28 °C,29.0 °C,72,62
2025-12-08 08:30:00,24.3 °C,21.9 °C,26.4 °C,3.5 °C,28 °C,28.9 °C,71,62
2025-12-08 09:00:00,26.7 °C,22.0 °C,28.2 °C,5.1 °C,28 °C,28.6 °C,70,61
2025-12-08 09:30:00,29.0 °C,22.1 °C,30.4 °C,6.2 °C,28 °C,28.4 °C,66,53
2025-12-08 10:00:00,28.8 °C,21.6 °C,30.4 °C,7.6 °C,28 °C,28.1 °C,61,51
2025-12-08 10:30:00,26.8 °C,21.9 °C,28.2 °C,7.9 °C,28 °C,28.0 °C,66,56
2025-12-08 11:00:00,23.7 °C,21.8 °C,24.1 °C,9.1 °C,28 °C,28.0 °C,60,51
2025-12-08 11:30:00,23.9 °C,22.2 °C,24.8 °C,10.1 °C,28 °C,28.0 °C,61,52
2025-12-08 12:00:00,26.8 °C,22.0 °C,27.4 °C,10.6 °C,28 °C,28.0 °C,62,52
2025-12-08 12:30:00,29.2 °C,22.4 °C,29.5 °C,11.2 °C,28 °C,28.0 °C,57,47
2025-12-08 13:00:00,28.8 °C,22.7 °C,28.8 °C,10.8 °C,28 °C,28.0 °C,58,48
2025-12-08 13:30:00,26.3 °C,22.5 °C,27.2 °C,11.9 °C,28 °C,28.0 °C,56,44
2025-12-08 14:00:00,23.8 °C,22.4 °C,25.5 °C,11.6 °C,28 °C,28.0 °C,59,51
2025-12-08 14:30:00,23.4 °C,22.2 °C,24.6 °C,11.7 °C,28 °C,28.0 °C,63,54
2025-12-08 15:00:00,26.2 °C,22.6 °C,26.6 °C,11.9 °C,28 °C,28.0 °C,60,54
2025-12-08 15:30:00,28.8 °C,22.5 °C,29.8 °C,10.7 °C,28 °C,28.0 °C,64,54
2025-12-08 16:00:00,28.7 °C,22.6 °C,30.8 °C,10.4 °C,28 °C,28.0 °C,61,50
2025-12-08 16:30:00,26.8 °C,22.4 °C,30.1 °C,10.1 °C,28 °C,28.0 °C,58,44
2025-12-08 17:00:00,24.3 °C,22.5 °C,26.8 °C,9.6 °C,28 °C,28.0 °C,59,53
2025-12-08 17:30:00,25.0 °C,22.5 °C,28.1 °C,9.1 °C,28 °C,28.0 °C,66,57
2025-12-08 18:00:00,27.4 °C,22.3 °C,30.4 °C,9.5 °C,28 °C,28.0 °C,63,55
2025-12-08 18:30:00,29.5 °C,22.7 °C,31.4 °C,8.3 °C,28 °C,28.0 °C,62,56
2025-12-08 19:00:00,29.4 °C,22.5 °C,30.9 °C,7.0 °C,28 °C,28.2 °C,65,56
2025-12-08 19:30:00,27.4 °C,22.7 °C,28.5 °C,6.0 °C,28 °C,28.4 °C,65,54
2025-12-08 20:00:00,16.7 °C,21.4 °C,17.4 °C,5.9 °C,28 °C,28.4 °C,0,0
2025-12-08 20:30:00,16.8 °C,21.5 °C,17.6 °C,5.8 °C,28 °C,28.4 °C,0,0
2025-12-08 21:00:00,16.4 °C,21.7 °C,18.1 °C,5.5 °C,28 °C,28.5 °C,0,0
2025-12-08 21:30:00,16.4 °C,21.7 °C,18.3 °C,5.3 °C,28 °C,28.5 °C,0,0
2025-12-08 22:00:00,16.6 °C,21.9 °C,18.4 °C,4.7 °C,28 °C,28.7 °C,0,0
2025-12-08 22:30:00,16.2 °C,21.6 °C,17.3 °C,3.7 °C,28 °C,28.9 °C,0,0
2025-12-08 23:00:00,16.0 °C,21.6 °C,17.1 °C,2.5 °C,28 °C,29.1 °C,0,0
2025-12-08 23:30:00,14.8 °C,21.2 °C,16.5 °C,1.2 °C,28 °C,29.4 °C,0,0
2025-12-09 00:00:00,14.3 °C,21.2 °C,16.2 °C,0.5 °C,28 °C,29.5 °C,0,0
2025-12-09 00:30:00,14.2 °C,20.9 °C,15.3 °C,0.6 °C,28 °C,29.5 °C,0,0
2025-12-09 01:00:00,14.5 °C,20.9 °C,14.5 °C,0.4 °C,28 °C,29.5 °C,0,0
2025-12-09 01:30:00,14.5 °C,21.2 °C,14.6 °C,0.2 °C,28 °C,29.6 °C,0,0
2025-12-09 02:00:00,14.6 °C,21.6 °C,14.5 °C,-0.7 °C,28 °C,29.7 °C,0,0
2025-12-09 02:30:00,14.8 °C,21.2 °C,14.2 °C,0.8 °C,28 °C,29.4 °C,0,0
2025-12-09 03:00:00,14.6 °C,21.5 °C,14.4 °C,0.2 °C,28 °C,29.6 °C,0,0
2025-12-09 03:30:00,14.7 °C,21.8 °C,14.4 °C,0.2 °C,28 °C,29.6 °C,0,0
2025-12-09 04:00:00,14.9 °C,21.8 °C,14.1 °C,0.9 °C,28 °C,29.4 °C,0,0
2025-12-09 04:30:00,15.1 °C,22.0 °C,15.1 °C,1.0 °C,28 °C,29.4 °C,0,0
2025-12-09 05:00:00,15.1 °C,21.8 °C,15.1 °C,0.6 °C,28 °C,29.5 °C,0,0
2025-12-09 05:30:00,15.1 °C,21.5 °C,15.0 °C,1.4 °C,28 °C,29.3 °C,0,0
2025-12-09 06:00:00,28.0 °C,22.2 °C,30.1 °C,0.9 °C,28 °C,29.4 °C,76,64
2025-12-09 06:30:00,30.5 °C,22.4 °C,32.8 °C,2.4 °C,28 °C,29.1 °C,71,63
2025-12-09 07:00:00,31.1 °C,22.3 °C,33.4 °C,3.0 °C,28 °C,29.0 °C,69,61
2025-12-09 07:30:00,28.4 °C,22.0 °C,30.6 °C,3.2 °C,28 °C,29.0 °C,71,64
2025-12-09 08:00:00,26.2 °C,21.8 °C,27.9 °C,2.8 °C,28 °C,29.0 °C,71,61
2025-12-09 08:30:00,26.9 °C,21.8 °C,29.3 °C,2.7 °C,28 °C,29.1 °C,67,58
2025-12-09 09:00:00,29.2 °C,21.6 °C,32.5 °C,3.4 °C,28 °C,28.9 °C,68,58
2025-12-09 09:30:00,31.4 °C,21.8 °C,35.2 °C,5.2 °C,28 °C,28.6 °C,68,53
2025-12-09 10:00:00,31.9 °C,22.1 °C,35.5 °C,5.8 °C,28 °C,28.4 °C,65,54
2025-12-09 10:30:00,30.1 °C,22.3 °C,33.7 °C,6.6 °C,28 °C,28.3 °C,67,56
2025-12-09 11:00:00,26.9 °C,22.9 °C,30.9 °C,7.2 °C,28 °C,28.2 °C,62,50
2025-12-09 11:30:00,26.5 °C,22.9 °C,30.3 °C,9.1 °C,28 °C,28.0 °C,67,57
2025-12-09 12:00:00,29.2 °C,23.2 °C,33.8 °C,9.0 °C,28 °C,28.0 °C,62,54
2025-12-09 12:30:00,31.7 °C,23.1 °C,36.7 °C,10.2 °C,28 °C,28.0 °C,60,49
2025-12-09 13:00:00,31.8 °C,22.9 °C,37.9 °C,10.0 °C,28 °C,28.0 °C,58,49
2025-12-09 13:30:00,28.2 °C,22.8 °C,34.0 °C,9.6 °C,28 °C,28.0 °C,60,49
2025-12-09 14:00:00,25.0 °C,22.7 °C,29.2 °C,9.7 °C,28 °C,28.0 °C,55,45
2025-12-09 14:30:00,25.8 °C,22.6 °C,29.8 °C,9.6 °C,28 °C,28.0 °C,61,49
2025-12-09 15:00:00,28.5 °C,22.2 °C,32.1 °C,9.9 °C,28 °C,28.0 °C,66,57
2025-12-09 15:30:00,31.0 °C,21.9 °C,34.5 °C,8.3 °C,28 °C,28.0 °C,66,57
2025-12-09 16:00:00,30.4 °C,22.2 °C,34.7 °C,8.3 °C,28 °C,28.0 °C,58,51
2025-12-09 16:30:00,27.9 °C,22.4 °C,31.7 °C,7.8 °C,28 °C,28.0 °C,65,53
2025-12-09 17:00:00,25.8 °C,22.7 °C,29.0 °C,7.1 °C,28 °C,28.2 °C,66,56
2025-12-09 17:30:00,25.5 °C,22.5 °C,28.2 °C,6.1 °C,28 °C,28.4 °C,71,63
2025-12-09 18:00:00,27.8 °C,22.3 °C,31.5 °C,5.7 °C,28 °C,28.5 °C,65,54
2025-12-09 18:30:00,30.5 °C,22.0 °C,33.9 °C,5.1 °C,28 °C,28.6 °C,75,66
2025-12-09 19:00:00,30.9 °C,22.2 °C,34.3 °C,4.5 °C,28 °C,28.7 °C,69,58
2025-12-09 19:30:00,28.6 °C,21.9 °C,32.7 °C,3.2 °C,28 °C,29.0 °C,69,60
2025-12-09 20:00:00,15.7 °C,21.0 °C,15.2 °C,2.9 °C,28 °C,29.0 °C,0,0
2025-12-09 20:30:00,16.0 °C,21.1 °C,15.1 °C,2.1 °C,28 °C,29.2 °C,0,0
2025-12-09 21:00:00,15.6 °C,20.7 °C,14.9 °C,0.8 °C,28 °C,29.4 °C,0,0
2025-12-09 21:30:00,15.4 °C,20.9 °C,14.6 °C,0.2 °C,28 °C,29.6 °C,0,0
2025-12-09 22:00:00,15.1 °C,21.1 °C,14.3 °C,-0.5 °C,28 °C,29.7 °C,0,0
2025-12-09 22:30:00,14.6 °C,21.1 °C,14.1 °C,-0.7 °C,28 °C,29.7 °C,0,0
2025-12-09 23:00:00,14.9 °C,21.1 °C,14.1 °C,-1.2 °C,28 °C,29.8 °C,0,0
2025-12-09 23:30:00,14.8 °C,21.1 °C,14.0 °C,-2.3 °C,28 °C,30.1 °C,0,0
2025-12-10 00:00:00,15.1 °C,21.4 °C,13.6 °C,-3.0 °C,28 °C,30.2 °C,0,0
2025-12-10 00:30:00,14.5 °C,21.3 °C,13.1 °C,-4.0 °C,28 °C,30.4 °C,0,0
2025-12-10 01:00:00,14.4 °C,21.3 °C,13.4 °C,-3.2 °C,28 °C,30.2 °C,0,0
2025-12-10 01:30:00,14.3 °C,21.1 °C,14.0 °C,-2.4 °C,28 °C,30.1 °C,0,0
2025-12-10 02:00:00,13.2 °C,20.3 °C,13.5 °C,-1.5 °C,28 °C,29.9 °C,0,0
2025-12-10 02:30:00,13.2 °C,20.7 °C,13.2 °C,-1.9 °C,28 °C,30.0 °C,0,0
2025-12-10 03:00:00,13.6 °C,20.7 °C,13.9 °C,-1.0 °C,28 °C,29.8 °C,0,0
2025-12-10 03:30:00,13.7 °C,20.5 °C,13.3 °C,-0.6 °C,28 °C,29.7 °C,0,0
2025-12-10 04:00:00,13.8 °C,21.0 °C,13.9 °C,-1.0 °C,28 °C,29.8 °C,0,0
2025-12-10 04:30:00,14.1 °C,21.1 °C,13.3 °C,-1.1 °C,28 °C,29.8 °C,0,0
2025-12-10 05:00:00,14.0 °C,21.0 °C,13.4 °C,-0.9 °C,28 °C,29.8 °C,0,0
2025-12-10 05:30:00,14.5 °C,21.3 °C,13.7 °C,-0.4 °C,28 °C,29.7 °C,0,0
2025-12-10 06:00:00,29.1 °C,22.2 °C,31.4 °C,0.3 °C,28 °C,29.5 °C,84,75
2025-12-10 06:30:00,31.3 °C,22.2 °C,33.1 °C,0.8 °C,28 °C,29.4 °C,71,62
2025-12-10 07:00:00,31.4 °C,22.0 °C,33.2 °C,1.1 °C,28 °C,29.4 °C,76,66
2025-12-10 07:30:00,28.9 °C,22.2 °C,30.7 °C,2.5 °C,28 °C,29.1 °C,68,57
2025-12-10 08:00:00,26.4 °C,22.4 °C,28.7 °C,3.0 °C,28 °C,29.0 °C,72,62
2025-12-10 08:30:00,26.2 °C,22.1 °C,27.5 °C,3.4 °C,28 °C,28.9 °C,70,57
2025-12-10 09:00:00,28.6 °C,21.6 °C,31.2 °C,3.9 °C,28 °C,28.8 °C,64,56
2025-12-10 09:30:00,30.9 °C,21.9 °C,33.6 °C,4.4 °C,28 °C,28.7 °C,71,59
2025-12-10 10:00:00,31.0 °C,22.0 °C,33.6 °C,4.2 °C,28 °C,28.8 °C,70,59
2025-12-10 10:30:00,29.1 °C,22.2 °C,31.9 °C,4.3 °C,28 °C,28.7 °C,71,61
2025-12-10 11:00:00,25.8 °C,22.2 °C,27.7 °C,6.4 °C,28 °C,28.3 °C,62,53
2025-12-10 11:30:00,26.0 °C,22.3 °C,28.0 °C,5.9 °C,28 °C,28.4 °C,73,63
2025-12-10 12:00:00,27.9 °C,22.1 °C,30.3 °C,6.6 °C,28 °C,28.3 °C,67,58
2025-12-10 12:30:00,31.0 °C,22.0 °C,33.2 °C,7.2 °C,28 °C,28.2 °C,66,57
2025-12-10 13:00:00,30.9 °C,21.7 °C,33.3 °C,8.2 °C,28 °C,28.0 °C,67,56
2025-12-10 13:30:00,27.9 °C,22.0 °C,30.7 °C,8.6 °C,28 °C,28.0 °C,62,51
2025-12-10 14:00:00,25.4 °C,22.0 °C,27.7 °C,9.9 °C,28 °C,28.0 °C,57,47
2025-12-10 14:30:00,24.8 °C,22.0 °C,27.7 °C,10.0 °C,28 °C,28.0 °C,63,55
2025-12-10 15:00:00,27.1 °C,22.1 °C,29.9 °C,10.7 °C,28 °C,28.0 °C,60,51
2025-12-10 15:30:00,29.8 °C,22.0 °C,33.5 °C,11.1 °C,28 °C,28.0 °C,63,54
2025-12-10 16:00:00,30.4 °C,22.2 °C,34.6 °C,11.6 °C,28 °C,28.0 °C,60,49
2025-12-10 16:30:00,28.4 °C,22.5 °C,32.6 °C,11.1 °C,28 °C,28.0 °C,67,59
2025-12-10 17:00:00,25.9 °C,22.7 °C,29.5 °C,10.8 °C,28 °C,28.0 °C,60,51
2025-12-10 17:30:00,26.1 °C,22.2 °C,29.4 °C,10.0 °C,28 °C,28.0 °C,58,47
2025-12-10 18:00:00,28.8 °C,22.1 °C,32.5 °C,9.4 °C,28 °C,28.0 °C,62,51
2025-12-10 18:30:00,32.1 °C,22.1 °C,35.3 °C,8.9 °C,28 °C,28.0 °C,60,52
2025-12-10 19:00:00,31.9 °C,22.4 °C,35.2 °C,6.9 °C,28 °C,28.2 °C,62,55
2025-12-10 19:30:00,30.1 °C,22.2 °C,33.5 °C,6.3 °C,28 °C,28.3 °C,70,57
2025-12-10 20:00:00,16.1 °C,21.0 °C,16.8 °C,6.2 °C,28 °C,28.4 °C,0,0
2025-12-10 20:30:00,15.8 °C,21.2 °C,16.4 °C,4.7 °C,28 °C,28.7 °C,0,0
2025-12-10 21:00:00,15.5 °C,21.1 °C,15.6 °C,3.5 °C,28 °C,28.9 °C,0,0
2025-12-10 21:30:00,15.6 °C,20.9 °C,15.3 °C,3.7 °C,28 °C,28.9 °C,0,0
2025-12-10 22:00:00,15.8 °C,20.9 °C,15.2 °C,3.9 °C,28 °C,28.8 °C,0,0
2025-12-10 22:30:00,15.4 °C,20.5 °C,14.7 °C,2.8 °C,28 °C,29.0 °C,0,0
2025-12-10 23:00:00,15.4 °C,20.6 °C,14.8 °C,2.3 °C,28 °C,29.1 °C,0,0
2025-12-10 23:30:00,15.3 °C,20.5 °C,14.5 °C,1.8 °C,28 °C,29.2 °C,0,0
2025-12-11 00:00:00,15.6 °C,20.7 °C,15.1 °C,1.9 °C,28 °C,29.2 °C,0,0
2025-12-11 00:30:00,15.2 °C,20.6 °C,14.7 °C,1.0 °C,28 °C,29.4 °C,0,0
2025-12-11 01:00:00,15.3 °C,20.7 °C,14.6 °C,0.4 °C,28 °C,29.5 °C,0,0
2025-12-11 01:30:00,15.3 °C,20.6 °C,15.0 °C,0.9 °C,28 °C,29.4 °C,0,0
2025-12-11 02:00:00,14.5 °C,20.5 °C,14.5 °C,0.0 °C,28 °C,29.6 °C,0,0
2025-12-11 02:30:00,14.5 °C,20.3 °C,13.7 °C,-0.5 °C,28 °C,29.7 °C,0,0
2025-12-11 03:00:00,14.8 °C,20.6 °C,13.8 °C,-0.4 °C,28 °C,29.7 °C,0,0
2025-12-11 03:30:00,15.0 °C,20.6 °C,14.4 °C,0.5 °C,28 °C,29.5 °C,0,0
2025-12-11 04:00:00,14.4 °C,20.1 °C,13.9 °C,-0.2 °C,28 °C,29.6 °C,0,0
2025-12-11 04:30:00,14.5 °C,19.8 °C,13.8 °C,-0.5 °C,28 °C,29.7 °C,0,0
2025-12-11 05:00:00,14.9 °C,20.2 °C,13.8 °C,0.2 °C,28 °C,29.6 °C,0,0
2025-12-11 05:30:00,15.4 °C,20.2 °C,13.6 °C,0.9 °C,28 °C,29.4 °C,0,0
2025-12-11 06:00:00,29.0 °C,21.2 °C,31.2 °C,1.4 °C,28 °C,29.3 °C,73,62
2025-12-11 06:30:00,31.2 °C,21.2 °C,32.5 °C,1.7 °C,28 °C,29.3 °C,70,57
2025-12-11 07:00:00,30.6 °C,21.4 °C,32.0 °C,2.2 °C,28 °C,29.2 °C,72,63
2025-12-11 07:30:00,27.6 °C,21.8 °C,28.1 °C,1.8 °C,28 °C,29.2 °C,69,62
2025-12-11 08:00:00,25.2 °C,21.9 °C,26.8 °C,2.4 °C,28 °C,29.1 °C,71,59
2025-12-11 08:30:00,25.8 °C,22.0 °C,28.1 °C,3.9 °C,28 °C,28.8 °C,65,52
2025-12-11 09:00:00,27.9 °C,21.8 °C,30.4 °C,3.7 °C,28 °C,28.9 °C,67,59
2025-12-11 09:30:00,30.8 °C,21.4 °C,33.7 °C,3.8 °C,28 °C,28.8 °C,67,58
2025-12-11 10:00:00,31.2 °C,21.5 °C,33.9 °C,4.2 °C,28 °C,28.8 °C,71,62
2025-12-11 10:30:00,29.0 °C,21.7 °C,31.2 °C,4.6 °C,28 °C,28.7 °C,66,57
2025-12-11 11:00:00,27.0 °C,22.0 °C,28.3 °C,6.4 °C,28 °C,28.3 °C,62,52
2025-12-11 11:30:00,27.2 °C,22.4 °C,29.1 °C,6.3 °C,28 °C,28.3 °C,65,58
2025-12-11 12:00:00,30.3 °C,22.0 °C,31.7 °C,6.1 °C,28 °C,28.4 °C,72,65
2025-12-11 12:30:00,31.9 °C,21.8 °C,34.6 °C,7.0 °C,28 °C,28.2 °C,60,54
2025-12-11 13:00:00,32.1 °C,22.0 °C,34.1 °C,7.0 °C,28 °C,28.2 °C,67,61
2025-12-11 13:30:00,29.9 °C,22.0 °C,32.5 °C,7.8 °C,28 °C,28.0 °C,65,53
2025-12-11 14:00:00,27.0 °C,22.3 °C,30.1 °C,7.9 °C,28 °C,28.0 °C,70,62
2025-12-11 14:30:00,25.4 °C,22.2 °C,27.8 °C,8.3 °C,28 °C,28.0 °C,64,54
2025-12-11 15:00:00,27.5 °C,22.6 °C,29.6 °C,7.4 °C,28 °C,28.1 °C,64,51
2025-12-11 15:30:00,29.6 °C,22.6 °C,31.6 °C,7.8 °C,28 °C,28.0 °C,64,55
2025-12-11 16:00:00,29.9 °C,22.9 °C,33.6 °C,7.8 °C,28 °C,28.0 °C,63,52
2025-12-11 16:30:00,27.4 °C,22.2 °C,30.8 °C,7.5 °C,28 °C,28.1 °C,66,56
2025-12-11 17:00:00,25.2 °C,22.2 °C,27.9 °C,6.6 °C,28 °C,28.3 °C,64,52
2025-12-11 17:30:00,25.1 °C,22.2 °C,27.9 °C,6.5 °C,28 °C,28.3 °C,75,67
2025-12-11 18:00:00,27.5 °C,21.6 °C,29.8 °C,6.7 °C,28 °C,28.3 °C,68,56
2025-12-11 18:30:00,30.1 °C,21.6 °C,32.3 °C,5.9 °C,28 °C,28.4 °C,66,55
2025-12-11 19:00:00,30.1 °C,21.3 °C,32.0 °C,5.2 °C,28 °C,28.6 °C,67,59
2025-12-11 19:30:00,28.1 °C,21.2 °C,30.3 °C,5.2 °C,28 °C,28.6 °C,68,58
2025-12-11 20:00:00,15.7 °C,20.4 °C,16.7 °C,5.8 °C,28 °C,28.4 °C,0,0
2025-12-11 20:30:00,15.9 °C,20.5 °C,16.7 °C,5.7 °C,28 °C,28.5 °C,0,0
2025-12-11 21:00:00,15.7 °C,20.6 °C,17.2 °C,5.1 °C,28 °C,28.6 °C,0,0
2025-12-11 21:30:00,15.8 °C,20.6 °C,17.1 °C,4.2 °C,28 °C,28.8 °C,0,0
2025-12-11 22:00:00,16.4 °C,21.2 °C,17.4 °C,3.6 °C,28 °C,28.9 °C,0,0
2025-12-11 22:30:00,16.2 °C,21.3 °C,16.2 °C,2.1 °C,28 °C,29.2 °C,0,0
2025-12-11 23:00:00,15.9 °C,21.2 °C,15.7 °C,1.5 °C,28 °C,29.3 °C,0,0
2025-12-11 23:30:00,15.8 °C,21.3 °C,16.0 °C,1.7 °C,28 °C,29.3 °C,0,0
2025-12-12 00:00:00,15.8 °C,21.2 °C,15.6 °C,1.1 °C,28 °C,29.4 °C,0,0
2025-12-12 00:30:00,15.1 °C,20.8 °C,14.9 °C,0.3 °C,28 °C,29.5 °C,0,0
2025-12-12 01:00:00,15.3 °C,21.0 °C,15.1 °C,-0.5 °C,28 °C,29.7 °C,0,0
2025-12-12 01:30:00,15.4 °C,21.3 °C,15.4 °C,-0.7 °C,28 °C,29.7 °C,0,0
2025-12-12 02:00:00,15.5 °C,21.6 °C,15.0 °C,-1.6 °C,28 °C,29.9 °C,0,0
2025-12-12 02:30:00,15.5 °C,21.7 °C,15.1 °C,-2.2 °C,28 °C,30.0 °C,0,0
2025-12-12 03:00:00,15.3 °C,21.6 °C,14.9 °C,-1.1 °C,28 °C,29.8 °C,0,0
2025-12-12 03:30:00,15.1 °C,21.5 °C,14.3 °C,-1.7 °C,28 °C,29.9 °C,0,0
2025-12-12 04:00:00,15.5 °C,21.9 °C,14.6 °C,-1.9 °C,28 °C,30.0 °C,0,0
2025-12-12 04:30:00,15.3 °C,21.8 °C,14.2 °C,-1.4 °C,28 °C,29.9 °C,0,0
2025-12-12 05:00:00,14.9 °C,21.4 °C,13.7 °C,-1.3 °C,28 °C,29.9 °C,0,0
2025-12-12 05:30:00,15.6 °C,21.9 °C,13.9 °C,-0.8 °C,28 °C,29.8 °C,0,0
2025-12-12 06:00:00,29.3 °C,22.4 °C,31.3 °C,0.2 °C,28 °C,29.6 °C,80,70
2025-12-12 06:30:00,31.6 °C,21.9 °C,33.9 °C,-0.3 °C,28 °C,29.7 °C,80,68
2025-12-12 07:00:00,31.5 °C,22.0 °C,33.4 °C,0.8 °C,28 °C,29.4 °C,84,74
2025-12-12 07:30:00,29.5 °C,22.1 °C,31.2 °C,1.1 °C,28 °C,29.4 °C,76,66
2025-12-12 08:00:00,26.8 °C,22.1 °C,28.7 °C,1.5 °C,28 °C,29.3 °C,74,65
2025-12-12 08:30:00,26.8 °C,22.3 °C,28.7 °C,3.4 °C,28 °C,28.9 °C,77,66
2025-12-12 09:00:00,29.4 °C,22.2 °C,31.4 °C,3.1 °C,28 °C,29.0 °C,66,54
2025-12-12 09:30:00,31.5 °C,22.1 °C,33.2 °C,4.1 °C,28 °C,28.8 °C,70,61
2025-12-12 10:00:00,31.6 °C,21.9 °C,33.0 °C,5.4 °C,28 °C,28.5 °C,67,57
2025-12-12 10:30:00,28.9 °C,21.9 °C,30.7 °C,5.5 °C,28 °C,28.5 °C,71,59
2025-12-12 11:00:00,25.9 °C,22.1 °C,27.5 °C,5.6 °C,28 °C,28.5 °C,77,67
2025-12-12 11:30:00,25.8 °C,22.3 °C,27.3 °C,5.9 °C,28 °C,28.4 °C,65,52
2025-12-12 12:00:00,28.3 °C,22.0 °C,29.3 °C,6.0 °C,28 °C,28.4 °C,70,61
2025-12-12 12:30:00,30.5 °C,21.6 °C,31.4 °C,6.5 °C,28 °C,28.3 °C,70,59
2025-12-12 13:00:00,30.8 °C,21.9 °C,31.3 °C,7.5 °C,28 °C,28.1 °C,68,56
2025-12-12 13:30:00,28.6 °C,21.7 °C,29.6 °C,7.5 °C,28 °C,28.1 °C,65,60
2025-12-12 14:00:00,26.0 °C,21.5 °C,26.9 °C,8.3 °C,28 °C,28.0 °C,65,55
2025-12-12 14:30:00,25.9 °C,21.0 °C,26.4 °C,9.3 °C,28 °C,28.0 °C,58,50
2025-12-12 15:00:00,28.3 °C,21.4 °C,28.9 °C,9.5 °C,28 °C,28.0 °C,66,56
2025-12-12 15:30:00,30.9 °C,21.5 °C,30.9 °C,9.6 °C,28 °C,28.0 °C,57,50
2025-12-12 16:00:00,30.9 °C,21.7 °C,30.7 °C,9.0 °C,28 °C,28.0 °C,59,50
2025-12-12 16:30:00,28.5 °C,21.8 °C,29.2 °C,7.2 °C,28 °C,28.2 °C,64,53
2025-12-12 17:00:00,25.5 °C,21.8 °C,25.7 °C,7.3 °C,28 °C,28.1 °C,63,55
2025-12-12 17:30:00,25.2 °C,21.8 °C,25.6 °C,7.5 °C,28 °C,28.1 °C,65,58
2025-12-12 18:00:00,27.8 °C,21.8 °C,29.5 °C,7.3 °C,28 °C,28.1 °C,64,53
2025-12-12 18:30:00,30.4 °C,21.5 °C,32.1 °C,7.3 °C,28 °C,28.1 °C,62,52
2025-12-12 19:00:00,30.0 °C,21.1 °C,31.5 °C,6.4 °C,28 °C,28.3 °C,63,57
2025-12-12 19:30:00,27.4 °C,21.7 °C,28.0 °C,6.2 °C,28 °C,28.4 °C,70,60
2025-12-12 20:00:00,16.5 °C,20.8 °C,17.1 °C,6.4 °C,28 °C,28.3 °C,0,0
2025-12-12 20:30:00,16.5 °C,20.7 °C,17.6 °C,6.1 °C,28 °C,28.4 °C,0,0
2025-12-12 21:00:00,16.4 °C,20.5 °C,16.8 °C,6.1 °C,28 °C,28.4 °C,0,0
2025-12-12 21:30:00,16.3 °C,20.8 °C,16.9 °C,6.1 °C,28 °C,28.4 °C,0,0
2025-12-12 22:00:00,15.8 °C,20.9 °C,16.2 °C,4.5 °C,28 °C,28.7 °C,0,0
2025-12-12 22:30:00,15.4 °C,20.6 °C,16.1 °C,4.2 °C,28 °C,28.8 °C,0,0
2025-12-12 23:00:00,15.2 °C,20.6 °C,16.0 °C,3.1 °C,28 °C,29.0 °C,0,0
2025-12-12 23:30:00,15.1 °C,20.7 °C,15.6 °C,1.8 °C,28 °C,29.2 °C,0,0
2025-12-13 00:00:00,14.8 °C,20.6 °C,15.1 °C,1.0 °C,28 °C,29.4 °C,0,0
2025-12-13 00:30:00,15.2 °C,20.8 °C,15.3 °C,1.6 °C,28 °C,29.3 °C,0,0
2025-12-13 01:00:00,14.9 °C,21.3 °C,15.3 °C,0.8 °C,28 °C,29.4 °C,0,0
2025-12-13 01:30:00,14.3 °C,21.2 °C,14.9 °C,-0.6 °C,28 °C,29.7 °C,0,0
2025-12-13 02:00:00,13.3 °C,21.1 °C,14.6 °C,-1.7 °C,28 °C,29.9 °C,0,0
2025-12-13 02:30:00,13.5 °C,20.8 °C,14.9 °C,-1.4 °C,28 °C,29.9 °C,0,0
2025-12-13 03:00:00,14.0 °C,20.8 °C,14.6 °C,-1.8 °C,28 °C,30.0 °C,0,0
2025-12-13 03:30:00,13.2 °C,20.3 °C,14.1 °C,-2.9 °C,28 °C,30.2 °C,0,0
2025-12-13 04:00:00,13.3 °C,20.6 °C,13.9 °C,-3.4 °C,28 °C,30.3 °C,0,0
2025-12-13 04:30:00,13.4 °C,20.3 °C,13.4 °C,-2.9 °C,28 °C,30.2 °C,0,0
2025-12-13 05:00:00,13.3 °C,20.2 °C,13.8 °C,-1.9 °C,28 °C,30.0 °C,0,0
2025-12-13 05:30:00,13.4 °C,20.2 °C,14.1 °C,-1.7 °C,28 °C,29.9 °C,0,0
2025-12-13 06:00:00,14.1 °C,20.6 °C,14.4 °C,-0.7 °C,28 °C,29.7 °C,0,0
2025-12-13 06:30:00,14.4 °C,20.4 °C,14.3 °C,0.4 °C,28 °C,29.5 °C,0,0
2025-12-13 07:00:00,30.9 °C,21.3 °C,34.3 °C,0.5 °C,28 °C,29.5 °C,74,64
2025-12-13 07:30:00,28.3 °C,21.4 °C,31.2 °C,1.0 °C,28 °C,29.4 °C,74,60
2025-12-13 08:00:00,26.0 °C,21.3 °C,29.0 °C,1.3 °C,28 °C,29.3 °C,78,70
2025-12-13 08:30:00,26.2 °C,21.3 °C,28.4 °C,2.3 °C,28 °C,29.1 °C,73,65
2025-12-13 09:00:00,28.4 °C,21.0 °C,31.3 °C,2.6 °C,28 °C,29.1 °C,71,60
2025-12-13 09:30:00,30.8 °C,20.9 °C,32.8 °C,2.6 °C,28 °C,29.1 °C,70,62
2025-12-13 10:00:00,30.3 °C,21.3 °C,32.5 °C,3.4 °C,28 °C,28.9 °C,72,63
2025-12-13 10:30:00,27.9 °C,21.5 °C,30.5 °C,4.7 °C,28 °C,28.7 °C,68,60
2025-12-13 11:00:00,25.6 °C,21.4 °C,27.8 °C,5.6 °C,28 °C,28.5 °C,64,56
2025-12-13 11:30:00,25.8 °C,21.2 °C,28.6 °C,6.8 °C,28 °C,28.2 °C,63,52
2025-12-13 12:00:00,28.1 °C,21.2 °C,29.9 °C,7.7 °C,28 °C,28.1 °C,69,63
2025-12-13 12:30:00,29.9 °C,20.9 °C,31.8 °C,8.0 °C,28 °C,28.0 °C,63,51
2025-12-13 13:00:00,29.8 °C,20.9 °C,30.9 °C,7.9 °C,28 °C,28.0 °C,67,51
2025-12-13 13:30:00,27.9 °C,20.9 °C,28.6 °C,7.6 °C,28 °C,28.1 °C,59,43
2025-12-13 14:00:00,15.6 °C,20.0 °C,14.6 °C,6.9 °C,28 °C,28.2 °C,0,0
2025-12-13 14:30:00,16.1 °C,20.0 °C,15.5 °C,7.8 °C,28 °C,28.0 °C,0,0
2025-12-13 15:00:00,16.8 °C,20.2 °C,15.7 °C,7.7 °C,28 °C,28.1 °C,0,0
2025-12-13 15:30:00,15.9 °C,20.0 °C,15.4 °C,6.7 °C,28 °C,28.3 °C,0,0
2025-12-13 16:00:00,15.9 °C,20.3 °C,16.2 °C,7.5 °C,28 °C,28.1 °C,0,0
2025-12-13 16:30:00,16.2 °C,20.7 °C,16.4 °C,7.4 °C,28 °C,28.1 °C,0,0
2025-12-13 17:00:00,16.9 °C,21.2 °C,16.8 °C,7.8 °C,28 °C,28.0 °C,0,0
2025-12-13 17:30:00,16.8 °C,21.3 °C,17.1 °C,7.2 °C,28 °C,28.2 °C,0,0
2025-12-13 18:00:00,16.3 °C,21.6 °C,16.8 °C,6.4 °C,28 °C,28.3 °C,0,0
2025-12-13 18:30:00,16.0 °C,21.7 °C,17.2 °C,6.3 °C,28 °C,28.3 °C,0,0
2025-12-13 19:00:00,15.9 °C,21.7 °C,16.8 °C,6.1 °C,28 °C,28.4 °C,0,0
2025-12-13 19:30:00,15.6 °C,21.3 °C,16.1 °C,5.4 °C,28 °C,28.5 °C,0,0
2025-12-13 20:00:00,15.8 °C,21.5 °C,16.4 °C,5.6 °C,28 °C,28.5 °C,0,0
2025-12-13 20:30:00,15.9 °C,21.5 °C,16.8 °C,5.5 °C,28 °C,28.5 °C,0,0
2025-12-13 21:00:00,16.2 °C,21.9 °C,17.0 °C,5.2 °C,28 °C,28.6 °C,0,0
2025-12-13 21:30:00,16.1 °C,21.9 °C,16.2 °C,3.8 °C,28 °C,28.8 °C,0,0
2025-12-13 22:00:00,15.6 °C,22.1 °C,16.1 °C,2.4 °C,28 °C,29.1 °C,0,0
2025-12-13 22:30:00,15.5 °C,21.8 °C,15.8 °C,2.5 °C,28 °C,29.1 °C,0,0
2025-12-13 23:00:00,15.3 °C,21.8 °C,15.4 °C,0.6 °C,28 °C,29.5 °C,0,0
2025-12-13 23:30:00,14.6 °C,21.2 °C,14.9 °C,0.2 °C,28 °C,29.6 °C,0,0
2025-12-14 00:00:00,14.4 °C,21.3 °C,14.4 °C,-0.2 °C,28 °C,29.6 °C,0,0
2025-12-14 00:30:00,14.5 °C,21.5 °C,14.6 °C,-0.8 °C,28 °C,29.8 °C,0,0
2025-12-14 01:00:00,14.4 °C,21.8 °C,14.3 °C,-1.1 °C,28 °C,29.8 °C,0,0
2025-12-14 01:30:00,14.0 °C,21.6 °C,14.7 °C,-1.0 °C,28 °C,29.8 °C,0,0
2025-12-14 02:00:00,13.5 °C,21.1 °C,13.7 °C,-1.5 °C,28 °C,29.9 °C,0,0
2025-12-14 02:30:00,13.5 °C,20.9 °C,13.8 °C,-1.0 °C,28 °C,29.8 °C,0,0
2025-12-14 03:00:00,13.9 °C,20.9 °C,13.6 °C,-0.7 °C,28 °C,29.7 °C,0,0
2025-12-14 03:30:00,13.8 °C,21.0 °C,14.1 °C,-0.8 °C,28 °C,29.8 °C,0,0
2025-12-14 04:00:00,13.3 °C,20.5 °C,13.2 °C,-1.2 °C,28 °C,29.8 °C,0,0
2025-12-14 04:30:00,13.8 °C,20.5 °C,14.1 °C,-1.0 °C,28 °C,29.8 °C,0,0
2025-12-14 05:00:00,14.4 °C,20.2 °C,14.3 °C,0.6 °C,28 °C,29.5 °C,0,0
2025-12-14 05:30:00,14.6 °C,20.7 °C,14.3 °C,0.3 °C,28 °C,29.5 °C,0,0
2025-12-14 06:00:00,14.6 °C,20.1 °C,14.6 °C,1.6 °C,28 °C,29.3 °C,0,0
2025-12-14 06:30:00,14.4 °C,20.4 °C,14.6 °C,0.9 °C,28 °C,29.4 °C,0,0
2025-12-14 07:00:00,14.5 °C,20.4 °C,14.3 °C,0.8 °C,28 °C,29.4 °C,0,0
2025-12-14 07:30:00,14.6 °C,19.9 °C,13.8 °C,1.1 °C,28 °C,29.4 °C,0,0
2025-12-14 08:00:00,15.6 °C,20.4 °C,14.4 °C,2.3 °C,28 °C,29.1 °C,0,0
2025-12-14 08:30:00,16.0 °C,20.8 °C,14.7 °C,2.9 °C,28 °C,29.0 °C,0,0
2025-12-14 09:00:00,16.7 °C,21.1 °C,15.7 °C,4.3 °C,28 °C,28.7 °C,0,0
2025-12-14 09:30:00,16.5 °C,21.1 °C,15.8 °C,4.6 °C,28 °C,28.7 °C,0,0
2025-12-14 10:00:00,16.2 °C,20.9 °C,16.0 °C,5.1 °C,28 °C,28.6 °C,0,0
2025-12-14 10:30:00,16.3 °C,20.9 °C,16.0 °C,5.4 °C,28 °C,28.5 °C,0,0
2025-12-14 11:00:00,16.9 °C,21.0 °C,16.8 °C,7.2 °C,28 °C,28.2 °C,0,0
2025-12-14 11:30:00,16.9 °C,20.9 °C,16.4 °C,6.9 °C,28 °C,28.2 °C,0,0
2025-12-14 12:00:00,16.7 °C,20.7 °C,16.0 °C,6.9 °C,28 °C,28.2 °C,0,0
2025-12-14 12:30:00,16.8 °C,20.8 °C,16.0 °C,6.7 °C,28 °C,28.3 °C,0,0
2025-12-14 13:00:00,16.4 °C,20.9 °C,16.7 °C,7.4 °C,28 °C,28.1 °C,0,0
2025-12-14 13:30:00,16.5 °C,21.1 °C,16.6 °C,7.0 °C,28 °C,28.2 °C,0,0
2025-12-14 14:00:00,17.1 °C,21.4 °C,17.1 °C,8.4 °C,28 °C,28.0 °C,0,0
2025-12-14 14:30:00,16.9 °C,21.6 °C,17.3 °C,8.5 °C,28 °C,28.0 °C,0,0
2025-12-14 15:00:00,16.9 °C,21.2 °C,17.2 °C,8.7 °C,28 °C,28.0 °C,0,0
2025-12-14 15:30:00,17.4 °C,21.2 °C,16.9 °C,8.9 °C,28 °C,28.0 °C,0,0
2025-12-14 16:00:00,17.4 °C,21.2 °C,16.6 °C,8.7 °C,28 °C,28.0 °C,0,0
2025-12-14 16:30:00,17.6 °C,21.4 °C,16.9 °C,8.5 °C,28 °C,28.0 °C,0,0
2025-12-14 17:00:00,17.6 °C,21.5 °C,16.7 °C,8.2 °C,28 °C,28.0 °C,0,0
2025-12-14 17:30:00,18.0 °C,21.5 °C,16.9 °C,8.1 °C,28 °C,28.0 °C,0,0
2025-12-14 18:00:00,17.1 °C,21.3 °C,16.4 °C,7.1 °C,28 °C,28.2 °C,0,0
2025-12-14 18:30:00,16.9 °C,-20.0 °C,15.6 °C,6.1 °C,28 °C,28.4 °C,0,0
2025-12-14 19:00:00,17.1 °C,21.5 °C,15.9 °C,6.1 °C,28 °C,28.4 °C,0,0
2025-12-14 19:30:00,16.9 °C,21.5 °C,16.1 °C,5.5 °C,28 °C,28.5 °C,0,0
2025-12-14 20:00:00,16.5 °C,21.3 °C,15.6 °C,3.8 °C,28 °C,28.8 °C,0,0
2025-12-14 20:30:00,16.1 °C,21.7 °C,15.6 °C,3.0 °C,28 °C,29.0 °C,0,0
2025-12-14 21:00:00,16.2 °C,21.7 °C,15.7 °C,3.4 °C,28 °C,28.9 °C,0,0
2025-12-14 21:30:00,15.8 °C,21.6 °C,15.3 °C,2.8 °C,28 °C,29.0 °C,0,0
2025-12-14 22:00:00,15.5 °C,21.6 °C,14.9 °C,1.9 °C,28 °C,29.2 °C,0,0
2025-12-14 22:30:00,14.6 °C,21.5 °C,14.6 °C,0.5 °C,28 °C,29.5 °C,0,0
2025-12-14 23:00:00,14.1 °C,21.1 °C,14.1 °C,-0.2 °C,28 °C,29.6 °C,0,0
2025-12-14 23:30:00,13.8 °C,21.1 °C,13.7 °C,-1.3 °C,28 °C,29.9 °C,0,0
2025-12-15 00:00:00,13.6 °C,20.7 °C,13.3 °C,-1.3 °C,28 °C,29.9 °C,0,0
2025-12-15 00:30:00,13.9 °C,20.8 °C,13.4 °C,-1.5 °C,28 °C,29.9 °C,0,0
2025-12-15 01:00:00,13.6 °C,20.4 °C,13.4 °C,-1.9 °C,28 °C,30.0 °C,0,0
2025-12-15 01:30:00,13.2 °C,19.9 °C,13.0 °C,-2.5 °C,28 °C,30.1 °C,0,0
2025-12-15 02:00:00,13.9 °C,20.1 °C,13.0 °C,-1.6 °C,28 °C,29.9 °C,0,0
2025-12-15 02:30:00,13.9 °C,19.9 °C,12.8 °C,-2.1 °C,28 °C,30.0 °C,0,0
2025-12-15 03:00:00,13.3 °C,20.1 °C,13.0 °C,-2.4 °C,28 °C,30.1 °C,0,0
2025-12-15 03:30:00,13.6 °C,20.2 °C,13.4 °C,-2.4 °C,28 °C,30.1 °C,0,0
2025-12-15 04:00:00,13.9 °C,20.3 °C,13.6 °C,-2.2 °C,28 °C,30.0 °C,0,0
2025-12-15 04:30:00,13.9 °C,20.2 °C,13.8 °C,-1.6 °C,28 °C,29.9 °C,0,0
2025-12-15 05:00:00,14.1 °C,20.2 °C,14.9 °C,-0.7 °C,28 °C,29.7 °C,0,0
2025-12-15 05:30:00,13.9 °C,20.1 °C,14.6 °C,0.2 °C,28 °C,29.6 °C,0,0
2025-12-15 06:00:00,29.1 °C,21.3 °C,31.7 °C,2.0 °C,28 °C,29.2 °C,74,60
2025-12-15 06:30:00,31.5 °C,21.2 °C,33.6 °C,1.3 °C,28 °C,29.3 °C,75,66
2025-12-15 07:00:00,31.9 °C,21.2 °C,34.4 °C,1.8 °C,28 °C,29.2 °C,74,63
2025-12-15 07:30:00,29.2 °C,21.5 °C,31.4 °C,2.0 °C,28 °C,29.2 °C,69,59
2025-12-15 08:00:00,26.1 °C,21.3 °C,27.9 °C,3.7 °C,28 °C,28.9 °C,75,64
2025-12-15 08:30:00,26.0 °C,20.9 °C,27.3 °C,4.3 °C,28 °C,28.7 °C,72,60
2025-12-15 09:00:00,28.8 °C,20.7 °C,31.1 °C,3.5 °C,28 °C,28.9 °C,69,58
2025-12-15 09:30:00,31.2 °C,21.1 °C,33.2 °C,4.4 °C,28 °C,28.7 °C,67,57
2025-12-15 10:00:00,31.3 °C,21.2 °C,33.7 °C,5.1 °C,28 °C,28.6 °C,71,62
2025-12-15 10:30:00,28.4 °C,21.3 °C,31.1 °C,6.0 °C,28 °C,28.4 °C,67,56
2025-12-15 11:00:00,26.4 °C,21.4 °C,28.6 °C,6.0 °C,28 °C,28.4 °C,68,58
2025-12-15 11:30:00,25.6 °C,21.9 °C,27.8 °C,6.7 °C,28 °C,28.3 °C,67,58
2025-12-15 12:00:00,27.7 °C,21.4 °C,29.4 °C,6.9 °C,28 °C,28.2 °C,66,55
2025-12-15 12:30:00,30.2 °C,21.4 °C,32.6 °C,6.9 °C,28 °C,28.2 °C,60,50
2025-12-15 13:00:00,29.8 °C,21.4 °C,31.8 °C,7.4 °C,28 °C,28.1 °C,63,50
2025-12-15 13:30:00,27.3 °C,21.4 °C,29.4 °C,7.8 °C,28 °C,28.0 °C,65,54
2025-12-15 14:00:00,24.5 °C,21.6 °C,26.4 °C,8.6 °C,28 °C,28.0 °C,64,56
2025-12-15 14:30:00,24.5 °C,21.9 °C,25.9 °C,8.6 °C,28 °C,28.0 °C,61,46
2025-12-15 15:00:00,27.2 °C,21.8 °C,29.3 °C,9.0 °C,28 °C,28.0 °C,62,51
2025-12-15 15:30:00,29.5 °C,21.4 °C,31.3 °C,8.1 °C,28 °C,28.0 °C,67,57
2025-12-15 16:00:00,29.3 °C,22.0 °C,30.1 °C,8.8 °C,28 °C,28.0 °C,66,57
2025-12-15 16:30:00,26.8 °C,22.0 °C,28.0 °C,8.1 °C,28 °C,28.0 °C,64,55
2025-12-15 17:00:00,24.9 °C,22.0 °C,25.8 °C,8.3 °C,28 °C,28.0 °C,66,55
2025-12-15 17:30:00,25.4 °C,22.3 °C,26.5 °C,8.0 °C,28 °C,28.0 °C,64,54
2025-12-15 18:00:00,27.7 °C,22.1 °C,29.4 °C,7.6 °C,28 °C,28.1 °C,66,54
2025-12-15 18:30:00,30.4 °C,22.4 °C,32.3 °C,7.5 °C,28 °C,28.1 °C,64,57
2025-12-15 19:00:00,30.8 °C,22.2 °C,33.1 °C,5.6 °C,28 °C,28.5 °C,65,57
2025-12-15 19:30:00,29.1 °C,22.7 °C,30.7 °C,4.8 °C,28 °C,28.6 °C,74,65
2025-12-15 20:00:00,16.9 °C,21.8 °C,17.6 °C,4.7 °C,28 °C,28.7 °C,0,0
2025-12-15 20:30:00,16.7 °C,21.5 °C,17.5 °C,5.3 °C,28 °C,28.5 °C,0,0
2025-12-15 21:00:00,17.1 °C,22.0 °C,17.7 °C,4.6 °C,28 °C,28.7 °C,0,0
2025-12-15 21:30:00,16.6 °C,22.0 °C,16.7 °C,2.4 °C,28 °C,29.1 °C,0,0
2025-12-15 22:00:00,16.0 °C,21.7 °C,16.1 °C,1.7 °C,28 °C,29.3 °C,0,0
2025-12-15 22:30:00,15.3 °C,21.3 °C,15.5 °C,1.1 °C,28 °C,29.4 °C,0,0
2025-12-15 23:00:00,15.4 °C,21.4 °C,15.9 °C,1.3 °C,28 °C,29.3 °C,0,0
2025-12-15 23:30:00,15.3 °C,21.7 °C,16.5 °C,0.9 °C,28 °C,29.4 °C,0,0
2025-12-16 00:00:00,14.9 °C,21.7 °C,15.7 °C,-0.4 °C,28 °C,29.7 °C,0,0
2025-12-16 00:30:00,15.0 °C,21.7 °C,15.9 °C,-0.2 °C,28 °C,29.6 °C,0,0
2025-12-16 01:00:00,15.1 °C,22.0 °C,16.1 °C,-0.2 °C,28 °C,29.6 °C,0,0
2025-12-16 01:30:00,14.7 °C,22.0 °C,15.7 °C,-0.9 °C,28 °C,29.8 °C,0,0
2025-12-16 02:00:00,14.8 °C,21.7 °C,15.2 °C,-0.6 °C,28 °C,29.7 °C,0,0
2025-12-16 02:30:00,14.7 °C,21.5 °C,15.0 °C,-1.1 °C,28 °C,29.8 °C,0,0
2025-12-16 03:00:00,14.5 °C,21.6 °C,14.8 °C,-1.3 °C,28 °C,29.9 °C,0,0
2025-12-16 03:30:00,14.4 °C,21.6 °C,14.8 °C,-1.6 °C,28 °C,29.9 °C,0,0
2025-12-16 04:00:00,14.4 °C,21.8 °C,14.6 °C,-1.6 °C,28 °C,29.9 °C,0,0
2025-12-16 04:30:00,15.3 °C,21.8 °C,14.5 °C,-0.8 °C,28 °C,29.8 °C,0,0
2025-12-16 05:00:00,14.8 °C,21.9 °C,14.7 °C,-1.6 °C,28 °C,29.9 °C,0,0
2025-12-16 05:30:00,15.2 °C,21.8 °C,15.1 °C,-0.5 °C,28 °C,29.7 °C,0,0
2025-12-16 06:00:00,29.9 °C,22.9 °C,31.8 °C,0.0 °C,28 °C,29.6 °C,77,65
2025-12-16 06:30:00,32.4 °C,23.0 °C,34.4 °C,0.2 °C,28 °C,29.6 °C,78,71
2025-12-16 07:00:00,32.7 °C,22.8 °C,34.8 °C,0.8 °C,28 °C,29.4 °C,79,67
2025-12-16 07:30:00,30.0 °C,22.6 °C,32.1 °C,0.8 °C,28 °C,29.4 °C,75,65
2025-12-16 08:00:00,28.2 °C,22.6 °C,31.0 °C,0.5 °C,28 °C,29.5 °C,77,67
2025-12-16 08:30:00,28.2 °C,22.5 °C,30.9 °C,0.7 °C,28 °C,29.5 °C,74,65
2025-12-16 09:00:00,31.3 °C,22.8 °C,33.7 °C,0.3 °C,28 °C,29.5 °C,78,69
2025-12-16 09:30:00,33.2 °C,22.7 °C,35.7 °C,0.4 °C,28 °C,29.5 °C,73,65
2025-12-16 10:00:00,32.8 °C,22.3 °C,35.6 °C,0.4 °C,28 °C,29.5 °C,78,74
2025-12-16 10:30:00,29.9 °C,21.9 °C,33.2 °C,2.1 °C,28 °C,29.2 °C,78,69
2025-12-16 11:00:00,26.9 °C,21.8 °C,30.2 °C,2.1 °C,28 °C,29.2 °C,71,63
2025-12-16 11:30:00,27.1 °C,22.0 °C,30.4 °C,3.0 °C,28 °C,29.0 °C,76,66
2025-12-16 12:00:00,29.1 °C,21.8 °C,32.8 °C,4.4 °C,28 °C,28.7 °C,69,63
2025-12-16 12:30:00,30.8 °C,21.9 °C,33.0 °C,5.5 °C,28 °C,28.5 °C,66,54
2025-12-16 13:00:00,30.5 °C,21.7 °C,32.6 °C,5.8 °C,28 °C,28.4 °C,67,59
2025-12-16 13:30:00,27.7 °C,21.8 °C,29.5 °C,6.0 °C,28 °C,28.4 °C,67,57
2025-12-16 14:00:00,25.6 °C,21.9 °C,27.5 °C,6.5 °C,28 °C,28.3 °C,65,57
2025-12-16 14:30:00,25.5 °C,21.6 °C,27.6 °C,8.0 °C,28 °C,28.0 °C,67,58
2025-12-16 15:00:00,27.9 °C,21.7 °C,30.6 °C,8.3 °C,28 °C,28.0 °C,62,55
2025-12-16 15:30:00,30.2 °C,22.1 °C,32.1 °C,8.6 °C,28 °C,28.0 °C,64,55
2025-12-16 16:00:00,30.1 °C,22.0 °C,31.7 °C,9.8 °C,28 °C,28.0 °C,67,57
2025-12-16 16:30:00,28.4 °C,22.0 °C,29.6 °C,9.5 °C,28 °C,28.0 °C,61,53
2025-12-16 17:00:00,25.9 °C,22.0 °C,26.8 °C,9.8 °C,28 °C,28.0 °C,59,48
2025-12-16 17:30:00,26.2 °C,22.0 °C,26.6 °C,9.5 °C,28 °C,28.0 °C,60,46
2025-12-16 18:00:00,28.4 °C,22.0 °C,30.0 °C,9.1 °C,28 °C,28.0 °C,65,51
2025-12-16 18:30:00,31.5 °C,21.9 °C,33.6 °C,7.8 °C,28 °C,28.0 °C,64,57
2025-12-16 19:00:00,31.2 °C,21.5 °C,32.9 °C,6.5 °C,28 °C,28.3 °C,67,57
2025-12-16 19:30:00,29.2 °C,21.7 °C,30.9 °C,5.6 °C,28 °C,28.5 °C,65,56
2025-12-16 20:00:00,15.4 °C,20.5 °C,16.0 °C,5.5 °C,28 °C,28.5 °C,0,0
2025-12-16 20:30:00,15.7 °C,20.6 °C,15.3 °C,5.3 °C,28 °C,28.5 °C,0,0
2025-12-16 21:00:00,15.9 °C,20.8 °C,16.2 °C,5.4 °C,28 °C,28.5 °C,0,0
2025-12-16 21:30:00,15.7 °C,20.9 °C,15.8 °C,4.6 °C,28 °C,28.7 °C,0,0
2025-12-16 22:00:00,15.2 °C,20.7 °C,15.5 °C,4.2 °C,28 °C,28.8 °C,0,0
2025-12-16 22:30:00,15.2 °C,20.8 °C,15.8 °C,3.7 °C,28 °C,28.9 °C,0,0
2025-12-16 23:00:00,14.9 °C,20.7 °C,15.6 °C,2.9 °C,28 °C,29.0 °C,0,0
2025-12-16 23:30:00,14.1 °C,20.6 °C,14.8 °C,2.1 °C,28 °C,29.2 °C,0,0
2025-12-17 00:00:00,14.4 °C,21.1 °C,14.4 °C,0.5 °C,28 °C,29.5 °C,0,0
2025-12-17 00:30:00,14.0 °C,20.9 °C,14.4 °C,-0.0 °C,28 °C,29.6 °C,0,0
2025-12-17 01:00:00,13.9 °C,21.0 °C,14.5 °C,-0.4 °C,28 °C,29.7 °C,0,0
2025-12-17 01:30:00,13.9 °C,21.3 °C,14.7 °C,-0.0 °C,28 °C,29.6 °C,0,0
2025-12-17 02:00:00,14.1 °C,21.4 °C,14.9 °C,0.4 °C,28 °C,29.5 °C,0,0
2025-12-17 02:30:00,14.2 °C,21.2 °C,14.7 °C,0.3 °C,28 °C,29.5 °C,0,0
2025-12-17 03:00:00,14.7 °C,21.0 °C,15.0 °C,1.3 °C,28 °C,29.3 °C,0,0
2025-12-17 03:30:00,14.5 °C,20.6 °C,14.9 °C,1.2 °C,28 °C,29.4 °C,0,0
2025-12-17 04:00:00,14.5 °C,20.7 °C,14.9 °C,1.7 °C,28 °C,29.3 °C,0,0
2025-12-17 04:30:00,14.6 °C,20.7 °C,15.1 °C,1.6 °C,28 °C,29.3 °C,0,0
2025-12-17 05:00:00,14.5 °C,20.7 °C,15.1 °C,0.9 °C,28 °C,29.4 °C,0,0
2025-12-17 05:30:00,14.4 °C,21.0 °C,15.5 °C,0.8 °C,28 °C,29.4 °C,0,0
2025-12-17 06:00:00,28.4 °C,21.9 °C,28.9 °C,2.0 °C,28 °C,29.2 °C,75,66
2025-12-17 06:30:00,30.9 °C,21.5 °C,32.1 °C,2.1 °C,28 °C,29.2 °C,69,60
2025-12-17 07:00:00,30.9 °C,21.9 °C,32.0 °C,2.1 °C,28 °C,29.2 °C,76,65
2025-12-17 07:30:00,28.3 °C,21.6 °C,28.8 °C,2.6 °C,28 °C,29.1 °C,73,59
2025-12-17 08:00:00,26.4 °C,21.7 °C,27.7 °C,2.8 °C,28 °C,29.0 °C,73,61
2025-12-17 08:30:00,26.0 °C,21.9 °C,26.7 °C,4.0 °C,28 °C,28.8 °C,70,60
2025-12-17 09:00:00,28.4 °C,21.9 °C,29.4 °C,5.6 °C,28 °C,28.5 °C,71,59
2025-12-17 09:30:00,31.1 °C,22.1 °C,31.4 °C,6.0 °C,28 °C,28.4 °C,68,58
2025-12-17 10:00:00,30.8 °C,22.1 °C,31.4 °C,6.6 °C,28 °C,28.3 °C,69,59
2025-12-17 10:30:00,27.7 °C,22.0 °C,29.0 °C,7.6 °C,28 °C,28.1 °C,63,55
2025-12-17 11:00:00,24.9 °C,21.4 °C,25.9 °C,7.9 °C,28 °C,28.0 °C,65,56
2025-12-17 11:30:00,25.5 °C,21.0 °C,26.1 °C,7.6 °C,28 °C,28.1 °C,69,61
2025-12-17 12:00:00,28.1 °C,21.8 °C,28.3 °C,7.7 °C,28 °C,28.1 °C,69,58
2025-12-17 12:30:00,30.5 °C,22.0 °C,30.8 °C,8.2 °C,28 °C,28.0 °C,56,49
2025-12-17 13:00:00,30.3 °C,22.3 °C,31.7 °C,8.6 °C,28 °C,28.0 °C,63,52
2025-12-17 13:30:00,28.7 °C,22.9 °C,30.7 °C,7.7 °C,28 °C,28.1 °C,60,48
2025-12-17 14:00:00,25.8 °C,22.7 °C,28.4 °C,7.6 °C,28 °C,28.1 °C,63,56
2025-12-17 14:30:00,25.9 °C,22.5 °C,28.0 °C,7.2 °C,28 °C,28.2 °C,63,52
2025-12-17 15:00:00,28.4 °C,22.1 °C,31.0 °C,7.9 °C,28 °C,28.0 °C,66,53
2025-12-17 15:30:00,30.4 °C,22.0 °C,33.4 °C,7.4 °C,28 °C,28.1 °C,64,52
2025-12-17 16:00:00,30.2 °C,21.9 °C,33.2 °C,7.0 °C,28 °C,28.2 °C,63,52
2025-12-17 16:30:00,27.7 °C,21.8 °C,30.3 °C,6.6 °C,28 °C,28.3 °C,67,57
2025-12-17 17:00:00,25.6 °C,22.0 °C,28.7 °C,6.9 °C,28 °C,28.2 °C,62,53
2025-12-17 17:30:00,25.4 °C,22.2 °C,28.0 °C,7.2 °C,28 °C,28.2 °C,63,54
2025-12-17 18:00:00,27.3 °C,22.4 °C,30.2 °C,7.1 °C,28 °C,28.2 °C,64,54
2025-12-17 18:30:00,29.2 °C,22.0 °C,31.8 °C,7.2 °C,28 °C,28.2 °C,64,56
2025-12-17 19:00:00,29.0 °C,22.0 °C,31.0 °C,7.4 °C,28 °C,28.1 °C,65,57
2025-12-17 19:30:00,26.5 °C,22.1 °C,28.3 °C,5.6 °C,28 °C,28.5 °C,68,56
2025-12-17 20:00:00,16.8 °C,21.6 °C,16.6 °C,5.3 °C,28 °C,28.5 °C,0,0
2025-12-17 20:30:00,16.7 °C,21.6 °C,16.1 °C,4.4 °C,28 °C,28.7 °C,0,0
2025-12-17 21:00:00,16.4 °C,21.5 °C,15.4 °C,3.0 °C,28 °C,29.0 °C,0,0
2025-12-17 21:30:00,16.6 °C,21.7 °C,15.7 °C,2.3 °C,28 °C,29.1 °C,0,0
2025-12-17 22:00:00,16.5 °C,21.5 °C,15.5 °C,2.2 °C,28 °C,29.2 °C,0,0
2025-12-17 22:30:00,16.7 °C,21.6 °C,15.5 °C,2.5 °C,28 °C,29.1 °C,0,0
2025-12-17 23:00:00,16.0 °C,21.6 °C,14.8 °C,1.1 °C,28 °C,29.4 °C,0,0
2025-12-17 23:30:00,15.8 °C,21.4 °C,14.5 °C,0.9 °C,28 °C,29.4 °C,0,0
2025-12-18 00:00:00,15.5 °C,21.2 °C,14.4 °C,1.5 °C,28 °C,29.3 °C,0,0
2025-12-18 00:30:00,15.9 °C,21.2 °C,14.9 °C,2.1 °C,28 °C,29.2 °C,0,0
2025-12-18 01:00:00,15.0 °C,21.0 °C,14.0 °C,-0.5 °C,28 °C,29.7 °C,0,0
2025-12-18 01:30:00,15.3 °C,20.6 °C,14.5 °C,0.5 °C,28 °C,29.5 °C,0,0
2025-12-18 02:00:00,15.7 °C,20.8 °C,14.4 °C,0.7 °C,28 °C,29.5 °C,0,0
2025-12-18 02:30:00,15.3 °C,21.0 °C,14.4 °C,-1.0 °C,28 °C,29.8 °C,0,0
2025-12-18 03:00:00,14.8 °C,20.8 °C,14.0 °C,-1.5 °C,28 °C,29.9 °C,0,0
2025-12-18 03:30:00,14.2 °C,20.6 °C,14.1 °C,-0.7 °C,28 °C,29.7 °C,0,0
2025-12-18 04:00:00,14.5 °C,20.7 °C,14.2 °C,-0.4 °C,28 °C,29.7 °C,0,0
2025-12-18 04:30:00,14.7 °C,21.2 °C,15.1 °C,-0.6 °C,28 °C,29.7 °C,0,0
2025-12-18 05:00:00,15.2 °C,21.4 °C,15.2 °C,-0.4 °C,28 °C,29.7 °C,0,0
2025-12-18 05:30:00,15.7 °C,21.6 °C,16.1 °C,0.3 °C,28 °C,29.5 °C,0,0
2025-12-18 06:00:00,28.8 °C,22.4 °C,30.2 °C,0.2 °C,28 °C,29.6 °C,73,65
2025-12-18 06:30:00,32.1 °C,22.4 °C,33.9 °C,0.6 °C,28 °C,29.5 °C,74,68
2025-12-18 07:00:00,31.4 °C,22.3 °C,32.7 °C,1.6 °C,28 °C,29.3 °C,76,62
2025-12-18 07:30:00,29.3 °C,22.1 °C,30.4 °C,1.6 °C,28 °C,29.3 °C,75,63
2025-12-18 08:00:00,26.6 °C,22.1 °C,27.9 °C,1.4 °C,28 °C,29.3 °C,78,69
2025-12-18 08:30:00,26.8 °C,21.8 °C,27.6 °C,1.6 °C,28 °C,29.3 °C,73,66
2025-12-18 09:00:00,30.1 °C,21.6 °C,31.8 °C,1.8 °C,28 °C,29.2 °C,70,62
2025-12-18 09:30:00,32.7 °C,21.5 °C,34.5 °C,2.1 °C,28 °C,29.2 °C,70,59
2025-12-18 10:00:00,32.7 °C,21.4 °C,34.0 °C,1.8 °C,28 °C,29.2 °C,77,66
2025-12-18 10:30:00,29.6 °C,21.5 °C,31.1 °C,2.8 °C,28 °C,29.0 °C,73,64
2025-12-18 11:00:00,26.8 °C,21.0 °C,29.0 °C,4.1 °C,28 °C,28.8 °C,72,61
2025-12-18 11:30:00,26.5 °C,20.8 °C,28.4 °C,4.2 °C,28 °C,28.8 °C,69,59
2025-12-18 12:00:00,28.3 °C,21.3 °C,30.8 °C,4.4 °C,28 °C,28.7 °C,67,56
2025-12-18 12:30:00,29.8 °C,21.3 °C,32.4 °C,4.9 °C,28 °C,28.6 °C,71,61
2025-12-18 13:00:00,29.6 °C,21.5 °C,32.3 °C,4.9 °C,28 °C,28.6 °C,65,56
2025-12-18 13:30:00,27.1 °C,21.6 °C,30.3 °C,5.9 °C,28 °C,28.4 °C,68,53
2025-12-18 14:00:00,25.3 °C,21.6 °C,28.5 °C,5.7 °C,28 °C,28.5 °C,72,66
2025-12-18 14:30:00,25.1 °C,21.4 °C,28.3 °C,5.7 °C,28 °C,28.5 °C,60,54
2025-12-18 15:00:00,27.7 °C,21.3 °C,30.9 °C,5.5 °C,28 °C,28.5 °C,65,51
2025-12-18 15:30:00,29.4 °C,21.8 °C,31.6 °C,6.3 °C,28 °C,28.3 °C,66,56
2025-12-18 16:00:00,29.2 °C,21.7 °C,31.6 °C,6.2 °C,28 °C,28.4 °C,65,52
2025-12-18 16:30:00,25.7 °C,22.1 °C,28.2 °C,7.3 °C,28 °C,28.1 °C,64,50
2025-12-18 17:00:00,24.5 °C,22.0 °C,26.7 °C,7.3 °C,28 °C,28.1 °C,71,63
2025-12-18 17:30:00,24.6 °C,21.9 °C,25.5 °C,7.6 °C,28 °C,28.1 °C,62,56
2025-12-18 18:00:00,27.3 °C,21.9 °C,28.7 °C,6.9 °C,28 °C,28.2 °C,64,54
2025-12-18 18:30:00,30.3 °C,21.8 °C,31.2 °C,5.9 °C,28 °C,28.4 °C,64,57
2025-12-18 19:00:00,31.4 °C,21.6 °C,32.0 °C,5.4 °C,28 °C,28.5 °C,64,52
2025-12-18 19:30:00,29.0 °C,21.6 °C,29.0 °C,4.5 °C,28 °C,28.7 °C,71,58
2025-12-18 20:00:00,12.8 °C,20.3 °C,15.7 °C,2.7 °C,28 °C,29.1 °C,0,0
2025-12-18 20:30:00,12.7 °C,20.5 °C,15.9 °C,2.9 °C,28 °C,29.0 °C,0,0
2025-12-18 21:00:00,13.0 °C,20.5 °C,15.6 °C,2.5 °C,28 °C,29.1 °C,0,0
2025-12-18 21:30:00,13.5 °C,20.8 °C,15.2 °C,1.5 °C,28 °C,29.3 °C,0,0
2025-12-18 22:00:00,13.5 °C,20.6 °C,14.5 °C,1.3 °C,28 °C,29.3 °C,0,0
2025-12-18 22:30:00,13.5 °C,20.8 °C,14.1 °C,0.8 °C,28 °C,29.4 °C,0,0
2025-12-18 23:00:00,14.4 °C,20.9 °C,14.3 °C,1.2 °C,28 °C,29.4 °C,0,0
2025-12-18 23:30:00,14.3 °C,21.0 °C,14.4 °C,1.0 °C,28 °C,29.4 °C,0,0
2025-12-19 00:00:00,14.3 °C,21.4 °C,15.2 °C,0.3 °C,28 °C,29.5 °C,0,0
2025-12-19 00:30:00,14.3 °C,21.5 °C,15.0 °C,0.3 °C,28 °C,29.5 °C,0,0
2025-12-19 01:00:00,14.5 °C,21.3 °C,14.6 °C,-0.2 °C,28 °C,29.6 °C,0,0
2025-12-19 01:30:00,14.9 °C,21.6 °C,14.4 °C,-0.4 °C,28 °C,29.7 °C,0,0
2025-12-19 02:00:00,15.2 °C,21.7 °C,14.9 °C,0.1 °C,28 °C,29.6 °C,0,0
2025-12-19 02:30:00,15.2 °C,22.0 °C,15.1 °C,-0.8 °C,28 °C,29.8 °C,0,0
2025-12-19 03:00:00,14.5 °C,21.5 °C,14.6 °C,-1.4 °C,28 °C,29.9 °C,0,0
2025-12-19 03:30:00,14.3 °C,21.3 °C,14.6 °C,-1.7 °C,28 °C,29.9 °C,0,0
2025-12-19 04:00:00,14.0 °C,21.2 °C,14.3 °C,-1.7 °C,28 °C,29.9 °C,0,0
2025-12-19 04:30:00,13.8 °C,20.7 °C,14.7 °C,-0.7 °C,28 °C,29.7 °C,0,0
2025-12-19 05:00:00,13.8 °C,20.7 °C,14.2 °C,-1.4 °C,28 °C,29.9 °C,0,0
2025-12-19 05:30:00,13.8 °C,20.6 °C,14.1 °C,-1.0 °C,28 °C,29.8 °C,0,0
2025-12-19 06:00:00,29.2 °C,21.1 °C,31.7 °C,-0.9 °C,28 °C,29.8 °C,74,64
2025-12-19 06:30:00,31.6 °C,20.9 °C,34.0 °C,0.7 °C,28 °C,29.5 °C,74,68
2025-12-19 07:00:00,31.8 °C,21.4 °C,34.6 °C,1.7 °C,28 °C,29.3 °C,76,66
2025-12-19 07:30:00,28.9 °C,21.6 °C,30.5 °C,2.2 °C,28 °C,29.2 °C,70,59
2025-12-19 08:00:00,26.4 °C,21.4 °C,27.8 °C,3.3 °C,28 °C,28.9 °C,73,65
2025-12-19 08:30:00,26.1 °C,21.3 °C,27.5 °C,2.9 °C,28 °C,29.0 °C,74,64
2025-12-19 09:00:00,28.2 °C,21.5 °C,28.8 °C,4.7 °C,28 °C,28.7 °C,63,51
2025-12-19 09:30:00,31.1 °C,21.1 °C,31.9 °C,4.6 °C,28 °C,28.7 °C,70,57
2025-12-19 10:00:00,29.9 °C,21.3 °C,29.9 °C,5.9 °C,28 °C,28.4 °C,70,58
2025-12-19 10:30:00,27.0 °C,20.9 °C,27.6 °C,6.6 °C,28 °C,28.3 °C,63,50
2025-12-19 11:00:00,24.5 °C,21.4 °C,25.4 °C,7.1 °C,28 °C,28.2 °C,62,52
2025-12-19 11:30:00,24.6 °C,21.6 °C,25.5 °C,8.2 °C,28 °C,28.0 °C,58,50
2025-12-19 12:00:00,27.6 °C,21.1 °C,29.0 °C,9.0 °C,28 °C,28.0 °C,59,48
2025-12-19 12:30:00,29.4 °C,21.1 °C,30.9 °C,9.1 °C,28 °C,28.0 °C,64,60
2025-12-19 13:00:00,30.1 °C,21.2 °C,31.9 °C,9.0 °C,28 °C,28.0 °C,60,48
2025-12-19 13:30:00,27.9 °C,20.8 °C,29.8 °C,9.1 °C,28 °C,28.0 °C,63,54
2025-12-19 14:00:00,25.4 °C,20.8 °C,26.9 °C,9.1 °C,28 °C,28.0 °C,60,51
2025-12-19 14:30:00,24.8 °C,21.1 °C,27.2 °C,9.2 °C,28 °C,28.0 °C,61,50
2025-12-19 15:00:00,27.1 °C,20.6 °C,30.0 °C,9.7 °C,28 °C,28.0 °C,64,54
2025-12-19 15:30:00,30.0 °C,20.9 °C,33.1 °C,9.7 °C,28 °C,28.0 °C,64,58
2025-12-19 16:00:00,30.1 °C,20.9 °C,33.1 °C,9.5 °C,28 °C,28.0 °C,61,53
2025-12-19 16:30:00,27.6 °C,21.3 °C,30.9 °C,8.7 °C,28 °C,28.0 °C,61,53
2025-12-19 17:00:00,24.8 °C,21.2 °C,28.6 °C,8.5 °C,28 °C,28.0 °C,60,48
2025-12-19 17:30:00,25.4 °C,21.0 °C,30.0 °C,7.0 °C,28 °C,28.2 °C,67,58
2025-12-19 18:00:00,28.0 °C,20.8 °C,32.0 °C,6.1 °C,28 °C,28.4 °C,66,58
2025-12-19 18:30:00,30.4 °C,20.8 °C,34.7 °C,6.1 °C,28 °C,28.4 °C,70,62
2025-12-19 19:00:00,30.4 °C,20.9 °C,34.4 °C,6.1 °C,28 °C,28.4 °C,61,49
2025-12-19 19:30:00,27.9 °C,21.2 °C,30.9 °C,5.5 °C,28 °C,28.5 °C,66,57
2025-12-19 20:00:00,14.5 °C,20.3 °C,15.4 °C,5.0 °C,28 °C,28.6 °C,0,0
2025-12-19 20:30:00,14.6 °C,19.9 °C,14.9 °C,4.5 °C,28 °C,28.7 °C,0,0
2025-12-19 21:00:00,14.3 °C,19.9 °C,14.5 °C,4.3 °C,28 °C,28.7 °C,0,0
2025-12-19 21:30:00,14.0 °C,19.6 °C,13.9 °C,3.5 °C,28 °C,28.9 °C,0,0
2025-12-19 22:00:00,14.0 °C,19.8 °C,13.6 °C,2.2 °C,28 °C,29.2 °C,0,0
2025-12-19 22:30:00,13.9 °C,20.1 °C,13.6 °C,1.8 °C,28 °C,29.2 °C,0,0
2025-12-19 23:00:00,14.2 °C,20.3 °C,14.2 °C,2.4 °C,28 °C,29.1 °C,0,0
2025-12-19 23:30:00,14.2 °C,20.3 °C,14.1 °C,1.2 °C,28 °C,29.4 °C,0,0
2025-12-20 00:00:00,14.2 °C,20.2 °C,13.9 °C,0.6 °C,28 °C,29.5 °C,0,0
2025-12-20 00:30:00,14.5 °C,20.1 °C,12.9 °C,-0.1 °C,28 °C,29.6 °C,0,0
2025-12-20 01:00:00,14.1 °C,20.2 °C,13.1 °C,0.9 °C,28 °C,29.4 °C,0,0
2025-12-20 01:30:00,13.9 °C,20.1 °C,12.6 °C,-0.1 °C,28 °C,29.6 °C,0,0
2025-12-20 02:00:00,13.5 °C,20.6 °C,13.3 °C,-0.5 °C,28 °C,29.7 °C,0,0
2025-12-20 02:30:00,13.4 °C,20.5 °C,13.0 °C,-0.9 °C,28 °C,29.8 °C,0,0
2025-12-20 03:00:00,13.1 °C,20.5 °C,12.3 °C,-1.7 °C,28 °C,29.9 °C,0,0
2025-12-20 03:30:00,12.6 °C,20.3 °C,12.3 °C,-2.4 °C,28 °C,30.1 °C,0,0
2025-12-20 04:00:00,12.6 °C,20.2 °C,12.5 °C,-1.9 °C,28 °C,30.0 °C,0,0
2025-12-20 04:30:00,12.6 °C,19.9 °C,13.4 °C,-1.2 °C,28 °C,29.8 °C,0,0
2025-12-20 05:00:00,12.6 °C,19.8 °C,12.9 °C,-1.3 °C,28 °C,29.9 °C,0,0
2025-12-20 05:30:00,13.2 °C,20.3 °C,13.6 °C,-0.1 °C,28 °C,29.6 °C,0,0
2025-12-20 06:00:00,12.9 °C,20.5 °C,13.2 °C,-1.1 °C,28 °C,29.8 °C,0,0
2025-12-20 06:30:00,13.0 °C,20.5 °C,12.9 °C,-1.3 °C,28 °C,29.9 °C,0,0
2025-12-20 07:00:00,31.6 °C,21.2 °C,34.2 °C,-1.1 °C,28 °C,29.8 °C,81,74
2025-12-20 07:30:00,29.0 °C,21.6 °C,31.3 °C,-0.4 °C,28 °C,29.7 °C,79,68
2025-12-20 08:00:00,26.5 °C,21.4 °C,28.2 °C,0.0 °C,28 °C,29.6 °C,72,65
2025-12-20 08:30:00,26.7 °C,21.0 °C,29.5 °C,0.7 °C,28 °C,29.5 °C,79,64
2025-12-20 09:00:00,29.4 °C,21.2 °C,32.2 °C,1.7 °C,28 °C,29.3 °C,71,61
2025-12-20 09:30:00,31.2 °C,21.0 °C,33.9 °C,3.3 °C,28 °C,28.9 °C,71,58
2025-12-20 10:00:00,31.2 °C,20.8 °C,33.2 °C,4.4 °C,28 °C,28.7 °C,67,57
2025-12-20 10:30:00,29.3 °C,20.6 °C,31.6 °C,5.0 °C,28 °C,28.6 °C,68,58
2025-12-20 11:00:00,27.3 °C,20.8 °C,29.2 °C,5.4 °C,28 °C,28.5 °C,68,60
2025-12-20 11:30:00,26.7 °C,20.9 °C,29.4 °C,6.6 °C,28 °C,28.3 °C,70,60
2025-12-20 12:00:00,28.9 °C,20.7 °C,31.7 °C,8.1 °C,28 °C,28.0 °C,62,51
2025-12-20 12:30:00,31.5 °C,20.9 °C,34.4 °C,8.6 °C,28 °C,28.0 °C,67,56
2025-12-20 13:00:00,31.4 °C,20.8 °C,33.5 °C,8.5 °C,28 °C,28.0 °C,58,48
2025-12-20 13:30:00,28.8 °C,20.5 °C,30.8 °C,8.7 °C,28 °C,28.0 °C,58,47
2025-12-20 14:00:00,16.3 °C,19.4 °C,16.2 °C,9.1 °C,28 °C,28.0 °C,0,0
2025-12-20 14:30:00,15.8 °C,19.5 °C,15.7 °C,8.7 °C,28 °C,28.0 °C,0,0
2025-12-20 15:00:00,15.9 °C,19.4 °C,16.1 °C,9.2 °C,28 °C,28.0 °C,0,0
2025-12-20 15:30:00,16.6 °C,19.6 °C,16.7 °C,9.1 °C,28 °C,28.0 °C,0,0
2025-12-20 16:00:00,17.0 °C,20.0 °C,17.5 °C,9.5 °C,28 °C,28.0 °C,0,0
2025-12-20 16:30:00,16.5 °C,19.9 °C,16.8 °C,8.5 °C,28 °C,28.0 °C,0,0
2025-12-20 17:00:00,16.7 °C,20.7 °C,17.2 °C,7.1 °C,28 °C,28.2 °C,0,0
2025-12-20 17:30:00,16.6 °C,20.8 °C,16.9 °C,6.5 °C,28 °C,28.3 °C,0,0
2025-12-20 18:00:00,16.1 °C,20.7 °C,16.7 °C,6.2 °C,28 °C,28.4 °C,0,0
2025-12-20 18:30:00,15.0 °C,20.4 °C,16.3 °C,4.6 °C,28 °C,28.7 °C,0,0
2025-12-20 19:00:00,14.7 °C,20.3 °C,16.4 °C,3.9 °C,28 °C,28.8 °C,0,0
2025-12-20 19:30:00,14.8 °C,20.3 °C,16.3 °C,4.3 °C,28 °C,28.7 °C,0,0
2025-12-20 20:00:00,14.9 °C,20.6 °C,16.2 °C,4.1 °C,28 °C,28.8 °C,0,0
2025-12-20 20:30:00,15.0 °C,20.4 °C,16.3 °C,3.6 °C,28 °C,28.9 °C,0,0
2025-12-20 21:00:00,15.1 °C,20.6 °C,15.9 °C,2.4 °C,28 °C,29.1 °C,0,0
2025-12-20 21:30:00,15.3 °C,20.6 °C,15.0 °C,2.6 °C,28 °C,29.1 °C,0,0
2025-12-20 22:00:00,15.1 °C,20.9 °C,15.1 °C,1.8 °C,28 °C,29.2 °C,0,0
2025-12-20 22:30:00,15.2 °C,21.1 °C,14.9 °C,1.3 °C,28 °C,29.3 °C,0,0
2025-12-20 23:00:00,15.4 °C,21.2 °C,14.8 °C,1.0 °C,28 °C,29.4 °C,0,0
2025-12-20 23:30:00,15.5 °C,21.3 °C,15.0 °C,0.6 °C,28 °C,29.5 °C,0,0
2025-12-21 00:00:00,15.9 °C,21.6 °C,14.7 °C,0.9 °C,28 °C,29.4 °C,0,0
2025-12-21 00:30:00,15.7 °C,21.6 °C,15.0 °C,0.8 °C,28 °C,29.4 °C,0,0
2025-12-21 01:00:00,15.8 °C,21.6 °C,14.5 °C,0.5 °C,28 °C,29.5 °C,0,0
2025-12-21 01:30:00,16.0 °C,21.6 °C,14.2 °C,0.0 °C,28 °C,29.6 °C,0,0
2025-12-21 02:00:00,16.3 °C,22.0 °C,14.6 °C,-0.0 °C,28 °C,29.6 °C,0,0
2025-12-21 02:30:00,16.8 °C,21.9 °C,14.2 °C,-0.4 °C,28 °C,29.7 °C,0,0
2025-12-21 03:00:00,16.9 °C,21.9 °C,13.9 °C,-0.4 °C,28 °C,29.7 °C,0,0
2025-12-21 03:30:00,16.7 °C,21.7 °C,13.9 °C,-0.7 °C,28 °C,29.7 °C,0,0
2025-12-21 04:00:00,16.8 °C,21.9 °C,14.3 °C,-1.0 °C,28 °C,29.8 °C,0,0
2025-12-21 04:30:00,16.5 °C,21.9 °C,14.2 °C,-1.4 °C,28 °C,29.9 °C,0,0
2025-12-21 05:00:00,15.9 °C,21.7 °C,14.3 °C,-1.3 °C,28 °C,29.9 °C,0,0
2025-12-21 05:30:00,15.6 °C,21.6 °C,15.6 °C,-1.1 °C,28 °C,29.8 °C,0,0
2025-12-21 06:00:00,15.7 °C,21.5 °C,15.4 °C,0.4 °C,28 °C,29.5 °C,0,0
2025-12-21 06:30:00,15.6 °C,21.4 °C,15.0 °C,1.4 °C,28 °C,29.3 °C,0,0
2025-12-21 07:00:00,15.6 °C,21.4 °C,15.4 °C,1.7 °C,28 °C,29.3 °C,0,0
2025-12-21 07:30:00,15.5 °C,21.3 °C,15.0 °C,1.9 °C,28 °C,29.2 °C,0,0
2025-12-21 08:00:00,15.8 °C,20.9 °C,15.1 °C,2.7 °C,28 °C,29.1 °C,0,0
2025-12-21 08:30:00,16.2 °C,21.3 °C,16.2 °C,4.4 °C,28 °C,28.7 °C,0,0
2025-12-21 09:00:00,16.7 °C,21.3 °C,16.4 °C,5.2 °C,28 °C,28.6 °C,0,0
2025-12-21 09:30:00,16.6 °C,21.3 °C,16.3 °C,4.6 °C,28 °C,28.7 °C,0,0
2025-12-21 10:00:00,16.9 °C,21.3 °C,17.1 °C,5.6 °C,28 °C,28.5 °C,0,0
2025-12-21 10:30:00,17.3 °C,21.4 °C,17.3 °C,6.6 °C,28 °C,28.3 °C,0,0
2025-12-21 11:00:00,18.2 °C,21.4 °C,18.1 °C,8.3 °C,28 °C,28.0 °C,0,0
2025-12-21 11:30:00,17.9 °C,21.3 °C,17.6 °C,8.3 °C,28 °C,28.0 °C,0,0
2025-12-21 12:00:00,17.7 °C,21.1 °C,17.6 °C,8.6 °C,28 °C,28.0 °C,0,0
2025-12-21 12:30:00,18.0 °C,21.4 °C,18.1 °C,9.0 °C,28 °C,28.0 °C,0,0
2025-12-21 13:00:00,18.0 °C,21.4 °C,17.9 °C,8.6 °C,28 °C,28.0 °C,0,0
2025-12-21 13:30:00,17.8 °C,21.3 °C,18.0 °C,8.2 °C,28 °C,28.0 °C,0,0
2025-12-21 14:00:00,17.7 °C,21.2 °C,17.9 °C,8.5 °C,28 °C,28.0 °C,0,0
2025-12-21 14:30:00,17.5 °C,21.1 °C,17.6 °C,7.6 °C,28 °C,28.1 °C,0,0
2025-12-21 15:00:00,17.5 °C,21.3 °C,17.3 °C,6.8 °C,28 °C,28.2 °C,0,0
2025-12-21 15:30:00,17.4 °C,21.0 °C,16.9 °C,7.3 °C,28 °C,28.1 °C,0,0
2025-12-21 16:00:00,18.0 °C,21.2 °C,16.8 °C,7.5 °C,28 °C,28.1 °C,0,0
2025-12-21 16:30:00,18.2 °C,21.3 °C,16.9 °C,8.0 °C,28 °C,28.0 °C,0,0
2025-12-21 17:00:00,18.1 °C,21.3 °C,16.5 °C,8.0 °C,28 °C,28.0 °C,0,0
2025-12-21 17:30:00,18.1 °C,21.2 °C,16.9 °C,7.5 °C,28 °C,28.1 °C,0,0
2025-12-21 18:00:00,17.3 °C,20.8 °C,16.7 °C,7.8 °C,28 °C,28.0 °C,0,0
2025-12-21 18:30:00,16.8 °C,21.0 °C,16.5 °C,7.0 °C,28 °C,28.2 °C,0,0
2025-12-21 19:00:00,16.2 °C,20.6 °C,15.7 °C,6.1 °C,28 °C,28.4 °C,0,0
2025-12-21 19:30:00,15.8 °C,20.6 °C,16.2 °C,5.5 °C,28 °C,28.5 °C,0,0
2025-12-21 20:00:00,15.9 °C,20.7 °C,16.0 °C,5.1 °C,28 °C,28.6 °C,0,0
2025-12-21 20:30:00,16.1 °C,20.9 °C,15.8 °C,4.4 °C,28 °C,28.7 °C,0,0
2025-12-21 21:00:00,15.8 °C,20.6 °C,15.0 °C,2.8 °C,28 °C,29.0 °C,0,0
2025-12-21 21:30:00,15.3 °C,20.4 °C,14.6 °C,2.1 °C,28 °C,29.2 °C,0,0
2025-12-21 22:00:00,15.3 °C,20.6 °C,14.5 °C,1.5 °C,28 °C,29.3 °C,0,0
2025-12-21 22:30:00,15.4 °C,20.6 °C,14.0 °C,1.1 °C,28 °C,29.4 °C,0,0
2025-12-21 23:00:00,14.8 °C,20.1 °C,13.7 °C,0.3 °C,28 °C,29.5 °C,0,0
2025-12-21 23:30:00,15.0 °C,20.2 °C,13.4 °C,0.1 °C,28 °C,29.6 °C,0,0
2025-12-22 02:30:00,13.9 °C,20.5 °C,13.1 °C,-1.7 °C,28 °C,29.9 °C,0,0
2025-12-22 03:00:00,14.0 °C,20.4 °C,13.4 °C,-1.8 °C,28 °C,30.0 °C,0,0
2025-12-22 03:30:00,14.1 °C,20.8 °C,14.1 °C,-2.4 °C,28 °C,30.1 °C,0,0
2025-12-22 04:00:00,14.1 °C,20.4 °C,14.3 °C,-1.0 °C,28 °C,29.8 °C,0,0
2025-12-22 04:30:00,13.9 °C,20.4 °C,14.4 °C,-0.6 °C,28 °C,29.7 °C,0,0
2025-12-22 05:00:00,14.3 °C,20.4 °C,14.0 °C,-0.8 °C,28 °C,29.8 °C,0,0
2025-12-22 05:30:00,14.1 °C,20.3 °C,13.4 °C,-1.0 °C,28 °C,29.8 °C,0,0
2025-12-22 06:00:00,30.6 °C,21.6 °C,32.6 °C,-0.5 °C,28 °C,29.7 °C,86,74
2025-12-22 06:30:00,33.1 °C,21.9 °C,35.5 °C,-1.4 °C,28 °C,29.9 °C,77,66
2025-12-22 07:00:00,32.8 °C,21.8 °C,35.6 °C,-0.1 °C,28 °C,29.6 °C,80,69
2025-12-22 07:30:00,30.8 °C,21.6 °C,34.0 °C,0.2 °C,28 °C,29.6 °C,73,65
2025-12-22 08:00:00,27.7 °C,21.9 °C,30.7 °C,1.1 °C,28 °C,29.4 °C,71,62
2025-12-22 08:30:00,27.2 °C,22.1 °C,30.2 °C,2.0 °C,28 °C,29.2 °C,73,60
2025-12-22 09:00:00,29.5 °C,22.0 °C,31.9 °C,3.2 °C,28 °C,29.0 °C,72,61
2025-12-22 09:30:00,31.1 °C,22.2 °C,33.9 °C,4.0 °C,28 °C,28.8 °C,68,57
2025-12-22 10:00:00,30.8 °C,22.3 °C,33.3 °C,5.0 °C,28 °C,28.6 °C,68,62
2025-12-22 10:30:00,29.0 °C,22.0 °C,30.4 °C,6.1 °C,28 °C,28.4 °C,64,53
2025-12-22 11:00:00,27.2 °C,21.8 °C,28.5 °C,6.2 °C,28 °C,28.4 °C,70,60
2025-12-22 11:30:00,27.1 °C,21.8 °C,28.0 °C,7.9 °C,28 °C,28.0 °C,70,56
2025-12-22 12:00:00,29.9 °C,21.3 °C,29.5 °C,8.3 °C,28 °C,28.0 °C,66,56
2025-12-22 12:30:00,32.3 °C,21.3 °C,31.9 °C,8.5 °C,28 °C,28.0 °C,58,52
2025-12-22 13:00:00,31.9 °C,21.1 °C,32.2 °C,8.1 °C,28 °C,28.0 °C,65,53
2025-12-22 13:30:00,30.0 °C,21.2 °C,30.6 °C,8.1 °C,28 °C,28.0 °C,61,53
2025-12-22 14:00:00,27.0 °C,21.0 °C,28.0 °C,8.4 °C,28 °C,28.0 °C,61,50
2025-12-22 14:30:00,27.3 °C,21.2 °C,29.0 °C,8.5 °C,28 °C,28.0 °C,65,55
2025-12-22 15:00:00,29.3 °C,21.3 °C,30.8 °C,9.5 °C,28 °C,28.0 °C,61,52
2025-12-22 15:30:00,31.4 °C,21.3 °C,32.4 °C,9.0 °C,28 °C,28.0 °C,62,49
2025-12-22 16:00:00,31.5 °C,21.4 °C,32.9 °C,9.1 °C,28 °C,28.0 °C,62,50
2025-12-22 16:30:00,29.8 °C,21.6 °C,31.4 °C,8.1 °C,28 °C,28.0 °C,61,49
2025-12-22 17:00:00,27.8 °C,21.6 °C,28.8 °C,9.0 °C,28 °C,28.0 °C,59,52
2025-12-22 17:30:00,27.7 °C,21.6 °C,28.7 °C,7.8 °C,28 °C,28.0 °C,63,55
2025-12-22 18:00:00,29.9 °C,21.4 °C,31.3 °C,8.5 °C,28 °C,28.0 °C,62,54
2025-12-22 18:30:00,32.5 °C,21.3 °C,34.1 °C,7.7 °C,28 °C,28.1 °C,65,57
2025-12-22 19:00:00,33.3 °C,21.7 °C,35.3 °C,5.7 °C,28 °C,28.5 °C,70,61
2025-12-22 19:30:00,29.9 °C,21.7 °C,31.5 °C,5.9 °C,28 °C,28.4 °C,66,53
2025-12-22 20:00:00,16.2 °C,20.8 °C,16.5 °C,5.3 °C,28 °C,28.5 °C,0,0
2025-12-22 20:30:00,15.8 °C,20.8 °C,15.6 °C,4.3 °C,28 °C,28.7 °C,0,0
2025-12-22 21:00:00,15.5 °C,20.9 °C,15.4 °C,4.0 °C,28 °C,28.8 °C,0,0
2025-12-22 21:30:00,15.3 °C,20.7 °C,14.9 °C,3.7 °C,28 °C,28.9 °C,0,0
2025-12-22 22:00:00,15.0 °C,20.6 °C,14.7 °C,3.2 °C,28 °C,29.0 °C,0,0
2025-12-22 22:30:00,15.1 °C,20.9 °C,14.8 °C,3.2 °C,28 °C,29.0 °C,0,0
2025-12-22 23:00:00,14.7 °C,20.5 °C,14.1 °C,2.6 °C,28 °C,29.1 °C,0,0
2025-12-22 23:30:00,14.3 °C,20.6 °C,14.1 °C,2.3 °C,28 °C,29.1 °C,0,0
2025-12-23 00:00:00,14.1 °C,20.4 °C,14.3 °C,1.3 °C,28 °C,29.3 °C,0,0
2025-12-23 00:30:00,14.0 °C,19.9 °C,13.8 °C,1.2 °C,28 °C,29.4 °C,0,0
2025-12-23 01:00:00,13.4 °C,20.0 °C,13.5 °C,0.3 °C,28 °C,29.5 °C,0,0
2025-12-23 01:30:00,13.2 °C,19.8 °C,13.0 °C,-0.7 °C,28 °C,29.7 °C,0,0
2025-12-23 02:00:00,12.7 °C,19.5 °C,12.6 °C,-1.1 °C,28 °C,29.8 °C,0,0
2025-12-23 02:30:00,13.1 °C,20.3 °C,12.7 °C,-1.4 °C,28 °C,29.9 °C,0,0
2025-12-23 03:00:00,13.5 °C,20.5 °C,13.6 °C,-0.9 °C,28 °C,29.8 °C,0,0
2025-12-23 03:30:00,13.7 °C,20.7 °C,12.9 °C,-1.8 °C,28 °C,30.0 °C,0,0
2025-12-23 04:00:00,14.0 °C,20.7 °C,12.8 °C,-1.1 °C,28 °C,29.8 °C,0,0
2025-12-23 04:30:00,13.4 °C,20.4 °C,12.8 °C,-1.3 °C,28 °C,29.9 °C,0,0
2025-12-23 05:00:00,13.1 °C,20.4 °C,12.0 °C,-2.5 °C,28 °C,30.1 °C,0,0
2025-12-23 05:30:00,13.2 °C,20.3 °C,12.2 °C,-2.8 °C,28 °C,30.2 °C,0,0
2025-12-23 06:00:00,28.5 °C,20.8 °C,31.4 °C,-2.4 °C,28 °C,30.1 °C,80,73
2025-12-23 06:30:00,31.4 °C,21.3 °C,34.8 °C,-1.5 °C,28 °C,29.9 °C,81,69
2025-12-23 07:00:00,31.5 °C,21.4 °C,33.6 °C,-0.9 °C,28 °C,29.8 °C,79,66
2025-12-23 07:30:00,28.9 °C,21.2 °C,31.4 °C,-1.0 °C,28 °C,29.8 °C,78,71
2025-12-23 08:00:00,26.3 °C,21.3 °C,27.6 °C,-0.7 °C,28 °C,29.7 °C,79,69
2025-12-23 08:30:00,27.1 °C,21.0 °C,27.7 °C,-0.6 °C,28 °C,29.7 °C,80,69
2025-12-23 09:00:00,29.0 °C,20.8 °C,29.8 °C,0.5 °C,28 °C,29.5 °C,76,69
2025-12-23 09:30:00,31.5 °C,21.3 °C,33.2 °C,1.2 °C,28 °C,29.4 °C,76,66
2025-12-23 10:00:00,31.7 °C,21.2 °C,33.3 °C,2.4 °C,28 °C,29.1 °C,65,55
2025-12-23 10:30:00,29.9 °C,21.2 °C,31.8 °C,2.0 °C,28 °C,29.2 °C,72,61
2025-12-23 11:00:00,27.0 °C,21.3 °C,28.4 °C,2.5 °C,28 °C,29.1 °C,77,63
2025-12-23 11:30:00,26.0 °C,21.3 °C,27.4 °C,4.5 °C,28 °C,28.7 °C,68,56
2025-12-23 12:00:00,27.8 °C,21.2 °C,29.3 °C,5.4 °C,28 °C,28.5 °C,69,58
2025-12-23 12:30:00,30.5 °C,21.8 °C,32.9 °C,5.7 °C,28 °C,28.5 °C,68,55
2025-12-23 13:00:00,31.4 °C,21.6 °C,33.3 °C,5.5 °C,28 °C,28.5 °C,66,56
2025-12-23 13:30:00,29.0 °C,21.4 °C,30.6 °C,6.5 °C,28 °C,28.3 °C,67,58
2025-12-23 14:00:00,26.0 °C,21.6 °C,28.2 °C,7.7 °C,28 °C,28.1 °C,63,54
2025-12-23 14:30:00,26.6 °C,21.3 °C,28.6 °C,7.0 °C,28 °C,28.2 °C,63,52
2025-12-23 15:00:00,28.9 °C,21.6 °C,31.0 °C,6.5 °C,28 °C,28.3 °C,64,51
2025-12-23 15:30:00,30.9 °C,21.5 °C,33.2 °C,6.7 °C,28 °C,28.3 °C,63,52
2025-12-23 16:00:00,30.7 °C,21.6 °C,32.6 °C,6.8 °C,28 °C,28.2 °C,62,50
2025-12-23 16:30:00,28.0 °C,21.7 °C,28.9 °C,7.0 °C,28 °C,28.2 °C,64,54
2025-12-23 17:00:00,25.1 °C,21.6 °C,26.7 °C,7.8 °C,28 °C,28.0 °C,64,56
2025-12-23 17:30:00,25.9 °C,21.8 °C,27.6 °C,6.8 °C,28 °C,28.2 °C,64,53
2025-12-23 18:00:00,28.2 °C,22.0 °C,29.2 °C,6.4 °C,28 °C,28.3 °C,65,55
2025-12-23 18:30:00,30.0 °C,22.1 °C,31.5 °C,6.3 °C,28 °C,28.3 °C,74,60
2025-12-23 19:00:00,30.3 °C,21.7 °C,32.9 °C,6.2 °C,28 °C,28.4 °C,69,58
2025-12-23 19:30:00,27.8 °C,21.6 °C,30.9 °C,5.2 °C,28 °C,28.6 °C,63,56
2025-12-23 20:00:00,15.3 °C,20.7 °C,15.6 °C,4.2 °C,28 °C,28.8 °C,0,0
2025-12-23 20:30:00,15.3 °C,21.1 °C,16.1 °C,3.3 °C,28 °C,28.9 °C,0,0
2025-12-23 21:00:00,15.6 °C,20.7 °C,15.9 °C,3.7 °C,28 °C,28.9 °C,0,0
2025-12-23 21:30:00,14.9 °C,20.6 °C,15.4 °C,2.5 °C,28 °C,29.1 °C,0,0
2025-12-23 22:00:00,15.1 °C,20.9 °C,15.5 °C,1.7 °C,28 °C,29.3 °C,0,0
2025-12-23 22:30:00,14.8 °C,20.6 °C,14.4 °C,1.6 °C,28 °C,29.3 °C,0,0
2025-12-23 23:00:00,14.1 °C,20.5 °C,13.7 °C,0.3 °C,28 °C,29.5 °C,0,0
2025-12-23 23:30:00,14.8 °C,20.9 °C,14.7 °C,0.0 °C,28 °C,29.6 °C,0,0
2025-12-24 00:00:00,14.2 °C,21.0 °C,13.4 °C,-1.6 °C,28 °C,29.9 °C,0,0
2025-12-24 00:30:00,14.2 °C,21.2 °C,13.1 °C,-1.8 °C,28 °C,30.0 °C,0,0
2025-12-24 01:00:00,14.4 °C,21.3 °C,13.1 °C,-2.0 °C,28 °C,30.0 °C,0,0
2025-12-24 01:30:00,14.7 °C,21.3 °C,12.9 °C,-2.1 °C,28 °C,30.0 °C,0,0
2025-12-24 02:00:00,14.1 °C,21.3 °C,12.6 °C,-2.7 °C,28 °C,30.1 °C,0,0
2025-12-24 02:30:00,14.6 °C,21.5 °C,12.6 °C,-2.6 °C,28 °C,30.1 °C,0,0
2025-12-24 03:00:00,14.4 °C,21.2 °C,12.5 °C,-2.6 °C,28 °C,30.1 °C,0,0
2025-12-24 03:30:00,14.9 °C,21.6 °C,13.3 °C,-1.7 °C,28 °C,29.9 °C,0,0
2025-12-24 04:00:00,14.8 °C,21.4 °C,13.6 °C,-1.2 °C,28 °C,29.8 °C,0,0
2025-12-24 04:30:00,14.7 °C,21.6 °C,13.3 °C,-1.9 °C,28 °C,30.0 °C,0,0
2025-12-24 05:00:00,14.3 °C,21.6 °C,13.7 °C,-2.1 °C,28 °C,30.0 °C,0,0
2025-12-24 05:30:00,14.3 °C,21.4 °C,13.7 °C,-2.0 °C,28 °C,30.0 °C,0,0
2025-12-24 06:00:00,29.2 °C,22.4 °C,31.0 °C,-1.4 °C,28 °C,29.9 °C,76,66
2025-12-24 06:30:00,31.9 °C,22.3 °C,33.1 °C,-1.0 °C,28 °C,29.8 °C,78,68
2025-12-24 07:00:00,32.1 °C,21.8 °C,33.0 °C,-0.5 °C,28 °C,29.7 °C,85,78
2025-12-24 07:30:00,29.8 °C,21.8 °C,30.9 °C,1.8 °C,28 °C,29.2 °C,79,67
2025-12-24 08:00:00,26.4 °C,21.5 °C,26.9 °C,2.0 °C,28 °C,29.2 °C,74,64
2025-12-24 08:30:00,26.5 °C,21.6 °C,27.2 °C,3.4 °C,28 °C,28.9 °C,65,53
2025-12-24 09:00:00,28.4 °C,21.6 °C,29.8 °C,3.7 °C,28 °C,28.9 °C,72,61
2025-12-24 09:30:00,31.2 °C,21.8 °C,32.6 °C,2.9 °C,28 °C,29.0 °C,71,61
2025-12-24 10:00:00,31.0 °C,21.6 °C,31.6 °C,3.6 °C,28 °C,28.9 °C,69,62
2025-12-24 10:30:00,28.7 °C,21.3 °C,29.9 °C,4.9 °C,28 °C,28.6 °C,68,59
2025-12-24 11:00:00,26.0 °C,21.1 °C,27.8 °C,5.8 °C,28 °C,28.4 °C,73,61
2025-12-24 11:30:00,26.3 °C,21.7 °C,28.7 °C,6.3 °C,28 °C,28.3 °C,67,56
2025-12-24 12:00:00,28.3 °C,22.4 °C,30.7 °C,6.7 °C,28 °C,28.3 °C,69,61
2025-12-24 12:30:00,30.7 °C,22.8 °C,34.2 °C,6.7 °C,28 °C,28.3 °C,67,56
2025-12-24 13:00:00,30.6 °C,22.3 °C,34.3 °C,7.5 °C,28 °C,28.1 °C,65,56
2025-12-24 13:30:00,28.9 °C,21.9 °C,33.9 °C,7.4 °C,28 °C,28.1 °C,66,57
2025-12-24 14:00:00,26.7 °C,21.6 °C,32.2 °C,7.2 °C,28 °C,28.2 °C,63,53
2025-12-24 14:30:00,26.6 °C,21.8 °C,32.3 °C,7.5 °C,28 °C,28.1 °C,60,48
2025-12-24 15:00:00,29.3 °C,22.4 °C,34.3 °C,7.4 °C,28 °C,28.1 °C,69,60
2025-12-24 15:30:00,31.9 °C,22.5 °C,36.1 °C,8.1 °C,28 °C,28.0 °C,59,53
2025-12-24 16:00:00,31.9 °C,22.5 °C,35.9 °C,8.2 °C,28 °C,28.0 °C,64,53
2025-12-24 16:30:00,29.0 °C,22.2 °C,32.8 °C,7.4 °C,28 °C,28.1 °C,70,59
2025-12-24 17:00:00,27.0 °C,22.1 °C,30.3 °C,6.4 °C,28 °C,28.3 °C,67,59
2025-12-24 17:30:00,27.0 °C,22.0 °C,30.1 °C,5.7 °C,28 °C,28.5 °C,69,64
2025-12-24 18:00:00,28.9 °C,22.2 °C,31.9 °C,6.8 °C,28 °C,28.2 °C,67,55
2025-12-24 18:30:00,31.1 °C,22.1 °C,33.6 °C,6.1 °C,28 °C,28.4 °C,70,58
2025-12-24 19:00:00,31.3 °C,22.1 °C,34.1 °C,6.0 °C,28 °C,28.4 °C,71,62
2025-12-24 19:30:00,29.4 °C,22.1 °C,31.7 °C,4.6 °C,28 °C,28.7 °C,65,56
2025-12-24 20:00:00,16.5 °C,21.2 °C,16.5 °C,3.4 °C,28 °C,28.9 °C,0,0
2025-12-24 20:30:00,16.3 °C,21.1 °C,16.2 °C,2.8 °C,28 °C,29.0 °C,0,0
2025-12-24 21:00:00,16.2 °C,21.1 °C,16.5 °C,3.2 °C,28 °C,29.0 °C,0,0
2025-12-24 21:30:00,15.4 °C,21.0 °C,15.2 °C,1.8 °C,28 °C,29.2 °C,0,0
2025-12-24 22:00:00,14.9 °C,20.8 °C,14.6 °C,0.9 °C,28 °C,29.4 °C,0,0
2025-12-24 22:30:00,14.9 °C,21.0 °C,15.3 °C,1.0 °C,28 °C,29.4 °C,0,0
2025-12-24 23:00:00,15.4 °C,21.4 °C,15.7 °C,1.4 °C,28 °C,29.3 °C,0,0
2025-12-24 23:30:00,15.4 °C,21.4 °C,15.5 °C,1.1 °C,28 °C,29.4 °C,0,0
2025-12-25 00:00:00,15.4 °C,21.3 °C,16.2 °C,0.9 °C,28 °C,29.4 °C,0,0
2025-12-25 00:30:00,15.1 °C,21.5 °C,16.3 °C,-0.2 °C,28 °C,29.6 °C,0,0
2025-12-25 01:00:00,14.6 °C,21.4 °C,16.0 °C,-1.4 °C,28 °C,29.9 °C,0,0
2025-12-25 01:30:00,14.4 °C,21.7 °C,15.7 °C,-2.3 °C,28 °C,30.1 °C,0,0
2025-12-25 02:00:00,14.4 °C,21.6 °C,15.4 °C,-3.0 °C,28 °C,30.2 °C,0,0
2025-12-25 02:30:00,14.4 °C,21.7 °C,16.1 °C,-2.8 °C,28 °C,30.2 °C,0,0
2025-12-25 03:00:00,14.8 °C,22.0 °C,16.6 °C,-3.5 °C,28 °C,30.3 °C,0,0
2025-12-25 03:30:00,14.8 °C,22.2 °C,16.5 °C,-3.1 °C,28 °C,30.2 °C,0,0
2025-12-25 04:00:00,14.7 °C,22.0 °C,15.7 °C,-3.1 °C,28 °C,30.2 °C,0,0
2025-12-25 04:30:00,14.9 °C,22.2 °C,15.7 °C,-3.1 °C,28 °C,30.2 °C,0,0
2025-12-25 05:00:00,15.1 °C,21.8 °C,15.8 °C,-2.1 °C,28 °C,30.0 °C,0,0
2025-12-25 05:30:00,15.2 °C,21.6 °C,16.1 °C,-2.3 °C,28 °C,30.1 °C,0,0
2025-12-25 06:00:00,29.1 °C,22.6 °C,31.6 °C,-0.9 °C,28 °C,29.8 °C,82,72
2025-12-25 06:30:00,31.9 °C,22.9 °C,34.0 °C,0.1 °C,28 °C,29.6 °C,76,66
2025-12-25 07:00:00,31.4 °C,22.6 °C,33.3 °C,-0.0 °C,28 °C,29.6 °C,80,72
2025-12-25 07:30:00,28.9 °C,22.5 °C,30.7 °C,1.2 °C,28 °C,29.4 °C,75,70
2025-12-25 08:00:00,26.0 °C,22.4 °C,27.5 °C,1.1 °C,28 °C,29.4 °C,68,57
2025-12-25 08:30:00,26.8 °C,22.3 °C,28.7 °C,2.5 °C,28 °C,29.1 °C,68,61
2025-12-25 09:00:00,28.4 °C,22.0 °C,29.3 °C,3.2 °C,28 °C,29.0 °C,72,64
2025-12-25 09:30:00,31.7 °C,22.1 °C,32.9 °C,2.8 °C,28 °C,29.0 °C,67,57
2025-12-25 10:00:00,31.7 °C,21.7 °C,33.6 °C,2.7 °C,28 °C,29.1 °C,68,60
2025-12-25 10:30:00,29.1 °C,22.0 °C,31.6 °C,3.1 °C,28 °C,29.0 °C,67,56
2025-12-25 11:00:00,26.6 °C,22.3 °C,29.6 °C,4.3 °C,28 °C,28.7 °C,69,61
2025-12-25 11:30:00,26.1 °C,22.1 °C,28.7 °C,4.7 °C,28 °C,28.7 °C,70,57
2025-12-25 12:00:00,28.8 °C,21.7 °C,32.1 °C,5.1 °C,28 °C,28.6 °C,63,53
2025-12-25 12:30:00,31.5 °C,21.7 °C,34.8 °C,5.6 °C,28 °C,28.5 °C,70,59
2025-12-25 13:00:00,31.6 °C,21.6 °C,35.5 °C,4.8 °C,28 °C,28.6 °C,69,64
2025-12-25 13:30:00,29.0 °C,21.5 °C,33.2 °C,5.7 °C,28 °C,28.5 °C,63,51
2025-12-25 14:00:00,27.1 °C,21.6 °C,31.2 °C,6.8 °C,28 °C,28.2 °C,65,56
2025-12-25 14:30:00,27.1 °C,21.4 °C,30.9 °C,7.4 °C,28 °C,28.1 °C,62,55
2025-12-25 15:00:00,29.1 °C,21.8 °C,33.9 °C,7.2 °C,28 °C,28.2 °C,62,51
2025-12-25 15:30:00,31.9 °C,21.6 °C,35.5 °C,6.6 °C,28 °C,28.3 °C,62,52
2025-12-25 16:00:00,31.7 °C,21.9 °C,35.1 °C,5.9 °C,28 °C,28.4 °C,67,56
2025-12-25 16:30:00,29.0 °C,21.6 °C,31.6 °C,5.1 °C,28 °C,28.6 °C,67,56
2025-12-25 17:00:00,26.5 °C,21.7 °C,29.1 °C,6.4 °C,28 °C,28.3 °C,65,59
2025-12-25 17:30:00,26.1 °C,21.8 °C,28.8 °C,6.0 °C,28 °C,28.4 °C,66,52
2025-12-25 18:00:00,28.5 °C,21.8 °C,30.8 °C,6.2 °C,28 °C,28.4 °C,67,58
2025-12-25 18:30:00,31.2 °C,21.7 °C,33.2 °C,6.3 °C,28 °C,28.3 °C,66,51
2025-12-25 19:00:00,32.0 °C,21.6 °C,33.3 °C,5.8 °C,28 °C,28.4 °C,61,53
2025-12-25 19:30:00,30.0 °C,21.5 °C,31.6 °C,4.6 °C,28 °C,28.7 °C,69,58
2025-12-25 20:00:00,15.2 °C,20.5 °C,15.7 °C,4.3 °C,28 °C,28.7 °C,0,0
2025-12-25 20:30:00,14.6 °C,20.6 °C,15.4 °C,3.0 °C,28 °C,29.0 °C,0,0
2025-12-25 21:00:00,14.5 °C,21.1 °C,15.5 °C,2.8 °C,28 °C,29.0 °C,0,0
2025-12-25 21:30:00,14.4 °C,21.1 °C,14.8 °C,1.6 °C,28 °C,29.3 °C,0,0
2025-12-25 22:00:00,14.2 °C,21.2 °C,14.8 °C,0.8 °C,28 °C,29.4 °C,0,0
2025-12-25 22:30:00,14.1 °C,21.5 °C,15.1 °C,0.1 °C,28 °C,29.6 °C,0,0
2025-12-25 23:00:00,13.9 °C,21.3 °C,15.7 °C,0.5 °C,28 °C,29.5 °C,0,0
2025-12-25 23:30:00,13.0 °C,20.8 °C,14.4 °C,-1.5 °C,28 °C,29.9 °C,0,0
2025-12-26 00:00:00,13.5 °C,20.8 °C,15.2 °C,-0.5 °C,28 °C,29.7 °C,0,0
2025-12-26 00:30:00,12.9 °C,21.0 °C,14.7 °C,-1.3 °C,28 °C,29.9 °C,0,0
2025-12-26 01:00:00,13.2 °C,21.5 °C,14.9 °C,-1.7 °C,28 °C,29.9 °C,0,0
2025-12-26 01:30:00,13.3 °C,21.2 °C,15.0 °C,-1.7 °C,28 °C,29.9 °C,0,0
2025-12-26 02:00:00,13.7 °C,21.4 °C,15.3 °C,-1.7 °C,28 °C,29.9 °C,0,0
2025-12-26 02:30:00,14.4 °C,21.4 °C,15.7 °C,-1.3 °C,28 °C,29.9 °C,0,0
2025-12-26 03:00:00,14.3 °C,21.3 °C,15.3 °C,-1.0 °C,28 °C,29.8 °C,0,0
2025-12-26 03:30:00,14.5 °C,20.9 °C,15.3 °C,0.2 °C,28 °C,29.6 °C,0,0
2025-12-26 04:00:00,14.8 °C,20.8 °C,15.2 °C,0.5 °C,28 °C,29.5 °C,0,0
2025-12-26 04:30:00,14.9 °C,20.9 °C,15.5 °C,0.4 °C,28 °C,29.5 °C,0,0
2025-12-26 05:00:00,15.4 °C,21.2 °C,15.5 °C,0.1 °C,28 °C,29.6 °C,0,0
2025-12-26 05:30:00,15.0 °C,20.5 °C,15.0 °C,-0.0 °C,28 °C,29.6 °C,0,0
2025-12-26 06:00:00,29.0 °C,21.6 °C,31.4 °C,1.0 °C,28 °C,29.4 °C,75,64
2025-12-26 06:30:00,30.5 °C,21.4 °C,33.4 °C,2.4 °C,28 °C,29.1 °C,72,60
2025-12-26 07:00:00,31.0 °C,21.3 °C,33.7 °C,3.2 °C,28 °C,29.0 °C,71,60
2025-12-26 07:30:00,29.0 °C,21.5 °C,32.0 °C,1.6 °C,28 °C,29.3 °C,73,63
2025-12-26 08:00:00,26.6 °C,22.0 °C,29.9 °C,0.7 °C,28 °C,29.5 °C,73,66
2025-12-26 08:30:00,26.8 °C,21.8 °C,30.0 °C,1.3 °C,28 °C,29.3 °C,71,61
2025-12-26 09:00:00,29.6 °C,21.7 °C,32.8 °C,1.9 °C,28 °C,29.2 °C,72,63
2025-12-26 09:30:00,31.2 °C,21.3 °C,34.1 °C,2.6 °C,28 °C,29.1 °C,75,63
2025-12-26 10:00:00,30.8 °C,21.5 °C,34.4 °C,4.0 °C,28 °C,28.8 °C,69,61
2025-12-26 10:30:00,27.9 °C,21.3 °C,31.6 °C,5.2 °C,28 °C,28.6 °C,66,56
2025-12-26 15:00:00,28.8 °C,21.6 °C,32.0 °C,4.1 °C,28 °C,28.8 °C,70,61
2025-12-26 15:30:00,31.7 °C,21.7 °C,35.4 °C,3.8 °C,28 °C,28.8 °C,67,56
2025-12-26 16:00:00,31.0 °C,22.0 °C,34.0 °C,4.9 °C,28 °C,28.6 °C,70,59
2025-12-26 16:30:00,28.6 °C,21.6 °C,31.3 °C,5.8 °C,28 °C,28.4 °C,68,60
2025-12-26 17:00:00,27.0 °C,21.9 °C,29.7 °C,4.7 °C,28 °C,28.7 °C,70,64
2025-12-26 17:30:00,28.2 °C,21.9 °C,30.4 °C,3.6 °C,28 °C,28.9 °C,68,60
2025-12-26 18:00:00,30.5 °C,21.8 °C,31.8 °C,3.9 °C,28 °C,28.8 °C,67,58
2025-12-26 18:30:00,33.3 °C,22.0 °C,34.0 °C,3.4 °C,28 °C,28.9 °C,66,59
2025-12-26 19:00:00,32.6 °C,21.9 °C,33.5 °C,3.9 °C,28 °C,28.8 °C,74,65
2025-12-26 19:30:00,29.6 °C,21.4 °C,31.4 °C,3.9 °C,28 °C,28.8 °C,74,62
2025-12-26 20:00:00,15.6 °C,19.7 °C,14.2 °C,4.0 °C,28 °C,28.8 °C,0,0
2025-12-26 20:30:00,15.1 °C,19.5 °C,14.0 °C,2.9 °C,28 °C,29.0 °C,0,0
2025-12-26 21:00:00,14.8 °C,19.5 °C,14.3 °C,2.6 °C,28 °C,29.1 °C,0,0
2025-12-26 21:30:00,15.1 °C,19.6 °C,14.7 °C,3.2 °C,28 °C,29.0 °C,0,0
2025-12-26 22:00:00,14.6 °C,19.9 °C,15.0 °C,2.6 °C,28 °C,29.1 °C,0,0
2025-12-26 22:30:00,14.6 °C,19.9 °C,14.4 °C,1.9 °C,28 °C,29.2 °C,0,0
2025-12-26 23:00:00,14.1 °C,19.7 °C,13.9 °C,1.0 °C,28 °C,29.4 °C,0,0
2025-12-26 23:30:00,13.6 °C,19.7 °C,13.7 °C,-0.5 °C,28 °C,29.7 °C,0,0
2025-12-27 00:00:00,13.2 °C,19.7 °C,13.8 °C,-1.6 °C,28 °C,29.9 °C,0,0
2025-12-27 00:30:00,13.5 °C,20.3 °C,14.0 °C,-2.5 °C,28 °C,30.1 °C,0,0
2025-12-27 01:00:00,13.3 °C,20.5 °C,13.8 °C,-3.6 °C,28 °C,30.3 °C,0,0
2025-12-27 01:30:00,12.5 °C,20.1 °C,13.3 °C,-4.6 °C,28 °C,30.5 °C,0,0
2025-12-27 02:00:00,12.1 °C,20.1 °C,12.4 °C,-6.0 °C,28 °C,30.8 °C,0,0
2025-12-27 02:30:00,11.9 °C,20.3 °C,12.3 °C,-6.1 °C,28 °C,30.8 °C,0,0
2025-12-27 03:00:00,12.3 °C,20.4 °C,12.4 °C,-5.3 °C,28 °C,30.7 °C,0,0
2025-12-27 03:30:00,12.3 °C,20.0 °C,12.5 °C,-5.2 °C,28 °C,30.6 °C,0,0
2025-12-27 04:00:00,12.6 °C,20.3 °C,12.9 °C,-4.9 °C,28 °C,30.6 °C,0,0
2025-12-27 04:30:00,13.1 °C,20.4 °C,13.7 °C,-3.9 °C,28 °C,30.4 °C,0,0
2025-12-27 05:00:00,13.8 °C,20.4 °C,14.3 °C,-2.4 °C,28 °C,30.1 °C,0,0
2025-12-27 05:30:00,14.0 °C,20.3 °C,14.6 °C,-0.6 °C,28 °C,29.7 °C,0,0
2025-12-27 06:00:00,14.3 °C,20.6 °C,15.2 °C,-0.2 °C,28 °C,29.6 °C,0,0
2025-12-27 06:30:00,13.6 °C,20.1 °C,14.5 °C,0.0 °C,28 °C,29.6 °C,0,0
2025-12-27 07:00:00,34.0 °C,20.7 °C,35.8 °C,0.2 °C,28 °C,29.6 °C,75,65
2025-12-27 07:30:00,31.1 °C,20.6 °C,33.2 °C,1.1 °C,28 °C,29.4 °C,78,66
2025-12-27 08:00:00,28.7 °C,20.8 °C,30.3 °C,1.6 °C,28 °C,29.3 °C,71,64
2025-12-27 08:30:00,28.4 °C,20.6 °C,30.5 °C,2.0 °C,28 °C,29.2 °C,81,71
2025-12-27 09:00:00,31.2 °C,20.5 °C,33.5 °C,2.6 °C,28 °C,29.1 °C,68,62
2025-12-27 09:30:00,33.7 °C,20.6 °C,34.6 °C,2.6 °C,28 °C,29.1 °C,75,60
2025-12-27 10:00:00,33.3 °C,20.8 °C,34.9 °C,1.8 °C,28 °C,29.2 °C,77,64
2025-12-27 10:30:00,30.7 °C,20.8 °C,32.4 °C,2.2 °C,28 °C,29.2 °C,74,63
2025-12-27 11:00:00,28.0 °C,20.8 °C,29.8 °C,3.8 °C,28 °C,28.8 °C,67,59
2025-12-27 11:30:00,27.7 °C,20.7 °C,28.7 °C,5.2 °C,28 °C,28.6 °C,66,56
2025-12-27 12:00:00,29.9 °C,21.1 °C,31.8 °C,6.2 °C,28 °C,28.4 °C,63,53
2025-12-27 12:30:00,32.4 °C,21.3 °C,34.5 °C,6.3 °C,28 °C,28.3 °C,66,57
2025-12-27 13:00:00,32.4 °C,21.5 °C,34.9 °C,6.1 °C,28 °C,28.4 °C,69,59
2025-12-27 13:30:00,29.3 °C,21.3 °C,31.0 °C,7.4 °C,28 °C,28.1 °C,66,60
2025-12-27 14:00:00,17.1 °C,20.3 °C,15.2 °C,6.8 °C,28 °C,28.2 °C,0,0
2025-12-27 14:30:00,17.0 °C,20.5 °C,15.5 °C,7.0 °C,28 °C,28.2 °C,0,0
2025-12-27 15:00:00,17.8 °C,20.4 °C,16.1 °C,8.0 °C,28 °C,28.0 °C,0,0
2025-12-27 15:30:00,17.3 °C,20.2 °C,15.8 °C,8.0 °C,28 °C,28.0 °C,0,0
2025-12-27 16:00:00,17.4 °C,20.3 °C,15.5 °C,7.6 °C,28 °C,28.1 °C,0,0
2025-12-27 16:30:00,17.3 °C,20.1 °C,15.5 °C,8.0 °C,28 °C,28.0 °C,0,0
2025-12-27 17:00:00,17.3 °C,20.1 °C,15.4 °C,7.7 °C,28 °C,28.1 °C,0,0
2025-12-27 17:30:00,17.0 °C,20.4 °C,16.4 °C,7.3 °C,28 °C,28.1 °C,0,0
2025-12-27 18:00:00,17.8 °C,20.5 °C,16.5 °C,7.7 °C,28 °C,28.1 °C,0,0
2025-12-27 18:30:00,16.9 °C,20.2 °C,15.7 °C,5.6 °C,28 °C,28.5 °C,0,0
2025-12-27 19:00:00,16.7 °C,20.4 °C,15.5 °C,5.3 °C,28 °C,28.5 °C,0,0
2025-12-27 19:30:00,15.9 °C,20.3 °C,14.8 °C,4.2 °C,28 °C,28.8 °C,0,0
2025-12-27 20:00:00,15.3 °C,20.6 °C,14.4 °C,3.5 °C,28 °C,28.9 °C,0,0
2025-12-27 20:30:00,15.5 °C,20.7 °C,14.3 °C,3.0 °C,28 °C,29.0 °C,0,0
2025-12-27 21:00:00,14.9 °C,20.6 °C,14.0 °C,2.1 °C,28 °C,29.2 °C,0,0
2025-12-27 21:30:00,14.6 °C,20.5 °C,14.2 °C,1.7 °C,28 °C,29.3 °C,0,0
2025-12-27 22:00:00,14.3 °C,20.3 °C,13.9 °C,1.3 °C,28 °C,29.3 °C,0,0
2025-12-27 22:30:00,14.8 °C,21.0 °C,14.2 °C,0.9 °C,28 °C,29.4 °C,0,0
2025-12-27 23:00:00,14.3 °C,20.4 °C,13.8 °C,0.4 °C,28 °C,29.5 °C,0,0
2025-12-27 23:30:00,14.1 °C,20.0 °C,13.3 °C,-0.1 °C,28 °C,29.6 °C,0,0
2025-12-28 00:00:00,14.4 °C,20.3 °C,13.7 °C,-0.7 °C,28 °C,29.7 °C,0,0
2025-12-28 00:30:00,14.2 °C,20.6 °C,14.2 °C,-1.0 °C,28 °C,29.8 °C,0,0
2025-12-28 01:00:00,13.7 °C,20.7 °C,14.0 °C,-1.9 °C,28 °C,30.0 °C,0,0
2025-12-28 01:30:00,13.5 °C,20.2 °C,13.5 °C,-1.4 °C,28 °C,29.9 °C,0,0
2025-12-28 02:00:00,13.7 °C,20.4 °C,13.5 °C,-1.7 °C,28 °C,29.9 °C,0,0
2025-12-28 02:30:00,13.5 °C,20.2 °C,13.3 °C,-2.0 °C,28 °C,30.0 °C,0,0
2025-12-28 03:00:00,13.1 °C,20.2 °C,13.0 °C,-1.8 °C,28 °C,30.0 °C,0,0
2025-12-28 03:30:00,13.3 °C,20.4 °C,13.0 °C,-1.9 °C,28 °C,30.0 °C,0,0
2025-12-28 04:00:00,13.4 °C,20.6 °C,13.0 °C,-1.0 °C,28 °C,29.8 °C,0,0
2025-12-28 04:30:00,13.6 °C,20.4 °C,13.3 °C,-0.4 °C,28 °C,29.7 °C,0,0
2025-12-28 05:00:00,14.2 °C,20.8 °C,13.3 °C,-0.2 °C,28 °C,29.6 °C,0,0
2025-12-28 05:30:00,14.0 °C,21.0 °C,13.7 °C,0.6 °C,28 °C,29.5 °C,0,0
2025-12-28 06:00:00,14.4 °C,20.7 °C,13.6 °C,0.9 °C,28 °C,29.4 °C,0,0
2025-12-28 06:30:00,14.0 °C,20.6 °C,13.1 °C,0.5 °C,28 °C,29.5 °C,0,0
2025-12-28 07:00:00,14.4 °C,20.4 °C,13.4 °C,1.5 °C,28 °C,29.3 °C,0,0
2025-12-28 07:30:00,14.5 °C,20.5 °C,13.0 °C,0.7 °C,28 °C,29.5 °C,0,0
2025-12-28 08:00:00,14.1 °C,20.7 °C,13.2 °C,-0.8 °C,28 °C,29.8 °C,0,0
2025-12-28 08:30:00,14.2 °C,20.2 °C,13.8 °C,0.4 °C,28 °C,29.5 °C,0,0
2025-12-28 09:00:00,14.1 °C,19.8 °C,14.1 °C,1.4 °C,28 °C,29.3 °C,0,0
2025-12-28 09:30:00,13.9 °C,19.7 °C,14.4 °C,2.3 °C,28 °C,29.1 °C,0,0
2025-12-28 10:00:00,15.0 °C,20.1 °C,15.2 °C,3.8 °C,28 °C,28.8 °C,0,0
2025-12-28 10:30:00,15.1 °C,20.2 °C,15.4 °C,4.3 °C,28 °C,28.7 °C,0,0
2025-12-28 11:00:00,16.0 °C,20.7 °C,15.9 °C,4.6 °C,28 °C,28.7 °C,0,0
2025-12-28 11:30:00,16.4 °C,20.7 °C,16.7 °C,5.6 °C,28 °C,28.5 °C,0,0
2025-12-28 12:00:00,16.1 °C,20.5 °C,16.1 °C,5.6 °C,28 °C,28.5 °C,0,0
2025-12-28 12:30:00,16.0 °C,20.1 °C,16.0 °C,5.8 °C,28 °C,28.4 °C,0,0
2025-12-28 13:00:00,16.2 °C,19.9 °C,15.5 °C,6.3 °C,28 °C,28.3 °C,0,0
2025-12-28 13:30:00,16.7 °C,19.9 °C,15.5 °C,6.8 °C,28 °C,28.2 °C,0,0
2025-12-28 14:00:00,16.1 °C,19.4 °C,15.1 °C,6.8 °C,28 °C,28.2 °C,0,0
2025-12-28 14:30:00,15.9 °C,19.3 °C,15.1 °C,6.6 °C,28 °C,28.3 °C,0,0
2025-12-28 15:00:00,15.7 °C,19.2 °C,15.1 °C,6.0 °C,28 °C,28.4 °C,0,0
2025-12-28 15:30:00,15.7 °C,19.4 °C,15.5 °C,5.6 °C,28 °C,28.5 °C,0,0
2025-12-28 16:00:00,15.7 °C,19.5 °C,15.5 °C,6.7 °C,28 °C,28.3 °C,0,0
2025-12-28 16:30:00,16.0 °C,19.7 °C,15.8 °C,6.4 °C,28 °C,28.3 °C,0,0
2025-12-28 17:00:00,16.1 °C,19.4 °C,16.0 °C,6.2 °C,28 °C,28.4 °C,0,0
2025-12-28 17:30:00,15.6 °C,19.3 °C,15.4 °C,5.0 °C,28 °C,28.6 °C,0,0
2025-12-28 18:00:00,15.9 °C,19.7 °C,15.8 °C,6.3 °C,28 °C,28.3 °C,0,0
2025-12-28 18:30:00,15.6 °C,19.7 °C,15.5 °C,5.3 °C,28 °C,28.5 °C,0,0
2025-12-28 19:00:00,15.2 °C,20.0 °C,15.3 °C,4.1 °C,28 °C,28.8 °C,0,0
2025-12-28 19:30:00,15.0 °C,20.1 °C,15.1 °C,3.6 °C,28 °C,28.9 °C,0,0
2025-12-28 20:00:00,14.8 °C,20.2 °C,15.4 °C,2.5 °C,28 °C,29.1 °C,0,0
2025-12-28 20:30:00,15.1 °C,20.4 °C,16.1 °C,2.3 °C,28 °C,29.1 °C,0,0
2025-12-28 21:00:00,14.9 °C,20.3 °C,15.4 °C,0.9 °C,28 °C,29.4 °C,0,0
2025-12-28 21:30:00,15.0 °C,20.2 °C,16.0 °C,1.1 °C,28 °C,29.4 °C,0,0
2025-12-28 22:00:00,14.7 °C,20.1 °C,15.7 °C,1.2 °C,28 °C,29.4 °C,0,0
2025-12-28 22:30:00,14.6 °C,20.1 °C,15.6 °C,0.6 °C,28 °C,29.5 °C,0,0
2025-12-28 23:00:00,14.2 °C,20.3 °C,14.9 °C,-0.9 °C,28 °C,29.8 °C,0,0
2025-12-28 23:30:00,13.9 °C,20.3 °C,14.2 °C,-1.8 °C,28 °C,30.0 °C,0,0
2025-12-29 00:00:00,14.0 °C,20.6 °C,14.2 °C,-2.1 °C,28 °C,30.0 °C,0,0
2025-12-29 00:30:00,14.0 °C,21.1 °C,14.4 °C,-3.1 °C,28 °C,30.2 °C,0,0
2025-12-29 01:00:00,13.9 °C,20.8 °C,14.0 °C,-3.8 °C,28 °C,30.4 °C,0,0
2025-12-29 01:30:00,14.3 °C,21.1 °C,13.9 °C,-3.2 °C,28 °C,30.2 °C,0,0
2025-12-29 02:00:00,14.0 °C,21.1 °C,13.5 °C,-3.2 °C,28 °C,30.2 °C,0,0
2025-12-29 02:30:00,13.7 °C,21.2 °C,13.0 °C,-3.1 °C,28 °C,30.2 °C,0,0
2025-12-29 03:00:00,13.9 °C,21.1 °C,13.3 °C,-2.7 °C,28 °C,30.1 °C,0,0
2025-12-29 03:30:00,14.2 °C,21.4 °C,13.6 °C,-2.7 °C,28 °C,30.1 °C,0,0
2025-12-29 04:00:00,14.6 °C,21.4 °C,13.8 °C,-2.6 °C,28 °C,30.1 °C,0,0
2025-12-29 04:30:00,14.6 °C,21.2 °C,13.9 °C,-2.0 °C,28 °C,30.0 °C,0,0
2025-12-29 05:00:00,14.8 °C,21.1 °C,13.8 °C,-1.3 °C,28 °C,29.9 °C,0,0
2025-12-29 05:30:00,14.8 °C,20.8 °C,13.9 °C,-0.7 °C,28 °C,29.7 °C,0,0
2025-12-29 06:00:00,28.3 °C,21.5 °C,30.3 °C,0.6 °C,28 °C,29.5 °C,76,65
2025-12-29 06:30:00,30.7 °C,21.8 °C,32.8 °C,0.9 °C,28 °C,29.4 °C,77,71
2025-12-29 07:00:00,30.4 °C,22.1 °C,33.1 °C,0.4 °C,28 °C,29.5 °C,72,63
2025-12-29 07:30:00,27.8 °C,21.9 °C,30.5 °C,1.6 °C,28 °C,29.3 °C,76,66
2025-12-29 08:00:00,25.5 °C,21.6 °C,27.7 °C,1.9 °C,28 °C,29.2 °C,76,66
2025-12-29 08:30:00,26.3 °C,21.9 °C,28.8 °C,2.0 °C,28 °C,29.2 °C,72,63
2025-12-29 09:00:00,28.3 °C,21.9 °C,31.0 °C,3.0 °C,28 °C,29.0 °C,72,66
2025-12-29 09:30:00,30.6 °C,21.4 °C,32.5 °C,3.7 °C,28 °C,28.9 °C,74,65
2025-12-29 10:00:00,31.1 °C,22.2 °C,32.4 °C,3.5 °C,28 °C,28.9 °C,75,65
2025-12-29 10:30:00,29.0 °C,22.1 °C,31.4 °C,4.4 °C,28 °C,28.7 °C,68,56
2025-12-29 11:00:00,26.0 °C,22.5 °C,28.1 °C,6.1 °C,28 °C,28.4 °C,64,55
2025-12-29 11:30:00,25.8 °C,22.5 °C,27.8 °C,6.6 °C,28 °C,28.3 °C,65,59
2025-12-29 12:00:00,28.6 °C,22.1 °C,30.6 °C,6.7 °C,28 °C,28.3 °C,62,52
2025-12-29 12:30:00,31.4 °C,22.1 °C,33.0 °C,6.0 °C,28 °C,28.4 °C,70,59
2025-12-29 13:00:00,31.4 °C,21.7 °C,32.2 °C,7.6 °C,28 °C,28.1 °C,66,57
2025-12-29 13:30:00,29.4 °C,21.7 °C,29.8 °C,7.4 °C,28 °C,28.1 °C,64,55
2025-12-29 14:00:00,27.2 °C,21.4 °C,27.4 °C,6.7 °C,28 °C,28.3 °C,69,56
2025-12-29 14:30:00,27.1 °C,21.4 °C,27.2 °C,6.9 °C,28 °C,28.2 °C,68,58
2025-12-29 15:00:00,29.0 °C,21.5 °C,28.9 °C,7.5 °C,28 °C,28.1 °C,67,59
2025-12-29 15:30:00,31.1 °C,21.6 °C,30.5 °C,8.1 °C,28 °C,28.0 °C,65,51
2025-12-29 16:00:00,31.1 °C,21.2 °C,30.5 °C,7.5 °C,28 °C,28.1 °C,68,60
2025-12-29 16:30:00,29.2 °C,21.1 °C,29.4 °C,7.2 °C,28 °C,28.2 °C,61,48
2025-12-29 17:00:00,26.8 °C,20.7 °C,26.8 °C,6.9 °C,28 °C,28.2 °C,67,56
2025-12-29 17:30:00,26.7 °C,20.9 °C,26.9 °C,7.1 °C,28 °C,28.2 °C,70,59
2025-12-29 18:00:00,28.7 °C,21.1 °C,29.7 °C,6.9 °C,28 °C,28.2 °C,64,56
2025-12-29 18:30:00,31.6 °C,20.8 °C,32.4 °C,6.5 °C,28 °C,28.3 °C,64,56
2025-12-29 19:00:00,31.2 °C,21.3 °C,33.7 °C,6.4 °C,28 °C,28.3 °C,65,52
2025-12-29 19:30:00,28.9 °C,21.4 °C,31.8 °C,4.9 °C,28 °C,28.6 °C,68,55
2025-12-29 20:00:00,16.0 °C,20.5 °C,15.9 °C,4.5 °C,28 °C,28.7 °C,0,0
2025-12-29 20:30:00,16.1 °C,20.4 °C,15.8 °C,4.0 °C,28 °C,28.8 °C,0,0
2025-12-29 21:00:00,16.0 °C,20.3 °C,15.5 °C,3.3 °C,28 °C,28.9 °C,0,0
2025-12-29 21:30:00,15.5 °C,20.2 °C,14.7 °C,2.5 °C,28 °C,29.1 °C,0,0
2025-12-29 22:00:00,15.5 °C,20.5 °C,15.3 °C,1.9 °C,28 °C,29.2 °C,0,0
2025-12-29 22:30:00,15.2 °C,20.6 °C,15.6 °C,0.9 °C,28 °C,29.4 °C,0,0
2025-12-29 23:00:00,15.2 °C,20.4 °C,15.7 °C,2.0 °C,28 °C,29.2 °C,0,0
2025-12-29 23:30:00,15.7 °C,20.7 °C,15.7 °C,2.2 °C,28 °C,29.2 °C,0,0
2025-12-30 00:00:00,15.4 °C,20.7 °C,15.4 °C,2.1 °C,28 °C,29.2 °C,0,0
2025-12-30 00:30:00,14.7 °C,20.5 °C,15.1 °C,1.1 °C,28 °C,29.4 °C,0,0
2025-12-30 01:00:00,14.4 °C,21.0 °C,15.5 °C,-0.1 °C,28 °C,29.6 °C,0,0
2025-12-30 01:30:00,14.0 °C,20.7 °C,15.8 °C,-0.6 °C,28 °C,29.7 °C,0,0
2025-12-30 02:00:00,13.7 °C,20.5 °C,15.4 °C,-0.8 °C,28 °C,29.8 °C,0,0
2025-12-30 02:30:00,13.3 °C,20.6 °C,14.8 °C,-1.9 °C,28 °C,30.0 °C,0,0
2025-12-30 03:00:00,13.5 °C,20.7 °C,14.8 °C,-1.7 °C,28 °C,29.9 °C,0,0
2025-12-30 03:30:00,13.3 °C,20.5 °C,14.9 °C,-1.0 °C,28 °C,29.8 °C,0,0
2025-12-30 04:00:00,12.8 °C,20.0 °C,13.8 °C,-2.4 °C,28 °C,30.1 °C,0,0
2025-12-30 04:30:00,12.5 °C,20.1 °C,13.3 °C,-2.7 °C,28 °C,30.1 °C,0,0
2025-12-30 05:00:00,12.5 °C,19.9 °C,13.4 °C,-1.6 °C,28 °C,29.9 °C,0,0
2025-12-30 05:30:00,12.6 °C,19.9 °C,13.7 °C,-1.0 °C,28 °C,29.8 °C,0,0
2025-12-30 06:00:00,28.8 °C,20.7 °C,30.2 °C,-1.2 °C,28 °C,29.8 °C,80,70
2025-12-30 06:30:00,31.0 °C,20.5 °C,32.2 °C,-0.3 °C,28 °C,29.7 °C,83,74
2025-12-30 07:00:00,31.2 °C,20.6 °C,32.5 °C,-0.1 °C,28 °C,29.6 °C,77,69
2025-12-30 07:30:00,28.7 °C,20.5 °C,30.0 °C,0.3 °C,28 °C,29.5 °C,72,63
2025-12-30 08:00:00,27.5 °C,20.4 °C,29.7 °C,0.2 °C,28 °C,29.6 °C,75,63
2025-12-30 08:30:00,27.2 °C,20.8 °C,29.6 °C,0.9 °C,28 °C,29.4 °C,73,62
2025-12-30 09:00:00,29.7 °C,20.6 °C,31.9 °C,2.2 °C,28 °C,29.2 °C,70,62
2025-12-30 09:30:00,31.4 °C,20.7 °C,33.4 °C,2.5 °C,28 °C,29.1 °C,70,60
2025-12-30 10:00:00,31.5 °C,20.8 °C,33.3 °C,3.5 °C,28 °C,28.9 °C,79,69
2025-12-30 10:30:00,28.7 °C,20.4 °C,30.3 °C,4.0 °C,28 °C,28.8 °C,67,58
2025-12-30 11:00:00,26.1 °C,20.3 °C,27.3 °C,5.2 °C,28 °C,28.6 °C,66,59
2025-12-30 11:30:00,26.7 °C,20.4 °C,28.3 °C,5.4 °C,28 °C,28.5 °C,76,66
2025-12-30 12:00:00,28.7 °C,20.5 °C,31.1 °C,6.7 °C,28 °C,28.3 °C,67,56
2025-12-30 12:30:00,30.4 °C,20.4 °C,32.5 °C,7.4 °C,28 °C,28.1 °C,65,59
2025-12-30 13:00:00,29.9 °C,20.6 °C,32.2 °C,7.7 °C,28 °C,28.1 °C,65,59
2025-12-30 13:30:00,27.5 °C,20.7 °C,29.5 °C,8.0 °C,28 °C,28.0 °C,64,54
2025-12-30 14:00:00,25.2 °C,21.0 °C,27.3 °C,7.8 °C,28 °C,28.0 °C,62,52
2025-12-30 14:30:00,25.4 °C,21.2 °C,26.7 °C,7.5 °C,28 °C,28.1 °C,65,57
2025-12-30 15:00:00,27.3 °C,21.6 °C,28.3 °C,7.6 °C,28 °C,28.1 °C,66,56
2025-12-30 15:30:00,30.8 °C,21.6 °C,31.4 °C,6.8 °C,28 °C,28.2 °C,60,50
2025-12-30 16:00:00,31.4 °C,21.3 °C,32.2 °C,6.3 °C,28 °C,28.3 °C,65,56
2025-12-30 16:30:00,29.1 °C,21.2 °C,29.4 °C,5.6 °C,28 °C,28.5 °C,62,51
2025-12-30 17:00:00,26.0 °C,21.0 °C,25.3 °C,5.8 °C,28 °C,28.4 °C,64,56
2025-12-30 17:30:00,26.6 °C,21.3 °C,25.5 °C,5.8 °C,28 °C,28.4 °C,68,60
2025-12-30 18:00:00,29.4 °C,21.6 °C,28.5 °C,6.2 °C,28 °C,28.4 °C,65,56
2025-12-30 18:30:00,31.9 °C,21.6 °C,30.9 °C,5.5 °C,28 °C,28.5 °C,67,56
2025-12-30 19:00:00,32.5 °C,21.9 °C,31.5 °C,4.5 °C,28 °C,28.7 °C,61,50
2025-12-30 19:30:00,30.0 °C,22.2 °C,29.4 °C,3.1 °C,28 °C,29.0 °C,67,54
2025-12-30 20:00:00,15.8 °C,21.3 °C,16.1 °C,2.8 °C,28 °C,29.0 °C,0,0
2025-12-30 20:30:00,16.1 °C,21.4 °C,16.9 °C,3.1 °C,28 °C,29.0 °C,0,0
2025-12-30 21:00:00,16.6 °C,21.6 °C,16.7 °C,2.5 °C,28 °C,29.1 °C,0,0
2025-12-30 21:30:00,16.0 °C,21.1 °C,16.4 °C,1.9 °C,28 °C,29.2 °C,0,0
2025-12-30 22:00:00,16.0 °C,21.2 °C,15.9 °C,1.3 °C,28 °C,29.3 °C,0,0
2025-12-30 22:30:00,16.0 °C,21.3 °C,16.0 °C,0.9 °C,28 °C,29.4 °C,0,0
2025-12-30 23:00:00,15.7 °C,20.9 °C,15.7 °C,0.9 °C,28 °C,29.4 °C,0,0
2025-12-30 23:30:00,15.8 °C,21.3 °C,16.1 °C,1.5 °C,28 °C,29.3 °C,0,0
2025-12-31 00:00:00,16.1 °C,21.6 °C,16.7 °C,1.1 °C,28 °C,29.4 °C,0,0
2025-12-31 00:30:00,16.2 °C,21.8 °C,16.8 °C,0.9 °C,28 °C,29.4 °C,0,0
2025-12-31 01:00:00,15.8 °C,21.8 °C,16.3 °C,0.2 °C,28 °C,29.6 °C,0,0
2025-12-31 01:30:00,15.1 °C,21.4 °C,16.3 °C,-0.3 °C,28 °C,29.7 °C,0,0
2025-12-31 02:00:00,14.8 °C,21.1 °C,15.3 °C,-0.7 °C,28 °C,29.7 °C,0,0
2025-12-31 02:30:00,14.3 °C,21.0 °C,14.6 °C,-1.2 °C,28 °C,29.8 °C,0,0
2025-12-31 03:00:00,14.3 °C,21.2 °C,14.9 °C,-1.2 °C,28 °C,29.8 °C,0,0
2025-12-31 03:30:00,14.3 °C,21.3 °C,15.1 °C,-0.9 °C,28 °C,29.8 °C,0,0
2025-12-31 04:00:00,14.6 °C,21.6 °C,15.2 °C,-0.9 °C,28 °C,29.8 °C,0,0
2025-12-31 04:30:00,14.7 °C,21.5 °C,15.1 °C,-1.0 °C,28 °C,29.8 °C,0,0
2025-12-31 05:00:00,14.6 °C,21.3 °C,15.3 °C,-0.7 °C,28 °C,29.7 °C,0,0
2025-12-31 05:30:00,14.4 °C,21.3 °C,14.8 °C,-1.1 °C,28 °C,29.8 °C,0,0
2025-12-31 06:00:00,29.5 °C,21.8 °C,32.2 °C,-0.2 °C,28 °C,29.6 °C,75,66
2025-12-31 06:30:00,32.8 °C,22.2 °C,35.4 °C,-0.1 °C,28 °C,29.6 °C,74,65
2025-12-31 07:00:00,32.3 °C,22.1 °C,35.1 °C,-0.3 °C,28 °C,29.7 °C,77,68
2025-12-31 07:30:00,29.8 °C,22.1 °C,32.2 °C,0.5 °C,28 °C,29.5 °C,78,68
2025-12-31 08:00:00,27.3 °C,22.3 °C,29.7 °C,1.4 °C,28 °C,29.3 °C,73,65
2025-12-31 08:30:00,27.1 °C,22.0 °C,29.3 °C,1.4 °C,28 °C,29.3 °C,78,64
2025-12-31 09:00:00,29.1 °C,22.1 °C,31.3 °C,2.4 °C,28 °C,29.1 °C,70,59
2025-12-31 09:30:00,31.5 °C,22.0 °C,32.9 °C,3.4 °C,28 °C,28.9 °C,65,54
2025-12-31 10:00:00,31.3 °C,22.2 °C,32.2 °C,5.1 °C,28 °C,28.6 °C,72,62
2025-12-31 10:30:00,28.4 °C,22.2 °C,30.0 °C,5.4 °C,28 °C,28.5 °C,62,51
2025-12-31 11:00:00,25.2 °C,21.4 °C,27.5 °C,5.7 °C,28 °C,28.5 °C,65,56
2025-12-31 11:30:00,25.1 °C,21.2 °C,26.5 °C,5.7 °C,28 °C,28.5 °C,69,62
2025-12-31 12:00:00,27.2 °C,20.9 °C,28.4 °C,6.4 °C,28 °C,28.3 °C,70,57
2025-12-31 12:30:00,29.9 °C,21.5 °C,30.8 °C,6.7 °C,28 °C,28.3 °C,65,58
2025-12-31 13:00:00,29.4 °C,21.8 °C,30.6 °C,7.5 °C,28 °C,28.1 °C,62,52
2025-12-31 13:30:00,27.1 °C,21.3 °C,28.3 °C,7.4 °C,28 °C,28.1 °C,71,61
2025-12-31 14:00:00,24.0 °C,21.1 °C,25.6 °C,7.8 °C,28 °C,28.0 °C,66,57
2025-12-31 14:30:00,23.6 °C,20.8 °C,24.5 °C,7.6 °C,28 °C,28.1 °C,67,58
2025-12-31 15:00:00,26.1 °C,20.9 °C,27.4 °C,6.5 °C,28 °C,28.3 °C,67,60
2025-12-31 15:30:00,28.6 °C,20.8 °C,29.8 °C,6.9 °C,28 °C,28.2 °C,67,55
2025-12-31 16:00:00,28.7 °C,20.8 °C,29.6 °C,5.7 °C,28 °C,28.5 °C,68,57
2025-12-31 16:30:00,26.6 °C,20.5 °C,27.8 °C,5.5 °C,28 °C,28.5 °C,67,58
2025-12-31 17:00:00,23.7 °C,20.8 °C,24.9 °C,5.3 °C,28 °C,28.5 °C,62,51
2025-12-31 17:30:00,23.9 °C,20.4 °C,25.1 °C,5.0 °C,28 °C,28.6 °C,64,51
2025-12-31 18:00:00,26.6 °C,21.2 °C,28.5 °C,4.7 °C,28 °C,28.7 °C,71,62
2025-12-31 18:30:00,28.7 °C,21.6 °C,30.7 °C,4.4 °C,28 °C,28.7 °C,73,61
2025-12-31 19:00:00,29.1 °C,22.2 °C,32.0 °C,4.2 °C,28 °C,28.8 °C,70,62
2025-12-31 19:30:00,26.1 °C,22.3 °C,27.8 °C,3.6 °C,28 °C,28.9 °C,67,56
2025-12-31 20:00:00,17.3 °C,21.8 °C,16.4 °C,4.7 °C,28 °C,28.7 °C,0,0
2025-12-31 20:30:00,17.0 °C,21.9 °C,16.1 °C,3.8 °C,28 °C,28.8 °C,0,0
2025-12-31 21:00:00,16.5 °C,21.5 °C,15.2 °C,2.4 °C,28 °C,29.1 °C,0,0
2025-12-31 21:30:00,15.7 °C,21.4 °C,14.9 °C,0.9 °C,28 °C,29.4 °C,0,0
2025-12-31 22:00:00,15.9 °C,21.4 °C,14.9 °C,0.8 °C,28 °C,29.4 °C,0,0
2025-12-31 22:30:00,15.5 °C,21.6 °C,14.7 °C,-0.6 °C,28 °C,29.7 °C,0,0
2025-12-31 23:00:00,14.9 °C,21.6 °C,14.7 °C,-1.8 °C,28 °C,30.0 °C,0,0
2025-12-31 23:30:00,14.7 °C,21.6 °C,14.4 °C,-2.9 °C,28 °C,30.2 °C,0,0
2026-01-01 00:00:00,14.4 °C,21.5 °C,14.8 °C,-2.9 °C,28 °C,30.2 °C,0,0
2026-01-01 00:30:00,14.7 °C,21.3 °C,14.8 °C,-2.3 °C,28 °C,30.1 °C,0,0
2026-01-01 01:00:00,13.9 °C,20.9 °C,13.7 °C,-3.0 °C,28 °C,30.2 °C,0,0
2026-01-01 01:30:00,14.0 °C,21.0 °C,13.6 °C,-2.9 °C,28 °C,30.2 °C,0,0
2026-01-01 02:00:00,13.2 °C,20.8 °C,12.8 °C,-4.6 °C,28 °C,30.5 °C,0,0
2026-01-01 02:30:00,13.2 °C,20.5 °C,12.5 °C,-4.9 °C,28 °C,30.6 °C,0,0
2026-01-01 03:00:00,13.5 °C,20.4 °C,13.1 °C,-4.3 °C,28 °C,30.5 °C,0,0
2026-01-01 03:30:00,13.5 °C,20.5 °C,13.3 °C,-4.2 °C,28 °C,30.4 °C,0,0
2026-01-01 04:00:00,13.9 °C,20.7 °C,13.6 °C,-3.3 °C,28 °C,30.3 °C,0,0
2026-01-01 04:30:00,13.9 °C,20.7 °C,13.1 °C,-4.3 °C,28 °C,30.5 °C,0,0
2026-01-01 05:00:00,14.2 °C,20.9 °C,13.5 °C,-4.3 °C,28 °C,30.5 °C,0,0
2026-01-01 05:30:00,14.5 °C,21.3 °C,14.1 °C,-3.4 °C,28 °C,30.3 °C,0,0
2026-01-01 06:00:00,29.5 °C,22.1 °C,31.0 °C,-2.6 °C,28 °C,30.1 °C,76,62
2026-01-01 06:30:00,31.5 °C,22.3 °C,32.5 °C,-1.6 °C,28 °C,29.9 °C,80,69
2026-01-01 07:00:00,31.1 °C,22.1 °C,32.0 °C,-0.9 °C,28 °C,29.8 °C,82,71
2026-01-01 07:30:00,28.5 °C,21.7 °C,29.1 °C,-1.0 °C,28 °C,29.8 °C,77,66
2026-01-01 08:00:00,25.8 °C,21.5 °C,26.9 °C,-0.7 °C,28 °C,29.7 °C,78,71
2026-01-01 08:30:00,25.8 °C,21.3 °C,26.6 °C,1.4 °C,28 °C,29.3 °C,81,71
2026-01-01 09:00:00,28.4 °C,21.2 °C,29.4 °C,1.3 °C,28 °C,29.3 °C,75,67
2026-01-01 09:30:00,31.6 °C,21.7 °C,33.4 °C,1.1 °C,28 °C,29.4 °C,69,59
2026-01-01 10:00:00,31.2 °C,21.6 °C,32.2 °C,2.3 °C,28 °C,29.1 °C,74,65
2026-01-01 10:30:00,28.9 °C,21.5 °C,30.1 °C,2.3 °C,28 °C,29.1 °C,73,63
2026-01-01 11:00:00,26.5 °C,21.6 °C,27.7 °C,4.1 °C,28 °C,28.8 °C,68,60
2026-01-01 11:30:00,26.4 °C,21.3 °C,27.7 °C,6.3 °C,28 °C,28.3 °C,63,52
2026-01-01 12:00:00,28.3 °C,21.3 °C,29.1 °C,6.4 °C,28 °C,28.3 °C,68,57
2026-01-01 12:30:00,30.8 °C,21.5 °C,31.6 °C,6.9 °C,28 °C,28.2 °C,57,46
2026-01-01 13:00:00,31.0 °C,21.9 °C,31.9 °C,6.0 °C,28 °C,28.4 °C,65,53
2026-01-01 13:30:00,28.5 °C,22.2 °C,29.4 °C,6.9 °C,28 °C,28.2 °C,64,54
2026-01-01 14:00:00,26.3 °C,22.3 °C,27.7 °C,5.7 °C,28 °C,28.5 °C,65,57
2026-01-01 14:30:00,27.1 °C,22.2 °C,28.0 °C,5.1 °C,28 °C,28.6 °C,68,57
2026-01-01 15:00:00,29.0 °C,22.1 °C,29.3 °C,5.4 °C,28 °C,28.5 °C,64,52
2026-01-01 15:30:00,30.9 °C,22.1 °C,30.4 °C,5.8 °C,28 °C,28.4 °C,69,62
2026-01-01 16:00:00,30.8 °C,22.1 °C,30.6 °C,4.9 °C,28 °C,28.6 °C,77,66
2026-01-01 16:30:00,28.3 °C,22.0 °C,28.7 °C,4.6 °C,28 °C,28.7 °C,66,58
2026-01-01 17:00:00,26.3 °C,21.8 °C,26.2 °C,3.5 °C,28 °C,28.9 °C,72,62
2026-01-01 17:30:00,26.1 °C,21.9 °C,25.7 °C,3.2 °C,28 °C,29.0 °C,72,64
2026-01-01 18:00:00,29.1 °C,22.0 °C,29.9 °C,2.6 °C,28 °C,29.1 °C,73,63
2026-01-01 18:30:00,31.7 °C,21.8 °C,33.2 °C,2.1 °C,28 °C,29.2 °C,72,62
2026-01-01 19:00:00,31.6 °C,22.1 °C,33.8 °C,2.3 °C,28 °C,29.1 °C,73,63
2026-01-01 19:30:00,28.6 °C,22.1 °C,31.0 °C,2.2 °C,28 °C,29.2 °C,74,63
2026-01-01 20:00:00,14.9 °C,20.8 °C,14.8 °C,2.1 °C,28 °C,29.2 °C,0,0
2026-01-01 20:30:00,15.2 °C,21.1 °C,14.5 °C,1.6 °C,28 °C,29.3 °C,0,0
2026-01-01 21:00:00,15.2 °C,20.9 °C,14.8 °C,1.6 °C,28 °C,29.3 °C,0,0
2026-01-01 21:30:00,14.9 °C,20.8 °C,14.8 °C,1.0 °C,28 °C,29.4 °C,0,0
2026-01-01 22:00:00,14.5 °C,20.7 °C,15.4 °C,0.2 °C,28 °C,29.6 °C,0,0
2026-01-01 22:30:00,14.6 °C,20.9 °C,15.3 °C,0.1 °C,28 °C,29.6 °C,0,0
2026-01-01 23:00:00,14.1 °C,20.9 °C,15.2 °C,-0.6 °C,28 °C,29.7 °C,0,0
2026-01-01 23:30:00,14.3 °C,21.1 °C,14.7 °C,-1.3 °C,28 °C,29.9 °C,0,0
2026-01-02 00:00:00,14.2 °C,20.6 °C,14.9 °C,-1.0 °C,28 °C,29.8 °C,0,0
2026-01-02 00:30:00,13.8 °C,20.4 °C,14.6 °C,-0.8 °C,28 °C,29.8 °C,0,0
2026-01-02 01:00:00,14.1 °C,20.4 °C,14.4 °C,-1.4 °C,28 °C,29.9 °C,0,0
2026-01-02 01:30:00,13.7 °C,20.3 °C,14.7 °C,-1.1 °C,28 °C,29.8 °C,0,0
2026-01-02 02:00:00,13.4 °C,20.3 °C,14.7 °C,-2.2 °C,28 °C,30.0 °C,0,0
2026-01-02 02:30:00,13.7 °C,20.5 °C,14.3 °C,-2.5 °C,28 °C,30.1 °C,0,0
2026-01-02 03:00:00,13.7 °C,20.3 °C,14.0 °C,-2.9 °C,28 °C,30.2 °C,0,0
2026-01-02 03:30:00,13.4 °C,20.2 °C,14.3 °C,-2.8 °C,28 °C,30.2 °C,0,0
2026-01-02 04:00:00,13.5 °C,20.3 °C,14.3 °C,-2.2 °C,28 °C,30.0 °C,0,0
2026-01-02 04:30:00,13.1 °C,19.8 °C,14.2 °C,-1.7 °C,28 °C,29.9 °C,0,0
2026-01-02 05:00:00,13.6 °C,20.2 °C,14.6 °C,-1.2 °C,28 °C,29.8 °C,0,0
2026-01-02 05:30:00,14.0 °C,20.3 °C,15.1 °C,-0.8 °C,28 °C,29.8 °C,0,0
2026-01-02 06:00:00,30.1 °C,21.2 °C,33.0 °C,-0.6 °C,28 °C,29.7 °C,79,70
2026-01-02 06:30:00,31.8 °C,21.2 °C,35.0 °C,0.5 °C,28 °C,29.5 °C,75,71
2026-01-02 07:00:00,31.3 °C,21.4 °C,34.0 °C,-0.0 °C,28 °C,29.6 °C,71,58
2026-01-02 07:30:00,29.1 °C,21.4 °C,31.7 °C,0.1 °C,28 °C,29.6 °C,77,64
2026-01-02 08:00:00,27.1 °C,21.7 °C,29.9 °C,1.0 °C,28 °C,29.4 °C,78,66
2026-01-02 08:30:00,26.7 °C,21.3 °C,29.0 °C,2.5 °C,28 °C,29.1 °C,75,65
2026-01-02 09:00:00,29.5 °C,21.3 °C,31.7 °C,2.8 °C,28 °C,29.0 °C,69,57
2026-01-02 09:30:00,32.1 °C,21.4 °C,34.1 °C,3.1 °C,28 °C,29.0 °C,67,58
2026-01-02 10:00:00,31.5 °C,21.5 °C,34.0 °C,2.9 °C,28 °C,29.0 °C,75,62
2026-01-02 10:30:00,28.8 °C,21.9 °C,32.0 °C,3.2 °C,28 °C,29.0 °C,73,62
2026-01-02 11:00:00,26.6 °C,21.5 °C,29.2 °C,4.2 °C,28 °C,28.8 °C,67,56
2026-01-02 11:30:00,26.1 °C,21.2 °C,28.6 °C,5.7 °C,28 °C,28.5 °C,65,57
2026-01-02 12:00:00,28.8 °C,21.1 °C,31.0 °C,5.9 °C,28 °C,28.4 °C,67,57
2026-01-02 12:30:00,31.0 °C,20.7 °C,33.3 °C,5.7 °C,28 °C,28.5 °C,70,57
2026-01-02 13:00:00,31.2 °C,21.4 °C,34.3 °C,6.1 °C,28 °C,28.4 °C,65,56
2026-01-02 13:30:00,29.1 °C,21.7 °C,32.2 °C,5.4 °C,28 °C,28.5 °C,63,51
2026-01-02 14:00:00,26.3 °C,21.8 °C,29.1 °C,6.4 °C,28 °C,28.3 °C,60,48
2026-01-02 14:30:00,26.7 °C,22.0 °C,28.7 °C,5.8 °C,28 °C,28.4 °C,64,57
2026-01-02 15:00:00,28.1 °C,22.3 °C,30.6 °C,6.1 °C,28 °C,28.4 °C,64,53
2026-01-02 15:30:00,30.1 °C,22.1 °C,32.3 °C,6.3 °C,28 °C,28.3 °C,63,54
2026-01-02 16:00:00,29.9 °C,21.9 °C,31.7 °C,6.6 °C,28 °C,28.3 °C,70,59
2026-01-02 16:30:00,28.0 °C,22.0 °C,30.0 °C,6.6 °C,28 °C,28.3 °C,61,51
2026-01-02 17:00:00,25.1 °C,21.8 °C,27.4 °C,6.3 °C,28 °C,28.3 °C,64,57
2026-01-02 17:30:00,25.2 °C,21.6 °C,27.2 °C,6.2 °C,28 °C,28.4 °C,73,63
2026-01-02 18:00:00,27.8 °C,21.5 °C,29.4 °C,6.3 °C,28 °C,28.3 °C,64,53
2026-01-02 18:30:00,30.3 °C,21.6 °C,32.6 °C,6.8 °C,28 °C,28.2 °C,65,53
2026-01-02 19:00:00,30.5 °C,21.8 °C,33.2 °C,5.5 °C,28 °C,28.5 °C,72,63
2026-01-02 19:30:00,28.2 °C,21.5 °C,31.3 °C,3.8 °C,28 °C,28.8 °C,70,61
2026-01-02 20:00:00,15.0 °C,20.6 °C,15.0 °C,2.3 °C,28 °C,29.1 °C,0,0
2026-01-02 20:30:00,14.7 °C,20.6 °C,14.8 °C,0.8 °C,28 °C,29.4 °C,0,0
2026-01-02 21:00:00,13.7 °C,20.3 °C,14.8 °C,-0.3 °C,28 °C,29.7 °C,0,0
2026-01-02 21:30:00,14.0 °C,20.4 °C,15.0 °C,-1.5 °C,28 °C,29.9 °C,0,0
2026-01-02 22:00:00,14.0 °C,20.4 °C,14.5 °C,-2.0 °C,28 °C,30.0 °C,0,0
2026-01-02 22:30:00,13.9 °C,20.2 °C,14.3 °C,-1.7 °C,28 °C,29.9 °C,0,0
2026-01-02 23:00:00,14.0 °C,20.2 °C,13.7 °C,-1.7 °C,28 °C,29.9 °C,0,0
2026-01-02 23:30:00,13.6 °C,20.4 °C,13.4 °C,-2.4 °C,28 °C,30.1 °C,0,0
2026-01-03 00:00:00,13.5 °C,20.7 °C,13.3 °C,-3.0 °C,28 °C,30.2 °C,0,0
2026-01-03 00:30:00,14.1 °C,20.8 °C,13.8 °C,-2.0 °C,28 °C,30.0 °C,0,0
2026-01-03 01:00:00,14.6 °C,21.2 °C,13.9 °C,-1.9 °C,28 °C,30.0 °C,0,0
2026-01-03 01:30:00,14.7 °C,21.5 °C,14.1 °C,-2.0 °C,28 °C,30.0 °C,0,0
2026-01-03 02:00:00,14.7 °C,21.5 °C,14.2 °C,-2.1 °C,28 °C,30.0 °C,0,0
2026-01-03 02:30:00,14.7 °C,21.3 °C,13.8 °C,-2.4 °C,28 °C,30.1 °C,0,0
2026-01-03 03:00:00,15.4 °C,21.5 °C,14.6 °C,-1.2 °C,28 °C,29.8 °C,0,0
2026-01-03 03:30:00,14.6 °C,21.3 °C,14.2 °C,-1.4 °C,28 °C,29.9 °C,0,0
2026-01-03 04:00:00,14.7 °C,21.4 °C,14.5 °C,-1.3 °C,28 °C,29.9 °C,0,0
2026-01-03 04:30:00,14.0 °C,20.7 °C,13.4 °C,-2.2 °C,28 °C,30.0 °C,0,0
2026-01-03 05:00:00,13.5 °C,20.6 °C,13.1 °C,-2.3 °C,28 °C,30.1 °C,0,0
2026-01-03 05:30:00,13.1 °C,20.3 °C,13.2 °C,-2.2 °C,28 °C,30.0 °C,0,0
2026-01-03 06:00:00,13.7 °C,20.3 °C,13.0 °C,-1.5 °C,28 °C,29.9 °C,0,0
2026-01-03 06:30:00,13.3 °C,19.9 °C,13.0 °C,-1.4 °C,28 °C,29.9 °C,0,0
2026-01-03 07:00:00,32.1 °C,20.9 °C,34.1 °C,-0.8 °C,28 °C,29.8 °C,81,69
2026-01-03 07:30:00,29.2 °C,21.1 °C,31.8 °C,-0.6 °C,28 °C,29.7 °C,78,62
2026-01-03 08:00:00,25.9 °C,21.0 °C,28.7 °C,-0.6 °C,28 °C,29.7 °C,81,71
2026-01-03 08:30:00,26.0 °C,21.0 °C,28.9 °C,-0.5 °C,28 °C,29.7 °C,77,68
2026-01-03 09:00:00,28.1 °C,21.1 °C,31.6 °C,0.2 °C,28 °C,29.6 °C,76,64
2026-01-03 09:30:00,30.5 °C,21.2 °C,33.6 °C,1.0 °C,28 °C,29.4 °C,74,66
2026-01-03 10:00:00,30.5 °C,21.6 °C,33.0 °C,1.7 °C,28 °C,29.3 °C,73,62
2026-01-03 10:30:00,27.7 °C,21.4 °C,30.6 °C,1.9 °C,28 °C,29.2 °C,74,64
2026-01-03 11:00:00,26.2 °C,21.6 °C,28.3 °C,2.5 °C,28 °C,29.1 °C,72,63
2026-01-03 11:30:00,26.1 °C,21.6 °C,27.9 °C,3.0 °C,28 °C,29.0 °C,75,67
2026-01-03 12:00:00,28.4 °C,21.3 °C,30.9 °C,3.0 °C,28 °C,29.0 °C,76,64
2026-01-03 12:30:00,30.7 °C,21.3 °C,32.4 °C,3.7 °C,28 °C,28.9 °C,74,62
2026-01-03 13:00:00,30.7 °C,21.3 °C,32.5 °C,5.3 °C,28 °C,28.5 °C,72,62
2026-01-03 13:30:00,28.0 °C,21.3 °C,29.1 °C,5.6 °C,28 °C,28.5 °C,64,57
2026-01-03 14:00:00,16.6 °C,20.8 °C,15.7 °C,5.0 °C,28 °C,28.6 °C,0,0
2026-01-03 14:30:00,16.9 °C,21.2 °C,16.0 °C,6.1 °C,28 °C,28.4 °C,0,0
2026-01-03 15:00:00,17.0 °C,20.9 °C,16.3 °C,7.0 °C,28 °C,28.2 °C,0,0
2026-01-03 15:30:00,18.0 °C,21.1 °C,16.9 °C,7.8 °C,28 °C,28.0 °C,0,0
2026-01-03 16:00:00,17.8 °C,21.2 °C,17.5 °C,7.5 °C,28 °C,28.1 °C,0,0
2026-01-03 16:30:00,17.8 °C,21.2 °C,16.9 °C,6.8 °C,28 °C,28.2 °C,0,0
2026-01-03 17:00:00,17.5 °C,20.9 °C,17.0 °C,5.9 °C,28 °C,28.4 °C,0,0
2026-01-03 17:30:00,17.2 °C,20.7 °C,16.8 °C,6.3 °C,28 °C,28.3 °C,0,0
2026-01-03 18:00:00,17.9 °C,20.8 °C,17.0 °C,6.8 °C,28 °C,28.2 °C,0,0
2026-01-03 18:30:00,17.3 °C,20.9 °C,16.7 °C,5.7 °C,28 °C,28.5 °C,0,0
2026-01-03 19:00:00,16.5 °C,20.8 °C,16.1 °C,3.6 °C,28 °C,28.9 °C,0,0
2026-01-03 19:30:00,16.7 °C,21.2 °C,16.3 °C,3.1 °C,28 °C,29.0 °C,0,0
2026-01-03 20:00:00,16.5 °C,21.5 °C,16.5 °C,2.1 °C,28 °C,29.2 °C,0,0
2026-01-03 20:30:00,17.1 °C,21.8 °C,16.3 °C,1.2 °C,28 °C,29.4 °C,0,0
2026-01-03 21:00:00,16.7 °C,22.1 °C,16.3 °C,0.7 °C,28 °C,29.5 °C,0,0
2026-01-03 21:30:00,16.8 °C,21.9 °C,15.8 °C,0.5 °C,28 °C,29.5 °C,0,0
2026-01-03 22:00:00,15.5 °C,21.5 °C,15.4 °C,-0.5 °C,28 °C,29.7 °C,0,0
2026-01-03 22:30:00,14.5 °C,21.3 °C,15.2 °C,-0.8 °C,28 °C,29.8 °C,0,0
2026-01-03 23:00:00,14.4 °C,21.3 °C,14.7 °C,-1.3 °C,28 °C,29.9 °C,0,0
2026-01-03 23:30:00,13.9 °C,21.1 °C,13.7 °C,-3.0 °C,28 °C,30.2 °C,0,0
2026-01-04 00:00:00,14.2 °C,20.9 °C,13.7 °C,-2.9 °C,28 °C,30.2 °C,0,0
2026-01-04 00:30:00,14.2 °C,20.6 °C,13.7 °C,-3.4 °C,28 °C,30.3 °C,0,0
2026-01-04 01:00:00,14.1 °C,20.8 °C,14.0 °C,-4.3 °C,28 °C,30.5 °C,0,0
2026-01-04 01:30:00,14.3 °C,21.2 °C,13.7 °C,-4.7 °C,28 °C,30.5 °C,0,0
2026-01-04 02:00:00,14.7 °C,21.8 °C,14.4 °C,-4.5 °C,28 °C,30.5 °C,0,0
2026-01-04 02:30:00,15.0 °C,21.8 °C,14.6 °C,-4.4 °C,28 °C,30.5 °C,0,0
2026-01-04 03:00:00,14.7 °C,21.6 °C,15.0 °C,-3.8 °C,28 °C,30.4 °C,0,0
2026-01-04 03:30:00,14.5 °C,21.5 °C,15.2 °C,-3.4 °C,28 °C,30.3 °C,0,0
2026-01-04 04:00:00,14.7 °C,21.8 °C,15.0 °C,-3.8 °C,28 °C,30.4 °C,0,0
2026-01-04 04:30:00,14.7 °C,22.0 °C,14.9 °C,-5.3 °C,28 °C,30.7 °C,0,0
2026-01-04 05:00:00,15.0 °C,21.8 °C,14.1 °C,-4.6 °C,28 °C,30.5 °C,0,0
2026-01-04 05:30:00,15.3 °C,22.0 °C,14.2 °C,-3.6 °C,28 °C,30.3 °C,0,0
2026-01-04 06:00:00,15.2 °C,22.0 °C,14.0 °C,-3.1 °C,28 °C,30.2 °C,0,0
2026-01-04 06:30:00,15.4 °C,21.7 °C,14.0 °C,-2.1 °C,28 °C,30.0 °C,0,0
2026-01-04 07:00:00,14.9 °C,21.5 °C,13.5 °C,-2.0 °C,28 °C,30.0 °C,0,0
2026-01-04 07:30:00,15.7 °C,21.9 °C,13.8 °C,-1.5 °C,28 °C,29.9 °C,0,0
2026-01-04 08:00:00,15.6 °C,22.0 °C,13.9 °C,-1.3 °C,28 °C,29.9 °C,0,0
2026-01-04 08:30:00,15.7 °C,21.7 °C,14.1 °C,-0.1 °C,28 °C,29.6 °C,0,0
2026-01-04 09:00:00,16.0 °C,21.9 °C,14.5 °C,0.1 °C,28 °C,29.6 °C,0,0
2026-01-04 09:30:00,16.4 °C,21.9 °C,14.8 °C,2.1 °C,28 °C,29.2 °C,0,0
2026-01-04 10:00:00,16.0 °C,21.7 °C,14.8 °C,2.5 °C,28 °C,29.1 °C,0,0
2026-01-04 10:30:00,16.4 °C,21.5 °C,15.0 °C,3.6 °C,28 °C,28.9 °C,0,0
2026-01-04 11:00:00,16.0 °C,21.1 °C,14.4 °C,3.9 °C,28 °C,28.8 °C,0,0
2026-01-04 11:30:00,16.1 °C,20.7 °C,14.6 °C,5.2 °C,28 °C,28.6 °C,0,0
2026-01-04 12:00:00,16.4 °C,20.5 °C,15.1 °C,6.4 °C,28 °C,28.3 °C,0,0
2026-01-04 12:30:00,15.9 °C,20.5 °C,15.5 °C,6.5 °C,28 °C,28.3 °C,0,0
2026-01-04 13:00:00,16.1 °C,20.8 °C,15.5 °C,6.9 °C,28 °C,28.2 °C,0,0
2026-01-04 13:30:00,16.6 °C,21.1 °C,16.0 °C,7.8 °C,28 °C,28.0 °C,0,0
2026-01-04 14:00:00,17.1 °C,21.1 °C,16.6 °C,8.1 °C,28 °C,28.0 °C,0,0
2026-01-04 14:30:00,16.4 °C,20.6 °C,15.6 °C,7.5 °C,28 °C,28.1 °C,0,0
2026-01-04 15:00:00,16.2 °C,20.7 °C,15.7 °C,7.5 °C,28 °C,28.1 °C,0,0
2026-01-04 15:30:00,16.0 °C,20.3 °C,14.9 °C,6.9 °C,28 °C,28.2 °C,0,0
2026-01-04 16:00:00,16.4 °C,20.5 °C,15.1 °C,6.8 °C,28 °C,28.2 °C,0,0
2026-01-04 16:30:00,16.6 °C,20.8 °C,15.0 °C,6.2 °C,28 °C,28.4 °C,0,0
2026-01-04 17:00:00,16.6 °C,20.8 °C,15.2 °C,6.1 °C,28 °C,28.4 °C,0,0
2026-01-04 17:30:00,16.2 °C,21.0 °C,15.0 °C,4.7 °C,28 °C,28.7 °C,0,0
2026-01-04 18:00:00,16.3 °C,21.2 °C,14.6 °C,3.8 °C,28 °C,28.8 °C,0,0
2026-01-04 18:30:00,16.0 °C,21.2 °C,14.9 °C,3.0 °C,28 °C,29.0 °C,0,0
2026-01-04 19:00:00,15.9 °C,21.1 °C,14.9 °C,2.6 °C,28 °C,29.1 °C,0,0
2026-01-04 19:30:00,15.2 °C,20.8 °C,14.6 °C,1.4 °C,28 °C,29.3 °C,0,0
2026-01-04 20:00:00,14.8 °C,20.7 °C,14.0 °C,0.5 °C,28 °C,29.5 °C,0,0
2026-01-04 20:30:00,14.8 °C,20.5 °C,13.9 °C,0.7 °C,28 °C,29.5 °C,0,0
2026-01-04 21:00:00,14.1 °C,20.2 °C,14.1 °C,0.8 °C,28 °C,29.4 °C,0,0
2026-01-04 21:30:00,13.8 °C,20.1 °C,13.2 °C,-1.1 °C,28 °C,29.8 °C,0,0
2026-01-04 22:00:00,13.3 °C,19.7 °C,12.8 °C,-1.8 °C,28 °C,30.0 °C,0,0
2026-01-04 22:30:00,13.0 °C,20.0 °C,13.2 °C,-1.3 °C,28 °C,29.9 °C,0,0
2026-01-04 23:00:00,13.1 °C,20.2 °C,12.6 °C,-1.4 °C,28 °C,29.9 °C,0,0
2026-01-04 23:30:00,13.3 °C,20.5 °C,12.9 °C,-1.5 °C,28 °C,29.9 °C,0,0
2026-01-05 00:00:00,13.3 °C,20.8 °C,13.0 °C,-1.6 °C,28 °C,29.9 °C,0,0
2026-01-05 00:30:00,13.6 °C,20.9 °C,12.9 °C,-2.5 °C,28 °C,30.1 °C,0,0
2026-01-05 01:00:00,14.0 °C,21.1 °C,12.9 °C,-2.6 °C,28 °C,30.1 °C,0,0
2026-01-05 01:30:00,14.0 °C,21.1 °C,12.6 °C,-2.5 °C,28 °C,30.1 °C,0,0
2026-01-05 02:00:00,14.2 °C,21.4 °C,12.7 °C,-2.6 °C,28 °C,30.1 °C,0,0
2026-01-05 02:30:00,14.0 °C,21.2 °C,12.5 °C,-2.9 °C,28 °C,30.2 °C,0,0
2026-01-05 03:00:00,13.6 °C,21.2 °C,12.8 °C,-2.9 °C,28 °C,30.2 °C,0,0
2026-01-05 03:30:00,14.0 °C,21.0 °C,12.5 °C,-3.5 °C,28 °C,30.3 °C,0,0
2026-01-05 04:00:00,14.5 °C,21.5 °C,13.1 °C,-2.9 °C,28 °C,30.2 °C,0,0
2026-01-05 04:30:00,14.6 °C,21.3 °C,13.0 °C,-3.5 °C,28 °C,30.3 °C,0,0
2026-01-05 05:00:00,14.5 °C,21.6 °C,13.1 °C,-3.6 °C,28 °C,30.3 °C,0,0
2026-01-05 05:30:00,14.6 °C,21.2 °C,13.4 °C,-2.7 °C,28 °C,30.1 °C,0,0
2026-01-05 06:00:00,31.7 °C,22.0 °C,33.4 °C,-2.0 °C,28 °C,30.0 °C,81,71
2026-01-05 06:30:00,34.3 °C,22.0 °C,36.2 °C,-1.7 °C,28 °C,29.9 °C,79,69
2026-01-05 07:00:00,33.5 °C,21.7 °C,35.6 °C,-2.2 °C,28 °C,30.0 °C,82,73
2026-01-05 07:30:00,31.3 °C,21.5 °C,33.8 °C,-1.4 °C,28 °C,29.9 °C,79,71
2026-01-05 08:00:00,28.1 °C,21.7 °C,30.1 °C,-1.1 °C,28 °C,29.8 °C,78,69
2026-01-05 08:30:00,28.2 °C,21.6 °C,29.8 °C,-0.0 °C,28 °C,29.6 °C,71,60
2026-01-05 09:00:00,30.2 °C,21.4 °C,32.5 °C,0.4 °C,28 °C,29.5 °C,77,69
2026-01-05 09:30:00,32.3 °C,21.6 °C,34.8 °C,0.1 °C,28 °C,29.6 °C,81,69
2026-01-05 10:00:00,33.0 °C,21.6 °C,35.2 °C,0.1 °C,28 °C,29.6 °C,72,63
2026-01-05 10:30:00,30.3 °C,21.7 °C,31.6 °C,0.8 °C,28 °C,29.4 °C,73,63
2026-01-05 11:00:00,27.0 °C,22.0 °C,27.7 °C,1.7 °C,28 °C,29.3 °C,72,59
2026-01-05 11:30:00,27.3 °C,22.3 °C,27.7 °C,1.7 °C,28 °C,29.3 °C,73,63
2026-01-05 12:00:00,29.2 °C,21.7 °C,29.4 °C,2.0 °C,28 °C,29.2 °C,71,63
2026-01-05 12:30:00,31.9 °C,21.7 °C,32.5 °C,3.2 °C,28 °C,29.0 °C,75,65
2026-01-05 13:00:00,31.6 °C,21.3 °C,31.7 °C,4.5 °C,28 °C,28.7 °C,75,66
2026-01-05 13:30:00,28.5 °C,22.0 °C,28.5 °C,5.0 °C,28 °C,28.6 °C,69,58
2026-01-05 14:00:00,26.4 °C,22.0 °C,25.9 °C,5.2 °C,28 °C,28.6 °C,66,55
2026-01-05 14:30:00,26.6 °C,22.2 °C,26.2 °C,5.1 °C,28 °C,28.6 °C,69,61
2026-01-05 15:00:00,28.0 °C,22.0 °C,29.0 °C,5.6 °C,28 °C,28.5 °C,64,53
2026-01-05 15:30:00,30.5 °C,21.9 °C,32.2 °C,5.4 °C,28 °C,28.5 °C,67,55
2026-01-05 16:00:00,30.5 °C,22.1 °C,32.6 °C,6.0 °C,28 °C,28.4 °C,68,54
2026-01-05 16:30:00,28.2 °C,22.2 °C,29.9 °C,6.4 °C,28 °C,28.3 °C,68,56
2026-01-05 17:00:00,25.7 °C,22.6 °C,26.9 °C,6.4 °C,28 °C,28.3 °C,68,55
2026-01-05 17:30:00,26.1 °C,22.3 °C,27.4 °C,5.7 °C,28 °C,28.5 °C,66,53
2026-01-05 18:00:00,28.9 °C,22.2 °C,29.5 °C,5.1 °C,28 °C,28.6 °C,69,56
2026-01-05 18:30:00,31.6 °C,22.3 °C,32.6 °C,3.7 °C,28 °C,28.9 °C,69,57
2026-01-05 19:00:00,31.5 °C,22.4 °C,32.6 °C,3.3 °C,28 °C,28.9 °C,74,62
2026-01-05 19:30:00,29.3 °C,22.4 °C,30.4 °C,2.8 °C,28 °C,29.0 °C,73,66
2026-01-05 20:00:00,15.0 °C,21.1 °C,14.0 °C,1.5 °C,28 °C,29.3 °C,0,0
2026-01-05 20:30:00,15.7 °C,20.8 °C,14.2 °C,2.6 °C,28 °C,29.1 °C,0,0
2026-01-05 21:00:00,16.0 °C,20.9 °C,14.7 °C,2.3 °C,28 °C,29.1 °C,0,0
2026-01-05 21:30:00,15.1 °C,20.5 °C,14.0 °C,1.2 °C,28 °C,29.4 °C,0,0
2026-01-05 22:00:00,14.9 °C,20.3 °C,14.5 °C,1.9 °C,28 °C,29.2 °C,0,0
2026-01-05 22:30:00,14.6 °C,20.4 °C,14.5 °C,0.9 °C,28 °C,29.4 °C,0,0
2026-01-05 23:00:00,14.2 °C,20.2 °C,15.1 °C,0.9 °C,28 °C,29.4 °C,0,0
2026-01-05 23:30:00,14.1 °C,20.3 °C,15.1 °C,0.3 °C,28 °C,29.5 °C,0,0
2026-01-06 00:00:00,13.7 °C,20.4 °C,14.8 °C,-0.5 °C,28 °C,29.7 °C,0,0
2026-01-06 00:30:00,13.5 °C,20.2 °C,14.4 °C,-1.2 °C,28 °C,29.8 °C,0,0
2026-01-06 01:00:00,13.6 °C,20.1 °C,14.5 °C,-0.7 °C,28 °C,29.7 °C,0,0
2026-01-06 01:30:00,14.2 °C,20.5 °C,14.7 °C,-0.5 °C,28 °C,29.7 °C,0,0
2026-01-06 02:00:00,14.0 °C,20.6 °C,14.5 °C,-0.9 °C,28 °C,29.8 °C,0,0
2026-01-06 02:30:00,13.2 °C,20.7 °C,14.2 °C,-2.4 °C,28 °C,30.1 °C,0,0
2026-01-06 03:00:00,13.2 °C,20.7 °C,14.0 °C,-2.3 °C,28 °C,30.1 °C,0,0
2026-01-06 03:30:00,12.7 °C,20.5 °C,13.1 °C,-3.0 °C,28 °C,30.2 °C,0,0
2026-01-06 04:00:00,13.2 °C,20.4 °C,12.8 °C,-2.5 °C,28 °C,30.1 °C,0,0
2026-01-06 04:30:00,13.0 °C,19.8 °C,12.9 °C,-2.7 °C,28 °C,30.1 °C,0,0
2026-01-06 05:00:00,13.3 °C,19.8 °C,12.8 °C,-2.7 °C,28 °C,30.1 °C,0,0
2026-01-06 05:30:00,13.5 °C,19.7 °C,13.0 °C,-2.7 °C,28 °C,30.1 °C,0,0
2026-01-06 06:00:00,29.5 °C,20.9 °C,29.0 °C,-1.6 °C,28 °C,29.9 °C,80,72
2026-01-06 06:30:00,32.5 °C,20.8 °C,32.1 °C,-2.1 °C,28 °C,30.0 °C,82,69
2026-01-06 07:00:00,32.3 °C,21.1 °C,33.5 °C,-1.1 °C,28 °C,29.8 °C,79,66
2026-01-06 07:30:00,29.4 °C,21.1 °C,30.3 °C,-0.2 °C,28 °C,29.6 °C,71,62
2026-01-06 08:00:00,27.0 °C,21.2 °C,28.4 °C,0.3 °C,28 °C,29.5 °C,76,65
2026-01-06 08:30:00,27.3 °C,21.2 °C,28.6 °C,0.7 °C,28 °C,29.5 °C,80,68
2026-01-06 09:00:00,28.8 °C,21.4 °C,30.4 °C,1.7 °C,28 °C,29.3 °C,75,68
2026-01-06 09:30:00,29.9 °C,21.8 °C,31.0 °C,2.0 °C,28 °C,29.2 °C,72,60
2026-01-06 10:00:00,30.0 °C,21.5 °C,30.4 °C,2.4 °C,28 °C,29.1 °C,74,64
2026-01-06 10:30:00,27.3 °C,22.0 °C,28.6 °C,3.1 °C,28 °C,29.0 °C,68,60
2026-01-06 11:00:00,25.2 °C,21.7 °C,25.9 °C,4.7 °C,28 °C,28.7 °C,71,60
2026-01-06 11:30:00,25.3 °C,21.7 °C,26.8 °C,4.3 °C,28 °C,28.7 °C,68,60
2026-01-06 12:00:00,27.8 °C,21.6 °C,29.2 °C,5.1 °C,28 °C,28.6 °C,69,60
2026-01-06 12:30:00,30.1 °C,21.9 °C,31.2 °C,5.4 °C,28 °C,28.5 °C,65,55
2026-01-06 13:00:00,29.6 °C,21.7 °C,30.5 °C,5.6 °C,28 °C,28.5 °C,68,57
2026-01-06 13:30:00,27.4 °C,21.8 °C,29.2 °C,5.0 °C,28 °C,28.6 °C,61,54
2026-01-06 14:00:00,24.7 °C,21.3 °C,26.2 °C,4.3 °C,28 °C,28.7 °C,68,60
2026-01-06 14:30:00,24.2 °C,21.5 °C,25.6 °C,4.8 °C,28 °C,28.6 °C,66,58
2026-01-06 15:00:00,26.5 °C,21.5 °C,28.4 °C,4.3 °C,28 °C,28.7 °C,67,58
2026-01-06 15:30:00,28.5 °C,21.4 °C,30.7 °C,5.1 °C,28 °C,28.6 °C,58,47
2026-01-06 16:00:00,28.8 °C,21.3 °C,32.0 °C,4.5 °C,28 °C,28.7 °C,67,53
2026-01-06 16:30:00,26.4 °C,21.3 °C,30.0 °C,4.8 °C,28 °C,28.6 °C,69,60
2026-01-06 17:00:00,24.4 °C,21.2 °C,27.5 °C,4.4 °C,28 °C,28.7 °C,67,56
2026-01-06 17:30:00,24.1 °C,20.9 °C,27.7 °C,3.8 °C,28 °C,28.8 °C,72,62
2026-01-06 18:00:00,26.8 °C,20.8 °C,29.3 °C,3.1 °C,28 °C,29.0 °C,74,69
2026-01-06 18:30:00,29.2 °C,21.1 °C,32.1 °C,3.1 °C,28 °C,29.0 °C,72,65
2026-01-06 19:00:00,29.5 °C,21.1 °C,31.9 °C,3.2 °C,28 °C,29.0 °C,72,63
2026-01-06 19:30:00,27.5 °C,20.9 °C,30.2 °C,2.6 °C,28 °C,29.1 °C,73,63
2026-01-06 20:00:00,15.7 °C,20.1 °C,14.4 °C,2.5 °C,28 °C,29.1 °C,0,0
2026-01-06 20:30:00,15.5 °C,20.3 °C,14.4 °C,2.0 °C,28 °C,29.2 °C,0,0
2026-01-06 21:00:00,14.9 °C,20.5 °C,14.9 °C,0.7 °C,28 °C,29.5 °C,0,0
2026-01-06 21:30:00,14.7 °C,20.6 °C,14.4 °C,0.5 °C,28 °C,29.5 °C,0,0
2026-01-06 22:00:00,15.3 °C,20.9 °C,15.0 °C,-0.2 °C,28 °C,29.6 °C,0,0
2026-01-06 22:30:00,15.1 °C,20.9 °C,14.9 °C,-2.2 °C,28 °C,30.0 °C,0,0
2026-01-06 23:00:00,15.1 °C,20.9 °C,14.6 °C,-2.7 °C,28 °C,30.1 °C,0,0
2026-01-06 23:30:00,14.8 °C,21.1 °C,14.5 °C,-3.9 °C,28 °C,30.4 °C,0,0
2026-01-07 00:00:00,14.2 °C,20.9 °C,13.9 °C,-4.8 °C,28 °C,30.6 °C,0,0
2026-01-07 00:30:00,13.6 °C,20.8 °C,13.6 °C,-5.0 °C,28 °C,30.6 °C,0,0
2026-01-07 01:00:00,13.3 °C,20.4 °C,13.3 °C,-5.0 °C,28 °C,30.6 °C,0,0
2026-01-07 01:30:00,13.2 °C,20.9 °C,13.2 °C,-5.4 °C,28 °C,30.7 °C,0,0
2026-01-07 02:00:00,13.9 °C,21.4 °C,13.8 °C,-5.0 °C,28 °C,30.6 °C,0,0
2026-01-07 02:30:00,13.8 °C,21.3 °C,13.8 °C,-4.9 °C,28 °C,30.6 °C,0,0
2026-01-07 03:00:00,14.1 °C,21.4 °C,13.5 °C,-4.9 °C,28 °C,30.6 °C,0,0
2026-01-07 03:30:00,14.3 °C,21.5 °C,13.9 °C,-4.6 °C,28 °C,30.5 °C,0,0
2026-01-07 04:00:00,14.1 °C,21.5 °C,14.4 °C,-3.6 °C,28 °C,30.3 °C,0,0
2026-01-07 04:30:00,13.9 °C,21.7 °C,14.6 °C,-4.5 °C,28 °C,30.5 °C,0,0
2026-01-07 05:00:00,14.1 °C,21.3 °C,14.4 °C,-3.2 °C,28 °C,30.2 °C,0,0
2026-01-07 05:30:00,14.1 °C,21.2 °C,14.7 °C,-3.1 °C,28 °C,30.2 °C,0,0
2026-01-07 06:00:00,28.8 °C,21.6 °C,29.3 °C,-3.1 °C,28 °C,30.2 °C,80,72
2026-01-07 06:30:00,31.5 °C,21.3 °C,32.1 °C,-2.7 °C,28 °C,30.1 °C,80,72
2026-01-07 07:00:00,31.8 °C,21.0 °C,32.6 °C,-2.5 °C,28 °C,30.1 °C,78,69
2026-01-07 07:30:00,29.0 °C,20.6 °C,30.0 °C,-2.4 °C,28 °C,30.1 °C,80,70
2026-01-07 08:00:00,26.5 °C,20.6 °C,27.4 °C,-1.0 °C,28 °C,29.8 °C,81,72
2026-01-07 08:30:00,26.1 °C,20.8 °C,27.4 °C,-0.2 °C,28 °C,29.6 °C,77,64
2026-01-07 09:00:00,28.8 °C,20.7 °C,30.6 °C,-0.6 °C,28 °C,29.7 °C,78,67
2026-01-07 09:30:00,31.2 °C,20.7 °C,33.4 °C,0.7 °C,28 °C,29.5 °C,80,73
2026-01-07 10:00:00,31.0 °C,20.6 °C,33.2 °C,1.8 °C,28 °C,29.2 °C,70,62
2026-01-07 10:30:00,29.0 °C,20.7 °C,30.5 °C,1.6 °C,28 °C,29.3 °C,71,59
2026-01-07 11:00:00,26.4 °C,20.7 °C,28.7 °C,2.5 °C,28 °C,29.1 °C,73,64
2026-01-07 11:30:00,26.3 °C,20.5 °C,28.7 °C,3.5 °C,28 °C,28.9 °C,66,54
2026-01-07 12:00:00,29.6 °C,20.9 °C,32.1 °C,3.1 °C,28 °C,29.0 °C,73,62
2026-01-07 12:30:00,32.0 °C,20.7 °C,34.1 °C,3.9 °C,28 °C,28.8 °C,68,61
2026-01-07 13:00:00,31.6 °C,20.5 °C,33.6 °C,4.0 °C,28 °C,28.8 °C,69,55
2026-01-07 13:30:00,28.8 °C,20.8 °C,31.3 °C,4.8 °C,28 °C,28.6 °C,71,59
2026-01-07 14:00:00,26.7 °C,20.5 °C,29.6 °C,4.5 °C,28 °C,28.7 °C,65,56
2026-01-07 14:30:00,26.9 °C,20.9 °C,29.6 °C,5.5 °C,28 °C,28.5 °C,62,52
2026-01-07 15:00:00,29.2 °C,20.7 °C,32.6 °C,5.5 °C,28 °C,28.5 °C,61,51
2026-01-07 15:30:00,31.0 °C,20.9 °C,33.8 °C,5.2 °C,28 °C,28.6 °C,69,61
2026-01-07 16:00:00,30.7 °C,20.7 °C,32.5 °C,4.8 °C,28 °C,28.6 °C,71,61
2026-01-07 16:30:00,28.3 °C,20.8 °C,29.2 °C,5.3 °C,28 °C,28.5 °C,65,55
2026-01-07 17:00:00,26.3 °C,20.8 °C,27.6 °C,4.7 °C,28 °C,28.7 °C,72,62
2026-01-07 17:30:00,26.6 °C,20.6 °C,27.7 °C,5.1 °C,28 °C,28.6 °C,68,57
2026-01-07 18:00:00,28.2 °C,20.3 °C,29.3 °C,4.9 °C,28 °C,28.6 °C,69,60
2026-01-07 18:30:00,31.3 °C,20.3 °C,33.0 °C,3.7 °C,28 °C,28.9 °C,73,62
2026-01-07 19:00:00,31.9 °C,20.6 °C,33.8 °C,3.3 °C,28 °C,28.9 °C,66,58
2026-01-07 19:30:00,28.5 °C,20.9 °C,29.9 °C,2.9 °C,28 °C,29.0 °C,74,66
2026-01-07 20:00:00,14.5 °C,19.9 °C,14.1 °C,1.6 °C,28 °C,29.3 °C,0,0
2026-01-07 20:30:00,14.5 °C,19.8 °C,14.0 °C,1.2 °C,28 °C,29.4 °C,0,0
2026-01-07 21:00:00,14.3 °C,19.8 °C,13.4 °C,1.1 °C,28 °C,29.4 °C,0,0
2026-01-07 21:30:00,14.5 °C,19.9 °C,13.5 °C,1.3 °C,28 °C,29.3 °C,0,0
2026-01-07 22:00:00,14.6 °C,20.0 °C,13.4 °C,1.4 °C,28 °C,29.3 °C,0,0
2026-01-07 22:30:00,14.9 °C,20.0 °C,13.3 °C,2.2 °C,28 °C,29.2 °C,0,0
2026-01-07 23:00:00,15.1 °C,20.0 °C,12.9 °C,1.5 °C,28 °C,29.3 °C,0,0
2026-01-07 23:30:00,15.0 °C,20.0 °C,13.2 °C,1.2 °C,28 °C,29.4 °C,0,0
2026-01-08 00:00:00,14.3 °C,19.5 °C,12.6 °C,0.1 °C,28 °C,29.6 °C,0,0
2026-01-08 00:30:00,14.3 °C,19.5 °C,12.4 °C,0.8 °C,28 °C,29.4 °C,0,0
2026-01-08 01:00:00,14.3 °C,19.8 °C,12.1 °C,-0.3 °C,28 °C,29.7 °C,0,0
2026-01-08 01:30:00,14.9 °C,20.3 °C,12.8 °C,0.4 °C,28 °C,29.5 °C,0,0
2026-01-08 02:00:00,15.2 °C,20.6 °C,13.4 °C,1.0 °C,28 °C,29.4 °C,0,0
2026-01-08 02:30:00,15.1 °C,20.7 °C,13.2 °C,0.0 °C,28 °C,29.6 °C,0,0
2026-01-08 03:00:00,14.9 °C,20.4 °C,13.4 °C,0.4 °C,28 °C,29.5 °C,0,0
2026-01-08 03:30:00,14.9 °C,20.3 °C,13.6 °C,0.4 °C,28 °C,29.5 °C,0,0
2026-01-08 04:00:00,14.3 °C,20.1 °C,13.3 °C,-0.0 °C,28 °C,29.6 °C,0,0
2026-01-08 04:30:00,14.3 °C,19.9 °C,12.9 °C,-0.1 °C,28 °C,29.6 °C,0,0
2026-01-08 05:00:00,14.0 °C,19.7 °C,12.9 °C,0.1 °C,28 °C,29.6 °C,0,0
2026-01-08 05:30:00,14.2 °C,19.6 °C,12.4 °C,0.4 °C,28 °C,29.5 °C,0,0
2026-01-08 06:00:00,29.6 °C,20.3 °C,31.9 °C,1.5 °C,28 °C,29.3 °C,73,68
2026-01-08 06:30:00,31.6 °C,20.7 °C,33.8 °C,2.1 °C,28 °C,29.2 °C,68,61
2026-01-08 07:00:00,31.4 °C,20.9 °C,33.1 °C,1.8 °C,28 °C,29.2 °C,72,66
2026-01-08 07:30:00,29.7 °C,21.0 °C,31.4 °C,2.6 °C,28 °C,29.1 °C,74,61
2026-01-08 08:00:00,28.1 °C,21.2 °C,29.1 °C,1.9 °C,28 °C,29.2 °C,70,60
2026-01-08 08:30:00,27.8 °C,21.3 °C,30.4 °C,2.1 °C,28 °C,29.2 °C,77,69
2026-01-08 09:00:00,29.8 °C,21.2 °C,33.3 °C,2.5 °C,28 °C,29.1 °C,73,61
2026-01-08 09:30:00,31.1 °C,21.7 °C,35.1 °C,3.4 °C,28 °C,28.9 °C,75,65
2026-01-08 10:00:00,30.5 °C,21.5 °C,34.6 °C,5.0 °C,28 °C,28.6 °C,68,60
2026-01-08 10:30:00,27.7 °C,21.1 °C,31.5 °C,5.5 °C,28 °C,28.5 °C,61,52
2026-01-08 11:00:00,25.1 °C,21.2 °C,28.7 °C,5.6 °C,28 °C,28.5 °C,66,58
2026-01-08 11:30:00,25.0 °C,21.4 °C,28.3 °C,5.6 °C,28 °C,28.5 °C,65,55
2026-01-08 12:00:00,27.4 °C,21.3 °C,31.8 °C,6.4 °C,28 °C,28.3 °C,63,52
2026-01-08 12:30:00,30.2 °C,21.7 °C,34.3 °C,6.6 °C,28 °C,28.3 °C,67,58
2026-01-08 13:00:00,30.0 °C,21.7 °C,33.5 °C,6.5 °C,28 °C,28.3 °C,63,53
2026-01-08 13:30:00,28.1 °C,21.5 °C,31.4 °C,7.3 °C,28 °C,28.1 °C,60,51
2026-01-08 14:00:00,25.6 °C,21.4 °C,29.1 °C,8.1 °C,28 °C,28.0 °C,61,47
2026-01-08 14:30:00,26.1 °C,21.5 °C,27.7 °C,7.4 °C,28 °C,28.1 °C,66,57
2026-01-08 15:00:00,28.5 °C,21.5 °C,30.3 °C,6.5 °C,28 °C,28.3 °C,65,56
2026-01-08 15:30:00,31.1 °C,21.8 °C,31.7 °C,6.4 °C,28 °C,28.3 °C,63,53
2026-01-08 16:00:00,31.4 °C,22.0 °C,32.9 °C,5.6 °C,28 °C,28.5 °C,66,56
2026-01-08 16:30:00,29.7 °C,21.6 °C,30.4 °C,4.7 °C,28 °C,28.7 °C,72,61
2026-01-08 17:00:00,27.6 °C,21.6 °C,28.0 °C,4.0 °C,28 °C,28.8 °C,71,59
2026-01-08 17:30:00,27.7 °C,21.3 °C,27.3 °C,4.5 °C,28 °C,28.7 °C,70,62
2026-01-08 18:00:00,29.8 °C,21.7 °C,30.5 °C,4.6 °C,28 °C,28.7 °C,70,60
2026-01-08 18:30:00,32.3 °C,21.4 °C,33.2 °C,5.7 °C,28 °C,28.5 °C,62,47
2026-01-08 19:00:00,31.9 °C,21.5 °C,33.9 °C,4.7 °C,28 °C,28.7 °C,68,57
2026-01-08 19:30:00,29.1 °C,21.4 °C,32.2 °C,5.0 °C,28 °C,28.6 °C,71,60
2026-01-08 20:00:00,15.5 °C,20.0 °C,16.0 °C,4.6 °C,28 °C,28.7 °C,0,0
2026-01-08 20:30:00,14.8 °C,19.8 °C,15.5 °C,3.5 °C,28 °C,28.9 °C,0,0
2026-01-08 21:00:00,15.1 °C,19.8 °C,15.0 °C,2.8 °C,28 °C,29.0 °C,0,0
2026-01-08 21:30:00,14.9 °C,20.0 °C,14.5 °C,1.8 °C,28 °C,29.2 °C,0,0
2026-01-08 22:00:00,14.7 °C,20.3 °C,14.3 °C,1.3 °C,28 °C,29.3 °C,0,0
2026-01-08 22:30:00,14.4 °C,20.0 °C,14.1 °C,1.3 °C,28 °C,29.3 °C,0,0
2026-01-08 23:00:00,14.3 °C,20.1 °C,13.9 °C,0.5 °C,28 °C,29.5 °C,0,0
2026-01-08 23:30:00,14.4 °C,20.4 °C,13.5 °C,0.4 °C,28 °C,29.5 °C,0,0
2026-01-09 00:00:00,14.6 °C,20.6 °C,13.6 °C,0.6 °C,28 °C,29.5 °C,0,0
2026-01-09 00:30:00,15.2 °C,20.5 °C,13.6 °C,0.9 °C,28 °C,29.4 °C,0,0
2026-01-09 01:00:00,14.4 °C,20.6 °C,12.8 °C,-0.3 °C,28 °C,29.7 °C,0,0
2026-01-09 01:30:00,14.2 °C,20.6 °C,13.0 °C,-0.8 °C,28 °C,29.8 °C,0,0
2026-01-09 02:00:00,14.5 °C,21.0 °C,13.6 °C,-0.7 °C,28 °C,29.7 °C,0,0
2026-01-09 02:30:00,14.1 °C,21.4 °C,13.9 °C,-1.6 °C,28 °C,29.9 °C,0,0
2026-01-09 03:00:00,14.1 °C,21.5 °C,14.3 °C,-2.5 °C,28 °C,30.1 °C,0,0
2026-01-09 03:30:00,14.3 °C,21.4 °C,13.9 °C,-2.5 °C,28 °C,30.1 °C,0,0
2026-01-09 04:00:00,13.8 °C,21.4 °C,13.5 °C,-2.6 °C,28 °C,30.1 °C,0,0
2026-01-09 04:30:00,13.9 °C,21.3 °C,13.6 °C,-2.5 °C,28 °C,30.1 °C,0,0
2026-01-09 05:00:00,13.9 °C,21.3 °C,13.6 °C,-2.5 °C,28 °C,30.1 °C,0,0
2026-01-09 05:30:00,14.5 °C,21.2 °C,14.1 °C,-0.8 °C,28 °C,29.8 °C,0,0
2026-01-09 06:00:00,29.8 °C,22.5 °C,33.1 °C,-0.8 °C,28 °C,29.8 °C,85,72
2026-01-09 06:30:00,31.5 °C,22.2 °C,34.9 °C,-0.0 °C,28 °C,29.6 °C,79,71
2026-01-09 07:00:00,32.0 °C,22.5 °C,34.5 °C,0.7 °C,28 °C,29.5 °C,75,61
2026-01-09 07:30:00,30.1 °C,21.9 °C,32.5 °C,0.2 °C,28 °C,29.6 °C,75,68
2026-01-09 08:00:00,27.0 °C,21.8 °C,29.3 °C,1.6 °C,28 °C,29.3 °C,78,69
2026-01-09 08:30:00,26.1 °C,21.7 °C,28.3 °C,2.5 °C,28 °C,29.1 °C,72,65
2026-01-09 09:00:00,28.7 °C,21.7 °C,31.4 °C,3.1 °C,28 °C,29.0 °C,76,69
2026-01-09 09:30:00,30.9 °C,21.7 °C,34.5 °C,4.2 °C,28 °C,28.8 °C,69,61
2026-01-09 10:00:00,31.7 °C,22.0 °C,35.8 °C,4.6 °C,28 °C,28.7 °C,67,56
2026-01-09 10:30:00,29.6 °C,21.9 °C,33.6 °C,5.5 °C,28 °C,28.5 °C,63,52
2026-01-09 11:00:00,27.5 °C,21.6 °C,31.4 °C,4.7 °C,28 °C,28.7 °C,70,60
2026-01-09 11:30:00,27.0 °C,21.4 °C,31.8 °C,5.7 °C,28 °C,28.5 °C,61,53
2026-01-09 12:00:00,29.1 °C,21.3 °C,33.1 °C,6.1 °C,28 °C,28.4 °C,70,64
2026-01-09 12:30:00,31.5 °C,21.5 °C,35.9 °C,6.6 °C,28 °C,28.3 °C,61,49
2026-01-09 13:00:00,31.6 °C,21.8 °C,35.2 °C,6.3 °C,28 °C,28.3 °C,60,52
2026-01-09 13:30:00,28.8 °C,21.5 °C,31.5 °C,6.4 °C,28 °C,28.3 °C,66,56
2026-01-09 14:00:00,25.8 °C,21.3 °C,28.7 °C,6.4 °C,28 °C,28.3 °C,69,59
2026-01-09 14:30:00,26.7 °C,21.1 °C,28.7 °C,5.8 °C,28 °C,28.4 °C,66,58
2026-01-09 15:00:00,29.0 °C,21.1 °C,30.8 °C,6.2 °C,28 °C,28.4 °C,68,53
2026-01-09 15:30:00,31.3 °C,21.4 °C,33.8 °C,7.1 °C,28 °C,28.2 °C,65,56
2026-01-09 16:00:00,31.1 °C,21.4 °C,33.1 °C,6.1 °C,28 °C,28.4 °C,68,56
2026-01-09 16:30:00,29.2 °C,21.6 °C,32.1 °C,6.2 °C,28 °C,28.4 °C,71,62
2026-01-09 17:00:00,27.2 °C,21.8 °C,28.9 °C,5.7 °C,28 °C,28.5 °C,65,55
2026-01-09 17:30:00,27.2 °C,21.6 °C,29.5 °C,5.1 °C,28 °C,28.6 °C,68,62
2026-01-09 18:00:00,29.7 °C,21.3 °C,31.2 °C,4.8 °C,28 °C,28.6 °C,63,56
2026-01-09 18:30:00,32.2 °C,21.2 °C,33.7 °C,4.4 °C,28 °C,28.7 °C,73,62
2026-01-09 19:00:00,32.2 °C,21.5 °C,33.8 °C,4.1 °C,28 °C,28.8 °C,69,59
2026-01-09 19:30:00,30.1 °C,21.6 °C,31.7 °C,2.9 °C,28 °C,29.0 °C,72,65
2026-01-09 20:00:00,14.9 °C,20.8 °C,16.2 °C,3.1 °C,28 °C,29.0 °C,0,0
2026-01-09 20:30:00,14.9 °C,21.0 °C,16.3 °C,2.6 °C,28 °C,29.1 °C,0,0
2026-01-09 21:00:00,14.5 °C,21.0 °C,16.3 °C,2.3 °C,28 °C,29.1 °C,0,0
2026-01-09 21:30:00,14.5 °C,20.9 °C,16.2 °C,2.5 °C,28 °C,29.1 °C,0,0
2026-01-09 22:00:00,13.4 °C,20.5 °C,15.1 °C,0.6 °C,28 °C,29.5 °C,0,0
2026-01-09 22:30:00,13.7 °C,20.9 °C,15.4 °C,0.5 °C,28 °C,29.5 °C,0,0
2026-01-09 23:00:00,13.7 °C,20.8 °C,15.8 °C,-0.2 °C,28 °C,29.6 °C,0,0
2026-01-09 23:30:00,13.8 °C,20.7 °C,16.2 °C,-0.1 °C,28 °C,29.6 °C,0,0
2026-01-10 00:00:00,13.7 °C,20.7 °C,15.7 °C,-1.1 °C,28 °C,29.8 °C,0,0
2026-01-10 00:30:00,14.1 °C,21.1 °C,15.2 °C,-0.9 °C,28 °C,29.8 °C,0,0
2026-01-10 01:00:00,14.0 °C,21.3 °C,14.8 °C,-1.9 °C,28 °C,30.0 °C,0,0
2026-01-10 01:30:00,13.9 °C,21.2 °C,14.7 °C,-1.9 °C,28 °C,30.0 °C,0,0
2026-01-10 02:00:00,14.0 °C,21.2 °C,14.8 °C,-2.0 °C,28 °C,30.0 °C,0,0
2026-01-10 02:30:00,13.9 °C,21.5 °C,15.1 °C,-2.2 °C,28 °C,30.0 °C,0,0
2026-01-10 03:00:00,13.7 °C,21.5 °C,15.1 °C,-2.9 °C,28 °C,30.2 °C,0,0
2026-01-10 03:30:00,14.1 °C,21.5 °C,15.1 °C,-3.0 °C,28 °C,30.2 °C,0,0
2026-01-10 04:00:00,14.1 °C,20.9 °C,14.6 °C,-2.3 °C,28 °C,30.1 °C,0,0
2026-01-10 04:30:00,14.9 °C,21.2 °C,15.0 °C,-1.2 °C,28 °C,29.8 °C,0,0
2026-01-10 05:00:00,15.1 °C,20.9 °C,14.8 °C,0.1 °C,28 °C,29.6 °C,0,0
2026-01-10 05:30:00,14.7 °C,20.4 °C,14.6 °C,0.6 °C,28 °C,29.5 °C,0,0
2026-01-10 06:00:00,14.4 °C,20.0 °C,14.7 °C,0.9 °C,28 °C,29.4 °C,0,0
2026-01-10 06:30:00,14.0 °C,19.9 °C,15.0 °C,1.4 °C,28 °C,29.3 °C,0,0
2026-01-10 07:00:00,30.9 °C,21.0 °C,32.8 °C,2.8 °C,28 °C,29.0 °C,73,60
2026-01-10 07:30:00,28.5 °C,21.3 °C,30.8 °C,3.4 °C,28 °C,28.9 °C,65,54
2026-01-10 08:00:00,27.0 °C,21.5 °C,29.9 °C,3.7 °C,28 °C,28.9 °C,76,67
2026-01-10 08:30:00,27.0 °C,21.9 °C,29.3 °C,3.8 °C,28 °C,28.8 °C,75,65
2026-01-10 09:00:00,29.3 °C,21.8 °C,31.1 °C,4.1 °C,28 °C,28.8 °C,68,55
2026-01-10 09:30:00,31.2 °C,21.7 °C,34.3 °C,4.7 °C,28 °C,28.7 °C,64,50
2026-01-10 10:00:00,31.9 °C,21.3 °C,35.2 °C,4.6 °C,28 °C,28.7 °C,66,55
2026-01-10 10:30:00,29.1 °C,21.2 °C,33.0 °C,4.6 °C,28 °C,28.7 °C,66,52
2026-01-10 11:00:00,27.3 °C,20.7 °C,31.5 °C,5.0 °C,28 °C,28.6 °C,69,56
2026-01-10 11:30:00,26.9 °C,20.5 °C,31.1 °C,5.2 °C,28 °C,28.6 °C,67,56
2026-01-10 12:00:00,29.5 °C,20.8 °C,32.4 °C,5.9 °C,28 °C,28.4 °C,65,57
2026-01-10 12:30:00,31.6 °C,20.4 °C,33.8 °C,6.7 °C,28 °C,28.3 °C,67,55
2026-01-10 13:00:00,31.2 °C,20.2 °C,33.8 °C,7.0 °C,28 °C,28.2 °C,65,50
2026-01-10 13:30:00,29.1 °C,19.9 °C,31.1 °C,7.5 °C,28 °C,28.1 °C,67,60
2026-01-10 14:00:00,16.4 °C,19.3 °C,16.2 °C,7.6 °C,28 °C,28.1 °C,0,0
2026-01-10 14:30:00,16.1 °C,19.9 °C,16.1 °C,5.3 °C,28 °C,28.5 °C,0,0
2026-01-10 15:00:00,15.8 °C,20.0 °C,16.5 °C,5.0 °C,28 °C,28.6 °C,0,0
2026-01-10 15:30:00,16.3 °C,20.3 °C,16.3 °C,5.5 °C,28 °C,28.5 °C,0,0
2026-01-10 16:00:00,16.0 °C,20.1 °C,15.8 °C,5.0 °C,28 °C,28.6 °C,0,0
2026-01-10 16:30:00,16.4 °C,20.4 °C,16.1 °C,5.4 °C,28 °C,28.5 °C,0,0
2026-01-10 17:00:00,16.2 °C,20.3 °C,16.2 °C,5.8 °C,28 °C,28.4 °C,0,0
2026-01-10 17:30:00,16.1 °C,20.5 °C,15.9 °C,5.3 °C,28 °C,28.5 °C,0,0
2026-01-10 18:00:00,15.7 °C,20.5 °C,15.5 °C,4.6 °C,28 °C,28.7 °C,0,0
2026-01-10 18:30:00,14.8 °C,20.1 °C,15.1 °C,4.2 °C,28 °C,28.8 °C,0,0
2026-01-10 19:00:00,14.9 °C,19.9 °C,14.3 °C,3.8 °C,28 °C,28.8 °C,0,0
2026-01-10 19:30:00,15.2 °C,20.1 °C,13.8 °C,3.7 °C,28 °C,28.9 °C,0,0
2026-01-10 20:00:00,14.6 °C,19.7 °C,13.1 °C,1.7 °C,28 °C,29.3 °C,0,0
2026-01-10 20:30:00,14.4 °C,19.9 °C,13.9 °C,0.8 °C,28 °C,29.4 °C,0,0
2026-01-10 21:00:00,14.0 °C,19.6 °C,13.4 °C,-0.2 °C,28 °C,29.6 °C,0,0
2026-01-10 21:30:00,13.4 °C,19.9 °C,13.0 °C,-2.1 °C,28 °C,30.0 °C,0,0
2026-01-10 22:00:00,12.9 °C,19.6 °C,12.8 °C,-2.6 °C,28 °C,30.1 °C,0,0
2026-01-10 22:30:00,13.2 °C,19.8 °C,12.8 °C,-3.7 °C,28 °C,30.3 °C,0,0
2026-01-10 23:00:00,13.2 °C,20.1 °C,12.9 °C,-4.1 °C,28 °C,30.4 °C,0,0
2026-01-10 23:30:00,13.3 °C,20.2 °C,12.6 °C,-4.5 °C,28 °C,30.5 °C,0,0
2026-01-11 00:00:00,13.4 °C,20.2 °C,12.2 °C,-4.3 °C,28 °C,30.5 °C,0,0
2026-01-11 00:30:00,13.2 °C,20.6 °C,12.8 °C,-4.5 °C,28 °C,30.5 °C,0,0
2026-01-11 01:00:00,12.7 °C,20.5 °C,12.2 °C,-5.5 °C,28 °C,30.7 °C,0,0
2026-01-11 01:30:00,12.9 °C,20.4 °C,12.4 °C,-5.2 °C,28 °C,30.6 °C,0,0
2026-01-11 02:00:00,13.6 °C,20.6 °C,13.4 °C,-3.7 °C,28 °C,30.3 °C,0,0
2026-01-11 02:30:00,13.4 °C,20.7 °C,13.6 °C,-3.0 °C,28 °C,30.2 °C,0,0
2026-01-11 03:00:00,13.3 °C,20.6 °C,13.2 °C,-2.6 °C,28 °C,30.1 °C,0,0
2026-01-11 03:30:00,13.2 °C,20.4 °C,13.0 °C,-2.6 °C,28 °C,30.1 °C,0,0
2026-01-11 04:00:00,13.1 °C,20.6 °C,13.1 °C,-2.8 °C,28 °C,30.2 °C,0,0
2026-01-11 04:30:00,13.3 °C,20.3 °C,13.1 °C,-2.9 °C,28 °C,30.2 °C,0,0
2026-01-11 05:00:00,13.8 °C,21.0 °C,13.5 °C,-2.4 °C,28 °C,30.1 °C,0,0
2026-01-11 05:30:00,13.7 °C,20.6 °C,13.1 °C,-2.7 °C,28 °C,30.1 °C,0,0
2026-01-11 06:00:00,14.0 °C,20.4 °C,13.0 °C,-2.1 °C,28 °C,30.0 °C,0,0
2026-01-11 06:30:00,13.8 °C,20.5 °C,13.3 °C,-1.9 °C,28 °C,30.0 °C,0,0
2026-01-11 07:00:00,99.9 °C,20.7 °C,13.6 °C,-2.4 °C,28 °C,30.1 °C,0,0
2026-01-11 07:30:00,13.8 °C,20.4 °C,14.3 °C,-2.0 °C,28 °C,30.0 °C,0,0
2026-01-11 08:00:00,14.7 °C,20.9 °C,15.6 °C,-0.5 °C,28 °C,29.7 °C,0,0
2026-01-11 08:30:00,14.9 °C,21.0 °C,15.7 °C,0.3 °C,28 °C,29.5 °C,0,0
2026-01-11 09:00:00,14.4 °C,20.9 °C,14.9 °C,-1.1 °C,28 °C,29.8 °C,0,0
2026-01-11 09:30:00,13.9 °C,21.0 °C,14.9 °C,-0.6 °C,28 °C,29.7 °C,0,0
2026-01-11 10:00:00,14.9 °C,21.3 °C,15.1 °C,0.8 °C,28 °C,29.4 °C,0,0
2026-01-11 10:30:00,15.0 °C,21.6 °C,15.6 °C,1.4 °C,28 °C,29.3 °C,0,0
2026-01-11 11:00:00,15.8 °C,21.6 °C,15.6 °C,2.5 °C,28 °C,29.1 °C,0,0
2026-01-11 11:30:00,15.4 °C,21.2 °C,15.1 °C,2.9 °C,28 °C,29.0 °C,0,0
2026-01-11 12:00:00,15.2 °C,20.8 °C,14.8 °C,3.7 °C,28 °C,28.9 °C,0,0
2026-01-11 12:30:00,15.2 °C,20.5 °C,15.1 °C,4.2 °C,28 °C,28.8 °C,0,0
2026-01-11 13:00:00,15.3 °C,20.4 °C,15.1 °C,4.3 °C,28 °C,28.7 °C,0,0
2026-01-11 13:30:00,15.7 °C,20.4 °C,15.0 °C,5.1 °C,28 °C,28.6 °C,0,0
2026-01-11 14:00:00,16.2 °C,20.5 °C,15.7 °C,6.3 °C,28 °C,28.3 °C,0,0
2026-01-11 14:30:00,16.5 °C,20.8 °C,16.5 °C,6.6 °C,28 °C,28.3 °C,0,0
2026-01-11 15:00:00,16.1 °C,20.3 °C,16.0 °C,6.7 °C,28 °C,28.3 °C,0,0
2026-01-11 15:30:00,16.1 °C,20.3 °C,15.7 °C,6.2 °C,28 °C,28.4 °C,0,0
2026-01-11 16:00:00,16.2 °C,20.5 °C,15.7 °C,6.6 °C,28 °C,28.3 °C,0,0
2026-01-11 16:30:00,15.6 °C,19.8 °C,15.2 °C,6.1 °C,28 °C,28.4 °C,0,0
2026-01-11 17:00:00,15.4 °C,20.0 °C,15.7 °C,6.2 °C,28 °C,28.4 °C,0,0
2026-01-11 17:30:00,16.0 °C,20.8 °C,16.3 °C,6.3 °C,28 °C,28.3 °C,0,0
2026-01-11 18:00:00,16.3 °C,21.0 °C,16.1 °C,6.4 °C,28 °C,28.3 °C,0,0
2026-01-11 18:30:00,16.4 °C,21.0 °C,16.5 °C,6.5 °C,28 °C,28.3 °C,0,0
2026-01-11 19:00:00,16.7 °C,21.0 °C,16.4 °C,6.4 °C,28 °C,28.3 °C,0,0
2026-01-11 19:30:00,16.7 °C,21.0 °C,16.0 °C,4.9 °C,28 °C,28.6 °C,0,0
2026-01-11 20:00:00,16.7 °C,21.4 °C,16.0 °C,3.7 °C,28 °C,28.9 °C,0,0
2026-01-11 20:30:00,16.4 °C,21.2 °C,15.8 °C,2.3 °C,28 °C,29.1 °C,0,0
2026-01-11 21:00:00,16.1 °C,21.5 °C,15.2 °C,0.8 °C,28 °C,29.4 °C,0,0
2026-01-11 21:30:00,16.2 °C,21.5 °C,15.0 °C,1.3 °C,28 °C,29.3 °C,0,0
2026-01-11 22:00:00,16.1 °C,21.9 °C,14.9 °C,0.1 °C,28 °C,29.6 °C,0,0
2026-01-11 22:30:00,16.0 °C,22.0 °C,14.7 °C,-1.0 °C,28 °C,29.8 °C,0,0
2026-01-11 23:00:00,15.7 °C,22.0 °C,14.8 °C,-1.5 °C,28 °C,29.9 °C,0,0
2026-01-11 23:30:00,15.5 °C,21.9 °C,14.9 °C,-2.3 °C,28 °C,30.1 °C,0,0
2026-01-12 00:00:00,15.6 °C,21.7 °C,14.9 °C,-1.2 °C,28 °C,29.8 °C,0,0
2026-01-12 00:30:00,15.6 °C,21.8 °C,15.0 °C,-1.8 °C,28 °C,30.0 °C,0,0
2026-01-12 01:00:00,15.5 °C,21.6 °C,14.9 °C,-1.8 °C,28 °C,30.0 °C,0,0
2026-01-12 01:30:00,15.0 °C,21.5 °C,14.8 °C,-2.5 °C,28 °C,30.1 °C,0,0
2026-01-12 02:00:00,14.6 °C,21.4 °C,13.8 °C,-3.7 °C,28 °C,30.3 °C,0,0
2026-01-12 02:30:00,14.1 °C,21.0 °C,13.6 °C,-4.1 °C,28 °C,30.4 °C,0,0
2026-01-12 03:00:00,13.7 °C,21.1 °C,13.2 °C,-4.4 °C,28 °C,30.5 °C,0,0
2026-01-12 03:30:00,13.7 °C,20.6 °C,13.1 °C,-4.6 °C,28 °C,30.5 °C,0,0
2026-01-12 04:00:00,13.2 °C,20.5 °C,12.5 °C,-5.2 °C,28 °C,30.6 °C,0,0
2026-01-12 04:30:00,13.8 °C,20.7 °C,12.8 °C,-4.7 °C,28 °C,30.5 °C,0,0
2026-01-12 05:00:00,13.5 °C,20.8 °C,12.9 °C,-4.4 °C,28 °C,30.5 °C,0,0
2026-01-12 05:30:00,13.0 °C,20.8 °C,13.5 °C,-4.7 °C,28 °C,30.5 °C,0,0
2026-01-12 06:00:00,29.9 °C,21.5 °C,31.6 °C,-4.0 °C,28 °C,30.4 °C,77,69
2026-01-12 06:30:00,31.7 °C,21.8 °C,32.5 °C,-2.8 °C,28 °C,30.2 °C,84,76
2026-01-12 07:00:00,31.4 °C,21.6 °C,32.1 °C,-1.4 °C,28 °C,29.9 °C,79,71
2026-01-12 07:30:00,29.2 °C,21.8 °C,30.1 °C,-2.2 °C,28 °C,30.0 °C,77,64
2026-01-12 08:00:00,26.5 °C,22.1 °C,28.0 °C,-1.8 °C,28 °C,30.0 °C,75,64
2026-01-12 08:30:00,27.2 °C,21.7 °C,28.5 °C,-1.8 °C,28 °C,30.0 °C,79,67
2026-01-12 09:00:00,30.0 °C,21.6 °C,32.0 °C,-1.3 °C,28 °C,29.9 °C,78,69
2026-01-12 09:30:00,31.7 °C,21.4 °C,33.3 °C,0.5 °C,28 °C,29.5 °C,77,69
2026-01-12 10:00:00,32.0 °C,21.5 °C,34.1 °C,0.8 °C,28 °C,29.4 °C,72,62
2026-01-12 10:30:00,29.2 °C,21.3 °C,32.2 °C,1.3 °C,28 °C,29.3 °C,77,66
2026-01-12 11:00:00,26.3 °C,21.1 °C,28.6 °C,1.6 °C,28 °C,29.3 °C,66,61
2026-01-12 11:30:00,25.7 °C,21.1 °C,28.1 °C,3.3 °C,28 °C,28.9 °C,71,62
2026-01-12 12:00:00,27.9 °C,21.0 °C,30.5 °C,2.5 °C,28 °C,29.1 °C,70,61
2026-01-12 12:30:00,30.7 °C,21.1 °C,32.7 °C,2.9 °C,28 °C,29.0 °C,72,62
2026-01-12 13:00:00,30.4 °C,21.4 °C,32.6 °C,2.9 °C,28 °C,29.0 °C,75,68
2026-01-12 13:30:00,28.7 °C,21.0 °C,30.6 °C,2.5 °C,28 °C,29.1 °C,75,66
2026-01-12 14:00:00,26.1 °C,21.0 °C,27.6 °C,3.7 °C,28 °C,28.9 °C,72,62
2026-01-12 14:30:00,26.2 °C,20.9 °C,27.4 °C,3.0 °C,28 °C,29.0 °C,76,66
2026-01-12 15:00:00,28.4 °C,21.0 °C,29.5 °C,3.1 °C,28 °C,29.0 °C,76,65
2026-01-12 15:30:00,31.5 °C,20.9 °C,33.1 °C,3.3 °C,28 °C,28.9 °C,76,64
2026-01-12 16:00:00,31.6 °C,20.7 °C,33.2 °C,3.1 °C,28 °C,29.0 °C,70,60
2026-01-12 16:30:00,29.1 °C,20.9 °C,31.9 °C,2.2 °C,28 °C,29.2 °C,75,68
2026-01-12 17:00:00,27.0 °C,21.7 °C,29.5 °C,2.2 °C,28 °C,29.2 °C,75,65
2026-01-12 17:30:00,27.3 °C,21.7 °C,30.0 °C,1.8 °C,28 °C,29.2 °C,74,66
2026-01-12 18:00:00,29.2 °C,21.5 °C,31.7 °C,2.3 °C,28 °C,29.1 °C,76,65
2026-01-12 18:30:00,31.6 °C,21.3 °C,33.4 °C,2.4 °C,28 °C,29.1 °C,73,59
2026-01-12 19:00:00,30.7 °C,21.6 °C,33.3 °C,3.3 °C,28 °C,28.9 °C,67,56
2026-01-12 19:30:00,28.4 °C,21.4 °C,31.0 °C,3.0 °C,28 °C,29.0 °C,76,62
2026-01-12 20:00:00,15.4 °C,20.8 °C,15.8 °C,2.8 °C,28 °C,29.0 °C,0,0
2026-01-12 20:30:00,14.7 °C,20.4 °C,15.3 °C,2.1 °C,28 °C,29.2 °C,0,0
2026-01-12 21:00:00,14.7 °C,20.5 °C,15.6 °C,2.6 °C,28 °C,29.1 °C,0,0
2026-01-12 21:30:00,14.7 °C,20.7 °C,15.1 °C,1.9 °C,28 °C,29.2 °C,0,0
2026-01-12 22:00:00,14.8 °C,20.9 °C,15.2 °C,1.2 °C,28 °C,29.4 °C,0,0
2026-01-12 22:30:00,14.8 °C,21.1 °C,15.4 °C,1.0 °C,28 °C,29.4 °C,0,0
2026-01-12 23:00:00,14.2 °C,21.1 °C,14.9 °C,-0.0 °C,28 °C,29.6 °C,0,0
2026-01-12 23:30:00,13.9 °C,21.4 °C,14.4 °C,-0.8 °C,28 °C,29.8 °C,0,0
2026-01-13 00:00:00,13.7 °C,21.1 °C,14.3 °C,-0.9 °C,28 °C,29.8 °C,0,0
2026-01-13 00:30:00,13.5 °C,20.9 °C,13.9 °C,-0.9 °C,28 °C,29.8 °C,0,0
2026-01-13 01:00:00,13.5 °C,20.8 °C,13.9 °C,-0.9 °C,28 °C,29.8 °C,0,0
2026-01-13 01:30:00,13.2 °C,21.1 °C,13.9 °C,-1.3 °C,28 °C,29.9 °C,0,0
2026-01-13 02:00:00,13.5 °C,21.2 °C,14.4 °C,-1.5 °C,28 °C,29.9 °C,0,0
2026-01-13 02:30:00,13.7 °C,21.4 °C,14.4 °C,-1.1 °C,28 °C,29.8 °C,0,0
2026-01-13 03:00:00,13.0 °C,21.3 °C,13.8 °C,-1.9 °C,28 °C,30.0 °C,0,0
2026-01-13 03:30:00,13.3 °C,21.4 °C,14.0 °C,-1.9 °C,28 °C,30.0 °C,0,0
2026-01-13 04:00:00,12.8 °C,21.0 °C,12.7 °C,-3.6 °C,28 °C,30.3 °C,0,0
2026-01-13 04:30:00,12.8 °C,20.8 °C,12.7 °C,-2.9 °C,28 °C,30.2 °C,0,0
2026-01-13 05:00:00,13.0 °C,20.8 °C,12.2 °C,-3.0 °C,28 °C,30.2 °C,0,0
2026-01-13 05:30:00,12.6 °C,20.7 °C,12.3 °C,-3.0 °C,28 °C,30.2 °C,0,0
2026-01-13 06:00:00,30.9 °C,21.5 °C,32.8 °C,-2.6 °C,28 °C,30.1 °C,79,69
2026-01-13 06:30:00,33.7 °C,21.7 °C,35.1 °C,-1.6 °C,28 °C,29.9 °C,79,71
2026-01-13 07:00:00,33.0 °C,21.7 °C,35.0 °C,0.4 °C,28 °C,29.5 °C,75,65
2026-01-13 07:30:00,30.5 °C,22.0 °C,32.2 °C,-0.1 °C,28 °C,29.6 °C,77,65
2026-01-13 08:00:00,27.7 °C,21.5 °C,29.5 °C,0.0 °C,28 °C,29.6 °C,75,64
2026-01-13 08:30:00,27.5 °C,21.9 °C,28.6 °C,0.8 °C,28 °C,29.4 °C,75,65
2026-01-13 09:00:00,30.0 °C,21.7 °C,31.0 °C,1.0 °C,28 °C,29.4 °C,73,63
2026-01-13 09:30:00,31.8 °C,22.0 °C,32.9 °C,2.2 °C,28 °C,29.2 °C,80,72
2026-01-13 10:00:00,32.3 °C,21.9 °C,33.2 °C,2.7 °C,28 °C,29.1 °C,73,67
2026-01-13 10:30:00,29.2 °C,22.0 °C,30.1 °C,3.9 °C,28 °C,28.8 °C,72,62
2026-01-13 11:00:00,26.9 °C,21.7 °C,27.9 °C,4.2 °C,28 °C,28.8 °C,69,56
2026-01-13 11:30:00,26.7 °C,21.4 °C,28.2 °C,5.0 °C,28 °C,28.6 °C,64,53
2026-01-13 12:00:00,29.6 °C,21.5 °C,30.7 °C,4.9 °C,28 °C,28.6 °C,64,54
2026-01-13 12:30:00,31.3 °C,20.9 °C,31.2 °C,6.5 °C,28 °C,28.3 °C,65,56
2026-01-13 13:00:00,31.6 °C,20.7 °C,32.4 °C,5.7 °C,28 °C,28.5 °C,67,53
2026-01-13 13:30:00,30.1 °C,21.0 °C,30.7 °C,5.5 °C,28 °C,28.5 °C,69,61
2026-01-13 14:00:00,27.1 °C,20.9 °C,27.5 °C,4.9 °C,28 °C,28.6 °C,69,57
2026-01-13 14:30:00,26.5 °C,20.8 °C,26.8 °C,5.7 °C,28 °C,28.5 °C,66,56
2026-01-13 15:00:00,29.6 °C,21.3 °C,29.4 °C,6.1 °C,28 °C,28.4 °C,74,64
2026-01-13 15:30:00,32.0 °C,21.8 °C,31.8 °C,5.4 °C,28 °C,28.5 °C,69,57
2026-01-13 16:00:00,31.8 °C,21.8 °C,31.7 °C,6.0 °C,28 °C,28.4 °C,65,58
2026-01-13 16:30:00,29.3 °C,22.1 °C,29.6 °C,5.4 °C,28 °C,28.5 °C,67,56
2026-01-13 17:00:00,27.4 °C,22.4 °C,27.7 °C,5.5 °C,28 °C,28.5 °C,70,58
2026-01-13 17:30:00,26.6 °C,22.3 °C,25.8 °C,5.5 °C,28 °C,28.5 °C,67,58
2026-01-13 18:00:00,29.6 °C,22.1 °C,28.4 °C,5.0 °C,28 °C,28.6 °C,71,63
2026-01-13 18:30:00,31.3 °C,22.1 °C,31.0 °C,5.1 °C,28 °C,28.6 °C,68,57
2026-01-13 19:00:00,30.8 °C,21.7 °C,30.3 °C,4.5 °C,28 °C,28.7 °C,68,58
2026-01-13 19:30:00,28.0 °C,21.9 °C,28.0 °C,4.2 °C,28 °C,28.8 °C,65,57
2026-01-13 20:00:00,15.7 °C,20.9 °C,17.1 °C,3.4 °C,28 °C,28.9 °C,0,0
2026-01-13 20:30:00,15.4 °C,20.9 °C,15.8 °C,1.7 °C,28 °C,29.3 °C,0,0
2026-01-13 21:00:00,15.4 °C,20.9 °C,15.6 °C,1.1 °C,28 °C,29.4 °C,0,0
2026-01-13 21:30:00,14.8 °C,20.7 °C,14.7 °C,0.1 °C,28 °C,29.6 °C,0,0
2026-01-13 22:00:00,14.6 °C,20.7 °C,15.0 °C,0.5 °C,28 °C,29.5 °C,0,0
2026-01-13 22:30:00,13.9 °C,20.3 °C,14.1 °C,-0.9 °C,28 °C,29.8 °C,0,0
2026-01-13 23:00:00,13.8 °C,20.3 °C,14.0 °C,-0.5 °C,28 °C,29.7 °C,0,0
2026-01-13 23:30:00,13.3 °C,20.0 °C,14.0 °C,-1.1 °C,28 °C,29.8 °C,0,0
2026-01-14 00:00:00,13.4 °C,19.9 °C,14.2 °C,-1.3 °C,28 °C,29.9 °C,0,0
2026-01-14 00:30:00,13.0 °C,19.4 °C,13.7 °C,-2.5 °C,28 °C,30.1 °C,0,0
2026-01-14 01:00:00,12.9 °C,19.5 °C,13.8 °C,-2.9 °C,28 °C,30.2 °C,0,0
2026-01-14 01:30:00,12.9 °C,19.7 °C,13.3 °C,-3.5 °C,28 °C,30.3 °C,0,0
2026-01-14 02:00:00,13.1 °C,19.9 °C,13.4 °C,-2.3 °C,28 °C,30.1 °C,0,0
2026-01-14 02:30:00,13.0 °C,20.2 °C,13.1 °C,-2.8 °C,28 °C,30.2 °C,0,0
2026-01-14 03:00:00,13.3 °C,20.0 °C,12.9 °C,-2.1 °C,28 °C,30.0 °C,0,0
2026-01-14 03:30:00,13.2 °C,20.0 °C,13.2 °C,-1.4 °C,28 °C,29.9 °C,0,0
2026-01-14 04:00:00,13.5 °C,20.3 °C,13.9 °C,-0.7 °C,28 °C,29.7 °C,0,0
2026-01-14 04:30:00,13.3 °C,20.3 °C,14.1 °C,-1.0 °C,28 °C,29.8 °C,0,0
2026-01-14 05:00:00,13.9 °C,20.4 °C,14.0 °C,0.2 °C,28 °C,29.6 °C,0,0
2026-01-14 05:30:00,14.7 °C,21.0 °C,14.8 °C,1.5 °C,28 °C,29.3 °C,0,0
2026-01-14 06:00:00,29.1 °C,21.8 °C,29.1 °C,1.8 °C,28 °C,29.2 °C,76,65
2026-01-14 06:30:00,31.1 °C,21.7 °C,31.7 °C,1.7 °C,28 °C,29.3 °C,74,65
2026-01-14 07:00:00,31.8 °C,21.4 °C,33.0 °C,1.4 °C,28 °C,29.3 °C,76,64
2026-01-14 07:30:00,28.0 °C,21.4 °C,29.2 °C,2.1 °C,28 °C,29.2 °C,77,70
2026-01-14 08:00:00,26.2 °C,21.7 °C,26.4 °C,2.5 °C,28 °C,29.1 °C,71,65
2026-01-14 08:30:00,25.8 °C,21.8 °C,26.3 °C,3.0 °C,28 °C,29.0 °C,69,59
2026-01-14 09:00:00,28.6 °C,22.2 °C,29.5 °C,2.6 °C,28 °C,29.1 °C,76,62
2026-01-14 09:30:00,31.5 °C,22.2 °C,32.2 °C,3.2 °C,28 °C,29.0 °C,76,68
2026-01-14 10:00:00,31.5 °C,21.6 °C,32.4 °C,4.4 °C,28 °C,28.7 °C,73,63
2026-01-14 10:30:00,29.0 °C,21.8 °C,30.0 °C,5.3 °C,28 °C,28.5 °C,61,52
2026-01-14 11:00:00,26.8 °C,21.8 °C,27.5 °C,5.4 °C,28 °C,28.5 °C,69,59
2026-01-14 11:30:00,26.1 °C,21.8 °C,26.8 °C,5.7 °C,28 °C,28.5 °C,64,56
2026-01-14 12:00:00,28.1 °C,22.1 °C,28.7 °C,5.2 °C,28 °C,28.6 °C,71,59
2026-01-14 12:30:00,30.7 °C,22.0 °C,31.6 °C,5.2 °C,28 °C,28.6 °C,67,58
2026-01-14 13:00:00,30.6 °C,22.1 °C,31.3 °C,5.3 °C,28 °C,28.5 °C,67,57
2026-01-14 13:30:00,27.9 °C,21.8 °C,28.4 °C,6.0 °C,28 °C,28.4 °C,65,56
2026-01-14 14:00:00,26.1 °C,21.4 °C,25.9 °C,5.8 °C,28 °C,28.4 °C,65,57
2026-01-14 14:30:00,26.6 °C,21.3 °C,27.8 °C,5.4 °C,28 °C,28.5 °C,64,56
2026-01-14 15:00:00,28.5 °C,21.2 °C,29.5 °C,6.0 °C,28 °C,28.4 °C,66,53
2026-01-14 15:30:00,31.2 °C,21.4 °C,31.7 °C,5.7 °C,28 °C,28.5 °C,68,59
2026-01-14 16:00:00,30.6 °C,21.2 °C,31.6 °C,5.2 °C,28 °C,28.6 °C,73,63
2026-01-14 16:30:00,27.5 °C,21.6 °C,28.7 °C,5.6 °C,28 °C,28.5 °C,69,59
2026-01-14 17:00:00,24.8 °C,21.4 °C,26.4 °C,5.7 °C,28 °C,28.5 °C,66,57
2026-01-14 17:30:00,25.0 °C,21.4 °C,26.9 °C,5.2 °C,28 °C,28.6 °C,67,57
2026-01-14 18:00:00,27.4 °C,21.4 °C,29.9 °C,4.7 °C,28 °C,28.7 °C,60,50
2026-01-14 18:30:00,30.2 °C,21.5 °C,32.0 °C,4.5 °C,28 °C,28.7 °C,68,54
2026-01-14 19:00:00,30.3 °C,21.7 °C,32.3 °C,4.4 °C,28 °C,28.7 °C,70,60
2026-01-14 19:30:00,28.5 °C,22.2 °C,29.7 °C,4.0 °C,28 °C,28.8 °C,68,58
2026-01-14 20:00:00,16.2 °C,21.1 °C,15.9 °C,3.4 °C,28 °C,28.9 °C,0,0
2026-01-14 20:30:00,15.4 °C,21.2 °C,15.2 °C,2.5 °C,28 °C,29.1 °C,0,0
2026-01-14 21:00:00,15.8 °C,21.1 °C,14.7 °C,1.6 °C,28 °C,29.3 °C,0,0
2026-01-14 21:30:00,15.8 °C,21.3 °C,14.7 °C,0.9 °C,28 °C,29.4 °C,0,0
2026-01-14 22:00:00,15.2 °C,21.4 °C,14.4 °C,-0.2 °C,28 °C,29.6 °C,0,0
2026-01-14 22:30:00,15.5 °C,21.4 °C,14.1 °C,-1.3 °C,28 °C,29.9 °C,0,0
2026-01-14 23:00:00,14.9 °C,20.9 °C,13.9 °C,-1.7 °C,28 °C,29.9 °C,0,0
2026-01-14 23:30:00,15.1 °C,20.8 °C,14.1 °C,-1.5 °C,28 °C,29.9 °C,0,0
2026-01-15 00:00:00,14.2 °C,20.6 °C,12.8 °C,-3.1 °C,28 °C,30.2 °C,0,0
2026-01-15 00:30:00,14.1 °C,20.5 °C,12.8 °C,-3.5 °C,28 °C,30.3 °C,0,0
2026-01-15 01:00:00,14.1 °C,20.3 °C,12.6 °C,-3.5 °C,28 °C,30.3 °C,0,0
2026-01-15 01:30:00,14.3 °C,20.2 °C,12.6 °C,-2.9 °C,28 °C,30.2 °C,0,0
2026-01-15 02:00:00,14.8 °C,20.2 °C,13.4 °C,-2.0 °C,28 °C,30.0 °C,0,0
2026-01-15 02:30:00,14.6 °C,20.1 °C,12.7 °C,-2.3 °C,28 °C,30.1 °C,0,0
2026-01-15 03:00:00,14.9 °C,20.1 °C,13.1 °C,-1.1 °C,28 °C,29.8 °C,0,0
2026-01-15 03:30:00,14.7 °C,20.0 °C,13.6 °C,-1.0 °C,28 °C,29.8 °C,0,0
2026-01-15 04:00:00,14.5 °C,20.1 °C,13.8 °C,-0.5 °C,28 °C,29.7 °C,0,0
2026-01-15 04:30:00,13.9 °C,19.9 °C,13.2 °C,-1.1 °C,28 °C,29.8 °C,0,0
2026-01-15 05:00:00,13.9 °C,19.9 °C,13.3 °C,-0.7 °C,28 °C,29.7 °C,0,0
2026-01-15 05:30:00,14.5 °C,19.9 °C,14.1 °C,0.0 °C,28 °C,29.6 °C,0,0
2026-01-15 06:00:00,28.2 °C,20.3 °C,31.0 °C,-0.2 °C,28 °C,29.6 °C,79,66
2026-01-15 06:30:00,30.6 °C,21.0 °C,34.4 °C,-1.4 °C,28 °C,29.9 °C,83,75
2026-01-15 07:00:00,31.0 °C,21.2 °C,35.4 °C,-0.7 °C,28 °C,29.7 °C,75,64
2026-01-15 07:30:00,28.3 °C,21.4 °C,32.2 °C,-0.3 °C,28 °C,29.7 °C,79,69
2026-01-15 08:00:00,25.2 °C,21.3 °C,28.8 °C,1.1 °C,28 °C,29.4 °C,74,68
2026-01-15 08:30:00,25.7 °C,21.3 °C,29.3 °C,1.4 °C,28 °C,29.3 °C,70,59
2026-01-15 09:00:00,28.7 °C,21.1 °C,32.3 °C,1.5 °C,28 °C,29.3 °C,72,60
2026-01-15 09:30:00,31.3 °C,21.3 °C,34.2 °C,1.5 °C,28 °C,29.3 °C,71,60
2026-01-15 10:00:00,30.9 °C,20.9 °C,33.2 °C,1.8 °C,28 °C,29.2 °C,76,63
2026-01-15 10:30:00,28.0 °C,20.6 °C,29.5 °C,4.1 °C,28 °C,28.8 °C,66,57
2026-01-15 11:00:00,25.5 °C,20.6 °C,26.9 °C,3.6 °C,28 °C,28.9 °C,72,63
2026-01-15 11:30:00,25.6 °C,21.1 °C,26.9 °C,3.4 °C,28 °C,28.9 °C,71,60
2026-01-15 12:00:00,28.3 °C,20.8 °C,29.4 °C,3.9 °C,28 °C,28.8 °C,71,63
2026-01-15 12:30:00,30.4 °C,21.0 °C,31.8 °C,5.6 °C,28 °C,28.5 °C,67,58
2026-01-15 13:00:00,30.3 °C,20.6 °C,31.0 °C,6.4 °C,28 °C,28.3 °C,63,53
2026-01-15 13:30:00,27.5 °C,20.7 °C,27.9 °C,7.5 °C,28 °C,28.1 °C,65,56
2026-01-15 14:00:00,25.4 °C,21.2 °C,25.6 °C,7.3 °C,28 °C,28.1 °C,65,54
2026-01-15 14:30:00,25.8 °C,21.4 °C,26.6 °C,6.5 °C,28 °C,28.3 °C,64,53
2026-01-15 15:00:00,27.5 °C,20.9 °C,28.5 °C,6.3 °C,28 °C,28.3 °C,74,59
2026-01-15 15:30:00,29.3 °C,21.0 °C,30.6 °C,6.2 °C,28 °C,28.4 °C,63,52
2026-01-15 16:00:00,29.4 °C,21.0 °C,30.2 °C,6.1 °C,28 °C,28.4 °C,68,58
2026-01-15 16:30:00,27.5 °C,21.3 °C,28.5 °C,5.8 °C,28 °C,28.4 °C,69,56
2026-01-15 17:00:00,25.6 °C,21.3 °C,26.4 °C,5.9 °C,28 °C,28.4 °C,66,58
2026-01-15 17:30:00,26.1 °C,21.0 °C,26.6 °C,5.2 °C,28 °C,28.6 °C,69,58
2026-01-15 18:00:00,28.7 °C,21.1 °C,29.5 °C,4.3 °C,28 °C,28.7 °C,71,62
2026-01-15 18:30:00,31.9 °C,20.9 °C,32.5 °C,3.2 °C,28 °C,29.0 °C,71,62
2026-01-15 19:00:00,31.6 °C,20.5 °C,32.3 °C,3.0 °C,28 °C,29.0 °C,70,60
2026-01-15 19:30:00,29.1 °C,20.6 °C,29.8 °C,2.7 °C,28 °C,29.1 °C,72,61
2026-01-15 20:00:00,15.0 °C,19.8 °C,15.3 °C,2.9 °C,28 °C,29.0 °C,0,0
2026-01-15 20:30:00,15.2 °C,20.0 °C,15.6 °C,3.2 °C,28 °C,29.0 °C,0,0
2026-01-15 21:00:00,15.1 °C,20.3 °C,15.1 °C,1.9 °C,28 °C,29.2 °C,0,0
2026-01-15 21:30:00,15.4 °C,20.3 °C,14.6 °C,1.3 °C,28 °C,29.3 °C,0,0
2026-01-15 22:00:00,14.6 °C,20.0 °C,13.9 °C,0.6 °C,28 °C,29.5 °C,0,0
2026-01-15 22:30:00,14.6 °C,19.8 °C,13.2 °C,-0.8 °C,28 °C,29.8 °C,0,0
2026-01-15 23:00:00,14.8 °C,19.9 °C,13.3 °C,-1.6 °C,28 °C,29.9 °C,0,0
2026-01-15 23:30:00,14.7 °C,20.3 °C,13.7 °C,-1.0 °C,28 °C,29.8 °C,0,0
2026-01-16 00:00:00,14.1 °C,20.4 °C,13.7 °C,-1.8 °C,28 °C,30.0 °C,0,0
2026-01-16 00:30:00,13.7 °C,20.4 °C,13.0 °C,-2.6 °C,28 °C,30.1 °C,0,0
2026-01-16 01:00:00,13.4 °C,20.4 °C,12.9 °C,-2.8 °C,28 °C,30.2 °C,0,0
2026-01-16 01:30:00,13.7 °C,20.4 °C,13.2 °C,-2.5 °C,28 °C,30.1 °C,0,0
2026-01-16 02:00:00,14.1 °C,20.9 °C,13.8 °C,-2.8 °C,28 °C,30.2 °C,0,0
2026-01-16 02:30:00,14.1 °C,20.9 °C,13.4 °C,-2.8 °C,28 °C,30.2 °C,0,0
2026-01-16 03:00:00,13.7 °C,20.8 °C,13.4 °C,-4.2 °C,28 °C,30.4 °C,0,0
2026-01-16 03:30:00,13.8 °C,20.8 °C,14.0 °C,-3.6 °C,28 °C,30.3 °C,0,0
2026-01-16 04:00:00,13.8 °C,20.7 °C,14.2 °C,-3.3 °C,28 °C,30.3 °C,0,0
2026-01-16 04:30:00,14.3 °C,20.3 °C,14.5 °C,-2.4 °C,28 °C,30.1 °C,0,0
2026-01-16 05:00:00,13.1 °C,19.9 °C,13.8 °C,-3.3 °C,28 °C,30.3 °C,0,0
2026-01-16 05:30:00,13.1 °C,19.8 °C,13.5 °C,-3.0 °C,28 °C,30.2 °C,0,0
2026-01-16 06:00:00,28.9 °C,21.1 °C,30.2 °C,-1.9 °C,28 °C,30.0 °C,78,66
2026-01-16 06:30:00,31.7 °C,21.4 °C,33.4 °C,-1.7 °C,28 °C,29.9 °C,84,72
2026-01-16 07:00:00,31.8 °C,21.2 °C,33.4 °C,-1.1 °C,28 °C,29.8 °C,80,70
2026-01-16 07:30:00,29.3 °C,21.2 °C,31.8 °C,-0.7 °C,28 °C,29.7 °C,76,65
2026-01-16 08:00:00,26.9 °C,21.3 °C,29.5 °C,-0.3 °C,28 °C,29.7 °C,80,69
2026-01-16 08:30:00,26.7 °C,21.1 °C,29.1 °C,1.1 °C,28 °C,29.4 °C,78,69
2026-01-16 09:00:00,28.6 °C,21.5 °C,30.4 °C,0.9 °C,28 °C,29.4 °C,73,62
2026-01-16 09:30:00,30.8 °C,21.7 °C,31.8 °C,1.5 °C,28 °C,29.3 °C,73,65
2026-01-16 10:00:00,30.9 °C,21.8 °C,31.7 °C,2.4 °C,28 °C,29.1 °C,73,63
2026-01-16 10:30:00,28.5 °C,21.8 °C,29.6 °C,3.6 °C,28 °C,28.9 °C,68,57
2026-01-16 11:00:00,26.0 °C,21.4 °C,28.3 °C,4.0 °C,28 °C,28.8 °C,68,59
2026-01-16 11:30:00,25.6 °C,21.8 °C,27.9 °C,5.1 °C,28 °C,28.6 °C,67,52
2026-01-16 12:00:00,27.4 °C,21.9 °C,30.1 °C,5.5 °C,28 °C,28.5 °C,67,58
2026-01-16 12:30:00,30.2 °C,22.0 °C,32.3 °C,5.9 °C,28 °C,28.4 °C,76,67
2026-01-16 13:00:00,30.4 °C,21.8 °C,32.7 °C,6.3 °C,28 °C,28.3 °C,64,49
2026-01-16 13:30:00,28.3 °C,21.6 °C,30.6 °C,6.9 °C,28 °C,28.2 °C,61,47
2026-01-16 14:00:00,25.4 °C,21.8 °C,27.1 °C,7.3 °C,28 °C,28.1 °C,67,57
2026-01-16 14:30:00,25.6 °C,22.0 °C,28.0 °C,6.7 °C,28 °C,28.3 °C,66,55
2026-01-16 15:00:00,27.7 °C,22.4 °C,30.1 °C,6.8 °C,28 °C,28.2 °C,64,54
2026-01-16 15:30:00,30.2 °C,22.2 °C,33.0 °C,7.1 °C,28 °C,28.2 °C,67,58
2026-01-16 16:00:00,31.2 °C,22.1 °C,34.0 °C,7.8 °C,28 °C,28.0 °C,60,53
2026-01-16 16:30:00,29.3 °C,21.5 °C,31.8 °C,6.8 °C,28 °C,28.2 °C,66,55
2026-01-16 17:00:00,26.4 °C,20.9 °C,28.5 °C,6.8 °C,28 °C,28.2 °C,65,56
2026-01-16 17:30:00,26.4 °C,21.1 °C,28.3 °C,6.2 °C,28 °C,28.4 °C,66,55
2026-01-16 18:00:00,28.7 °C,21.0 °C,31.4 °C,5.9 °C,28 °C,28.4 °C,67,58
2026-01-16 18:30:00,31.4 °C,20.6 °C,33.5 °C,4.7 °C,28 °C,28.7 °C,76,65
2026-01-16 19:00:00,30.8 °C,20.4 °C,33.3 °C,4.2 °C,28 °C,28.8 °C,68,55
2026-01-16 19:30:00,28.7 °C,20.6 °C,30.9 °C,3.9 °C,28 °C,28.8 °C,68,56
2026-01-16 20:00:00,14.4 °C,19.9 °C,14.2 °C,2.7 °C,28 °C,29.1 °C,0,0
2026-01-16 20:30:00,14.6 °C,19.6 °C,14.8 °C,3.1 °C,28 °C,29.0 °C,0,0
2026-01-16 21:00:00,14.5 °C,20.0 °C,14.3 °C,1.5 °C,28 °C,29.3 °C,0,0
2026-01-16 21:30:00,14.3 °C,19.9 °C,14.4 °C,1.3 °C,28 °C,29.3 °C,0,0
2026-01-16 22:00:00,13.5 °C,20.1 °C,13.8 °C,-0.7 °C,28 °C,29.7 °C,0,0
2026-01-16 22:30:00,13.4 °C,20.2 °C,13.4 °C,-1.3 °C,28 °C,29.9 °C,0,0
2026-01-16 23:00:00,13.5 °C,20.2 °C,13.7 °C,-1.4 °C,28 °C,29.9 °C,0,0
2026-01-16 23:30:00,13.3 °C,20.0 °C,13.4 °C,-1.3 °C,28 °C,29.9 °C,0,0
2026-01-17 00:00:00,13.1 °C,20.1 °C,13.2 °C,-1.8 °C,28 °C,30.0 °C,0,0
2026-01-17 00:30:00,13.1 °C,20.2 °C,13.5 °C,-2.2 °C,28 °C,30.0 °C,0,0
2026-01-17 01:00:00,13.4 °C,20.3 °C,13.5 °C,-2.1 °C,28 °C,30.0 °C,0,0
2026-01-17 01:30:00,13.6 °C,20.3 °C,13.7 °C,-1.8 °C,28 °C,30.0 °C,0,0
2026-01-17 02:00:00,14.4 °C,20.7 °C,14.1 °C,-1.2 °C,28 °C,29.8 °C,0,0
2026-01-17 02:30:00,13.9 °C,20.6 °C,13.7 °C,-2.2 °C,28 °C,30.0 °C,0,0
2026-01-17 03:00:00,14.2 °C,20.7 °C,13.4 °C,-2.4 °C,28 °C,30.1 °C,0,0
2026-01-17 03:30:00,13.5 °C,20.7 °C,13.3 °C,-3.7 °C,28 °C,30.3 °C,0,0
2026-01-17 04:00:00,13.7 °C,21.1 °C,13.4 °C,-4.3 °C,28 °C,30.5 °C,0,0
2026-01-17 04:30:00,13.4 °C,20.7 °C,13.4 °C,-4.3 °C,28 °C,30.5 °C,0,0
2026-01-17 05:00:00,14.5 °C,21.0 °C,13.9 °C,-3.3 °C,28 °C,30.3 °C,0,0
2026-01-17 05:30:00,14.2 °C,20.9 °C,14.2 °C,-3.1 °C,28 °C,30.2 °C,0,0
2026-01-17 06:00:00,14.4 °C,21.4 °C,14.7 °C,-2.7 °C,28 °C,30.1 °C,0,0
2026-01-17 06:30:00,14.4 °C,21.4 °C,15.3 °C,-2.0 °C,28 °C,30.0 °C,0,0
2026-01-17 07:00:00,34.3 °C,22.5 °C,36.2 °C,-1.8 °C,28 °C,30.0 °C,81,72
2026-01-17 18:30:00,18.2 °C,22.0 °C,18.2 °C,6.7 °C,28 °C,28.3 °C,0,0
2026-01-17 19:00:00,18.5 °C,21.9 °C,-20.0 °C,6.7 °C,28 °C,28.3 °C,0,0
2026-01-17 19:30:00,18.4 °C,21.9 °C,17.2 °C,6.0 °C,28 °C,28.4 °C,0,0
2026-01-17 20:00:00,18.4 °C,22.3 °C,17.6 °C,5.1 °C,28 °C,28.6 °C,0,0
2026-01-17 20:30:00,18.2 °C,22.9 °C,17.3 °C,4.1 °C,28 °C,28.8 °C,0,0
2026-01-17 21:00:00,17.5 °C,22.5 °C,16.8 °C,3.3 °C,28 °C,28.9 °C,0,0
2026-01-17 21:30:00,17.4 °C,22.6 °C,16.4 °C,2.5 °C,28 °C,29.1 °C,0,0
2026-01-17 22:00:00,16.4 °C,22.2 °C,15.9 °C,1.6 °C,28 °C,29.3 °C,0,0
2026-01-17 22:30:00,16.3 °C,22.0 °C,15.0 °C,0.8 °C,28 °C,29.4 °C,0,0
2026-01-17 23:00:00,15.5 °C,21.7 °C,14.7 °C,-0.5 °C,28 °C,29.7 °C,0,0
2026-01-17 23:30:00,15.3 °C,22.0 °C,15.2 °C,-1.3 °C,28 °C,29.9 °C,0,0
2026-01-18 00:00:00,15.0 °C,21.9 °C,15.0 °C,-2.6 °C,28 °C,30.1 °C,0,0
2026-01-18 00:30:00,15.0 °C,21.9 °C,14.6 °C,-2.6 °C,28 °C,30.1 °C,0,0
2026-01-18 01:00:00,14.7 °C,21.8 °C,14.6 °C,-2.8 °C,28 °C,30.2 °C,0,0
2026-01-18 01:30:00,14.4 °C,21.8 °C,14.5 °C,-3.0 °C,28 °C,30.2 °C,0,0
2026-01-18 02:00:00,14.2 °C,21.8 °C,14.6 °C,-2.6 °C,28 °C,30.1 °C,0,0
2026-01-18 02:30:00,13.3 °C,21.5 °C,14.7 °C,-3.2 °C,28 °C,30.2 °C,0,0
2026-01-18 03:00:00,13.3 °C,21.0 °C,14.1 °C,-3.6 °C,28 °C,30.3 °C,0,0
2026-01-18 03:30:00,12.8 °C,20.7 °C,13.7 °C,-4.3 °C,28 °C,30.5 °C,0,0
2026-01-18 04:00:00,12.6 °C,20.3 °C,13.2 °C,-3.4 °C,28 °C,30.3 °C,0,0
2026-01-18 04:30:00,13.1 °C,20.4 °C,13.5 °C,-2.7 °C,28 °C,30.1 °C,0,0
2026-01-18 05:00:00,13.2 °C,20.2 °C,14.0 °C,-1.6 °C,28 °C,29.9 °C,0,0
2026-01-18 05:30:00,13.6 °C,20.5 °C,14.5 °C,-0.4 °C,28 °C,29.7 °C,0,0
2026-01-18 06:00:00,14.0 °C,20.6 °C,14.7 °C,-0.3 °C,28 °C,29.7 °C,0,0
2026-01-18 06:30:00,13.9 °C,20.2 °C,14.1 °C,-0.4 °C,28 °C,29.7 °C,0,0
2026-01-18 07:00:00,13.8 °C,20.1 °C,13.7 °C,-1.0 °C,28 °C,29.8 °C,0,0
2026-01-18 07:30:00,13.3 °C,19.7 °C,13.4 °C,-1.1 °C,28 °C,29.8 °C,0,0
2026-01-18 08:00:00,13.4 °C,19.5 °C,13.2 °C,-0.6 °C,28 °C,29.7 °C,0,0
2026-01-18 08:30:00,13.4 °C,19.5 °C,13.4 °C,-1.1 °C,28 °C,29.8 °C,0,0
2026-01-18 09:00:00,13.4 °C,19.4 °C,13.7 °C,-0.9 °C,28 °C,29.8 °C,0,0
2026-01-18 09:30:00,14.4 °C,20.0 °C,14.5 °C,-0.1 °C,28 °C,29.6 °C,0,0
2026-01-18 10:00:00,14.7 °C,20.3 °C,14.3 °C,1.3 °C,28 °C,29.3 °C,0,0
2026-01-18 10:30:00,14.7 °C,20.2 °C,14.3 °C,1.6 °C,28 °C,29.3 °C,0,0
2026-01-18 11:00:00,15.4 °C,20.7 °C,15.1 °C,2.4 °C,28 °C,29.1 °C,0,0
2026-01-18 11:30:00,15.6 °C,20.4 °C,15.5 °C,4.2 °C,28 °C,28.8 °C,0,0
2026-01-18 12:00:00,15.6 °C,20.4 °C,15.2 °C,3.6 °C,28 °C,28.9 °C,0,0
2026-01-18 12:30:00,16.5 °C,20.6 °C,16.0 °C,4.8 °C,28 °C,28.6 °C,0,0
2026-01-18 13:00:00,16.4 °C,20.4 °C,16.3 °C,5.5 °C,28 °C,28.5 °C,0,0
2026-01-18 13:30:00,16.9 °C,20.6 °C,16.9 °C,6.5 °C,28 °C,28.3 °C,0,0
2026-01-18 14:00:00,17.1 °C,20.7 °C,16.7 °C,7.3 °C,28 °C,28.1 °C,0,0
2026-01-18 14:30:00,17.0 °C,20.8 °C,16.4 °C,6.9 °C,28 °C,28.2 °C,0,0
2026-01-18 15:00:00,17.6 °C,21.3 °C,16.8 °C,6.9 °C,28 °C,28.2 °C,0,0
2026-01-18 15:30:00,17.1 °C,21.4 °C,16.0 °C,5.9 °C,28 °C,28.4 °C,0,0
2026-01-18 16:00:00,17.1 °C,21.3 °C,16.4 °C,5.6 °C,28 °C,28.5 °C,0,0
2026-01-18 16:30:00,16.6 °C,20.9 °C,16.2 °C,5.5 °C,28 °C,28.5 °C,0,0
2026-01-18 17:00:00,16.4 °C,20.9 °C,16.0 °C,5.5 °C,28 °C,28.5 °C,0,0
2026-01-18 17:30:00,16.6 °C,20.8 °C,15.8 °C,5.7 °C,28 °C,28.5 °C,0,0
2026-01-18 18:00:00,16.9 °C,20.8 °C,16.4 °C,6.2 °C,28 °C,28.4 °C,0,0
2026-01-18 18:30:00,16.4 °C,20.7 °C,15.7 °C,5.4 °C,28 °C,28.5 °C,0,0
2026-01-18 19:00:00,16.4 °C,20.8 °C,15.3 °C,5.6 °C,28 °C,28.5 °C,0,0
2026-01-18 19:30:00,16.1 °C,20.6 °C,14.7 °C,5.1 °C,28 °C,28.6 °C,0,0
2026-01-18 20:00:00,15.7 °C,20.6 °C,14.6 °C,3.6 °C,28 °C,28.9 °C,0,0
2026-01-18 20:30:00,15.2 °C,20.4 °C,14.8 °C,2.9 °C,28 °C,29.0 °C,0,0
2026-01-18 21:00:00,15.2 °C,20.0 °C,14.7 °C,2.3 °C,28 °C,29.1 °C,0,0
2026-01-18 21:30:00,14.5 °C,20.0 °C,14.2 °C,1.2 °C,28 °C,29.4 °C,0,0
2026-01-18 22:00:00,13.9 °C,20.2 °C,14.1 °C,0.0 °C,28 °C,29.6 °C,0,0
2026-01-18 22:30:00,13.5 °C,20.0 °C,13.8 °C,-1.1 °C,28 °C,29.8 °C,0,0
2026-01-18 23:00:00,12.9 °C,20.2 °C,13.7 °C,-1.8 °C,28 °C,30.0 °C,0,0
2026-01-18 23:30:00,12.5 °C,20.1 °C,12.8 °C,-2.6 °C,28 °C,30.1 °C,0,0
2026-01-19 00:00:00,12.4 °C,19.9 °C,12.8 °C,-2.1 °C,28 °C,30.0 °C,0,0
2026-01-19 00:30:00,12.1 °C,20.2 °C,12.7 °C,-3.9 °C,28 °C,30.4 °C,0,0
2026-01-19 01:00:00,12.1 °C,20.1 °C,13.2 °C,-3.9 °C,28 °C,30.4 °C,0,0
2026-01-19 01:30:00,12.4 °C,20.2 °C,13.5 °C,-3.7 °C,28 °C,30.3 °C,0,0
2026-01-19 02:00:00,11.9 °C,19.9 °C,13.4 °C,-4.3 °C,28 °C,30.5 °C,0,0
2026-01-19 02:30:00,11.9 °C,20.0 °C,13.7 °C,-4.3 °C,28 °C,30.5 °C,0,0
2026-01-19 03:00:00,12.3 °C,20.3 °C,13.6 °C,-4.4 °C,28 °C,30.5 °C,0,0
2026-01-19 03:30:00,12.0 °C,20.4 °C,13.3 °C,-4.2 °C,28 °C,30.4 °C,0,0
2026-01-19 04:00:00,12.6 °C,20.7 °C,14.0 °C,-3.5 °C,28 °C,30.3 °C,0,0
2026-01-19 04:30:00,12.4 °C,20.9 °C,14.8 °C,-2.9 °C,28 °C,30.2 °C,0,0
2026-01-19 05:00:00,12.6 °C,20.9 °C,14.6 °C,-2.9 °C,28 °C,30.2 °C,0,0
2026-01-19 05:30:00,12.8 °C,21.1 °C,14.9 °C,-3.3 °C,28 °C,30.3 °C,0,0
2026-01-19 06:00:00,30.3 °C,21.9 °C,32.6 °C,-2.7 °C,28 °C,30.1 °C,78,68
2026-01-19 06:30:00,32.7 °C,22.0 °C,33.8 °C,-2.5 °C,28 °C,30.1 °C,80,70
2026-01-19 07:00:00,32.6 °C,22.0 °C,34.2 °C,-2.1 °C,28 °C,30.0 °C,75,64
2026-01-19 07:30:00,29.4 °C,22.4 °C,30.9 °C,-1.3 °C,28 °C,29.9 °C,77,64
2026-01-19 08:00:00,26.7 °C,22.4 °C,28.5 °C,-0.8 °C,28 °C,29.8 °C,76,66
2026-01-19 08:30:00,26.8 °C,22.0 °C,29.4 °C,0.1 °C,28 °C,29.6 °C,76,65
2026-01-19 09:00:00,29.6 °C,22.1 °C,31.9 °C,2.3 °C,28 °C,29.1 °C,72,64
2026-01-19 09:30:00,31.6 °C,21.8 °C,32.5 °C,3.3 °C,28 °C,28.9 °C,70,59
2026-01-19 10:00:00,31.6 °C,22.0 °C,32.1 °C,4.6 °C,28 °C,28.7 °C,68,58
2026-01-19 10:30:00,29.1 °C,22.1 °C,29.7 °C,5.4 °C,28 °C,28.5 °C,72,62
2026-01-19 11:00:00,27.0 °C,21.9 °C,28.6 °C,5.8 °C,28 °C,28.4 °C,74,65
2026-01-19 11:30:00,26.5 °C,21.6 °C,27.9 °C,6.4 °C,28 °C,28.3 °C,67,54
2026-01-19 12:00:00,29.2 °C,21.7 °C,31.5 °C,7.0 °C,28 °C,28.2 °C,64,55
2026-01-19 12:30:00,31.9 °C,21.5 °C,33.0 °C,7.7 °C,28 °C,28.1 °C,61,48
2026-01-19 13:00:00,32.3 °C,21.3 °C,33.2 °C,7.9 °C,28 °C,28.0 °C,61,51
2026-01-19 13:30:00,30.4 °C,21.2 °C,32.0 °C,7.2 °C,28 °C,28.2 °C,64,55
2026-01-19 14:00:00,28.0 °C,21.4 °C,30.1 °C,6.4 °C,28 °C,28.3 °C,69,64
2026-01-19 14:30:00,28.0 °C,21.1 °C,29.0 °C,6.8 °C,28 °C,28.2 °C,62,50
2026-01-19 15:00:00,30.1 °C,20.9 °C,30.9 °C,6.1 °C,28 °C,28.4 °C,68,56
2026-01-19 15:30:00,31.4 °C,21.6 °C,32.2 °C,6.5 °C,28 °C,28.3 °C,64,51
2026-01-19 16:00:00,31.3 °C,22.1 °C,31.9 °C,7.2 °C,28 °C,28.2 °C,67,56
2026-01-19 16:30:00,28.8 °C,22.4 °C,30.1 °C,6.8 °C,28 °C,28.2 °C,64,59
2026-01-19 17:00:00,26.6 °C,22.3 °C,28.0 °C,7.2 °C,28 °C,28.2 °C,62,49
2026-01-19 17:30:00,27.0 °C,22.4 °C,27.7 °C,6.9 °C,28 °C,28.2 °C,63,47
2026-01-19 18:00:00,28.9 °C,22.3 °C,30.0 °C,6.4 °C,28 °C,28.3 °C,71,63
2026-01-19 18:30:00,32.3 °C,21.5 °C,33.8 °C,5.9 °C,28 °C,28.4 °C,67,58
2026-01-19 19:00:00,32.6 °C,21.4 °C,33.5 °C,4.8 °C,28 °C,28.6 °C,72,62
2026-01-19 19:30:00,29.7 °C,21.3 °C,30.3 °C,3.6 °C,28 °C,28.9 °C,72,62
2026-01-19 20:00:00,14.9 °C,20.5 °C,14.6 °C,2.1 °C,28 °C,29.2 °C,0,0
2026-01-19 20:30:00,15.3 °C,20.6 °C,14.4 °C,1.2 °C,28 °C,29.4 °C,0,0
2026-01-19 21:00:00,15.5 °C,21.0 °C,15.0 °C,2.0 °C,28 °C,29.2 °C,0,0
2026-01-19 21:30:00,15.6 °C,21.0 °C,14.7 °C,0.6 °C,28 °C,29.5 °C,0,0
2026-01-19 22:00:00,14.4 °C,20.8 °C,13.8 °C,-0.6 °C,28 °C,29.7 °C,0,0
2026-01-19 22:30:00,14.2 °C,20.7 °C,13.5 °C,-1.5 °C,28 °C,29.9 °C,0,0
2026-01-19 23:00:00,13.7 °C,20.9 °C,13.0 °C,-2.3 °C,28 °C,30.1 °C,0,0
2026-01-19 23:30:00,14.0 °C,20.8 °C,13.2 °C,-2.4 °C,28 °C,30.1 °C,0,0
2026-01-20 00:00:00,13.4 °C,20.6 °C,13.0 °C,-3.1 °C,28 °C,30.2 °C,0,0
2026-01-20 00:30:00,13.2 °C,20.8 °C,13.7 °C,-3.4 °C,28 °C,30.3 °C,0,0
2026-01-20 01:00:00,12.8 °C,20.5 °C,12.8 °C,-4.0 °C,28 °C,30.4 °C,0,0
2026-01-20 01:30:00,13.0 °C,20.3 °C,12.9 °C,-4.3 °C,28 °C,30.5 °C,0,0
2026-01-20 02:00:00,13.4 °C,20.5 °C,12.5 °C,-4.3 °C,28 °C,30.5 °C,0,0
2026-01-20 02:30:00,13.2 °C,20.3 °C,12.1 °C,-4.3 °C,28 °C,30.5 °C,0,0
2026-01-20 03:00:00,13.5 °C,20.3 °C,11.9 °C,-3.0 °C,28 °C,30.2 °C,0,0
2026-01-20 03:30:00,13.6 °C,20.3 °C,12.2 °C,-2.9 °C,28 °C,30.2 °C,0,0
2026-01-20 04:00:00,13.6 °C,20.4 °C,12.4 °C,-2.9 °C,28 °C,30.2 °C,0,0
2026-01-20 04:30:00,13.1 °C,20.2 °C,11.9 °C,-4.1 °C,28 °C,30.4 °C,0,0
2026-01-20 05:00:00,13.3 °C,20.3 °C,11.6 °C,-3.5 °C,28 °C,30.3 °C,0,0
2026-01-20 05:30:00,13.1 °C,20.1 °C,11.3 °C,-4.2 °C,28 °C,30.4 °C,0,0
2026-01-20 06:00:00,31.0 °C,21.5 °C,32.6 °C,-3.2 °C,28 °C,30.2 °C,87,75
2026-01-20 06:30:00,33.3 °C,21.4 °C,34.6 °C,-2.5 °C,28 °C,30.1 °C,80,67
2026-01-20 07:00:00,32.6 °C,21.6 °C,34.7 °C,-1.3 °C,28 °C,29.9 °C,82,74
2026-01-20 07:30:00,-20.0 °C,21.8 °C,31.7 °C,-1.1 °C,28 °C,29.8 °C,76,65
2026-01-20 08:00:00,26.8 °C,21.7 °C,29.6 °C,-0.4 °C,28 °C,29.7 °C,75,65
2026-01-20 08:30:00,27.2 °C,21.5 °C,29.8 °C,0.8 °C,28 °C,29.4 °C,76,67
2026-01-20 09:00:00,29.2 °C,21.7 °C,31.4 °C,0.9 °C,28 °C,29.4 °C,79,69
2026-01-20 09:30:00,31.1 °C,21.3 °C,33.3 °C,1.9 °C,28 °C,29.2 °C,72,61
2026-01-20 10:00:00,30.8 °C,21.0 °C,32.4 °C,2.9 °C,28 °C,29.0 °C,75,62
2026-01-20 10:30:00,28.8 °C,21.3 °C,30.6 °C,3.4 °C,28 °C,28.9 °C,72,62
2026-01-20 11:00:00,25.3 °C,21.2 °C,27.7 °C,4.9 °C,28 °C,28.6 °C,68,59
2026-01-20 11:30:00,25.0 °C,21.1 °C,27.0 °C,5.7 °C,28 °C,28.5 °C,69,56
2026-01-20 12:00:00,27.3 °C,21.0 °C,29.6 °C,5.0 °C,28 °C,28.6 °C,66,55
2026-01-20 12:30:00,29.9 °C,20.9 °C,32.3 °C,6.0 °C,28 °C,28.4 °C,70,56
2026-01-20 13:00:00,29.9 °C,21.5 °C,32.8 °C,5.9 °C,28 °C,28.4 °C,66,58
2026-01-20 13:30:00,27.3 °C,21.8 °C,30.9 °C,6.7 °C,28 °C,28.3 °C,68,54
2026-01-20 14:00:00,24.8 °C,21.6 °C,28.7 °C,7.0 °C,28 °C,28.2 °C,66,52
2026-01-20 14:30:00,25.5 °C,21.5 °C,29.2 °C,5.5 °C,28 °C,28.5 °C,68,59
2026-01-20 15:00:00,28.4 °C,21.7 °C,32.5 °C,6.0 °C,28 °C,28.4 °C,57,45
2026-01-20 15:30:00,31.2 °C,21.4 °C,35.1 °C,5.9 °C,28 °C,28.4 °C,65,52
2026-01-20 16:00:00,31.5 °C,21.3 °C,35.1 °C,5.5 °C,28 °C,28.5 °C,64,56
2026-01-20 16:30:00,29.6 °C,21.3 °C,32.8 °C,5.2 °C,28 °C,28.6 °C,70,60
2026-01-20 17:00:00,26.7 °C,21.1 °C,29.7 °C,5.5 °C,28 °C,28.5 °C,67,61
2026-01-20 17:30:00,26.9 °C,21.4 °C,30.4 °C,4.7 °C,28 °C,28.7 °C,64,51
2026-01-20 18:00:00,30.1 °C,21.3 °C,32.9 °C,5.0 °C,28 °C,28.6 °C,70,58
2026-01-20 18:30:00,31.9 °C,21.3 °C,34.0 °C,3.7 °C,28 °C,28.9 °C,70,59
2026-01-20 19:00:00,31.7 °C,21.4 °C,33.2 °C,3.5 °C,28 °C,28.9 °C,71,63
2026-01-20 19:30:00,28.8 °C,21.8 °C,30.9 °C,3.5 °C,28 °C,28.9 °C,72,58
2026-01-20 20:00:00,16.5 °C,20.9 °C,15.3 °C,3.4 °C,28 °C,28.9 °C,0,0
2026-01-20 20:30:00,16.6 °C,21.4 °C,15.6 °C,3.0 °C,28 °C,29.0 °C,0,0
2026-01-20 21:00:00,15.7 °C,21.2 °C,15.4 °C,2.2 °C,28 °C,29.2 °C,0,0
2026-01-20 21:30:00,15.3 °C,21.1 °C,14.8 °C,1.3 °C,28 °C,29.3 °C,0,0
2026-01-20 22:00:00,15.6 °C,21.3 °C,13.8 °C,-0.0 °C,28 °C,29.6 °C,0,0
2026-01-20 22:30:00,15.5 °C,21.8 °C,13.9 °C,-0.9 °C,28 °C,29.8 °C,0,0
2026-01-20 23:00:00,15.0 °C,21.6 °C,13.6 °C,-1.9 °C,28 °C,30.0 °C,0,0
2026-01-20 23:30:00,14.9 °C,21.8 °C,13.0 °C,-2.9 °C,28 °C,30.2 °C,0,0
2026-01-21 00:00:00,15.3 °C,21.9 °C,13.5 °C,-2.0 °C,28 °C,30.0 °C,0,0
2026-01-21 00:30:00,14.4 °C,21.6 °C,13.2 °C,-3.3 °C,28 °C,30.3 °C,0,0
2026-01-21 01:00:00,14.7 °C,21.6 °C,13.6 °C,-2.8 °C,28 °C,30.2 °C,0,0
2026-01-21 01:30:00,14.4 °C,21.5 °C,13.0 °C,-3.7 °C,28 °C,30.3 °C,0,0
2026-01-21 02:00:00,13.5 °C,21.1 °C,12.8 °C,-4.3 °C,28 °C,30.5 °C,0,0
2026-01-21 02:30:00,12.7 °C,21.1 °C,12.9 °C,-4.9 °C,28 °C,30.6 °C,0,0
2026-01-21 03:00:00,12.5 °C,21.1 °C,13.2 °C,-5.3 °C,28 °C,30.7 °C,0,0
2026-01-21 03:30:00,12.6 °C,21.2 °C,13.8 °C,-4.4 °C,28 °C,30.5 °C,0,0
2026-01-21 04:00:00,12.9 °C,21.2 °C,14.3 °C,-3.8 °C,28 °C,30.4 °C,0,0
2026-01-21 04:30:00,12.8 °C,21.0 °C,14.2 °C,-3.6 °C,28 °C,30.3 °C,0,0
2026-01-21 05:00:00,14.1 °C,21.6 °C,15.0 °C,-1.5 °C,28 °C,29.9 °C,0,0
2026-01-21 05:30:00,14.3 °C,21.5 °C,15.4 °C,-1.2 °C,28 °C,29.8 °C,0,0
2026-01-21 06:00:00,30.2 °C,22.7 °C,30.6 °C,-0.8 °C,28 °C,29.8 °C,80,73
2026-01-21 06:30:00,32.0 °C,22.7 °C,32.3 °C,-0.8 °C,28 °C,29.8 °C,77,65
2026-01-21 07:00:00,32.1 °C,23.0 °C,33.6 °C,-0.8 °C,28 °C,29.8 °C,81,72
2026-01-21 07:30:00,29.5 °C,22.7 °C,30.6 °C,-0.5 °C,28 °C,29.7 °C,83,72
2026-01-21 08:00:00,27.5 °C,22.5 °C,29.1 °C,0.6 °C,28 °C,29.5 °C,75,67
2026-01-21 08:30:00,28.1 °C,22.3 °C,29.4 °C,1.6 °C,28 °C,29.3 °C,78,66
2026-01-21 09:00:00,29.9 °C,22.1 °C,30.7 °C,2.9 °C,28 °C,29.0 °C,75,64
2026-01-21 09:30:00,31.5 °C,22.2 °C,32.2 °C,3.0 °C,28 °C,29.0 °C,75,63
2026-01-21 10:00:00,30.7 °C,22.1 °C,32.3 °C,3.9 °C,28 °C,28.8 °C,73,66
2026-01-21 10:30:00,27.9 °C,21.7 °C,28.8 °C,4.6 °C,28 °C,28.7 °C,69,62
2026-01-21 11:00:00,25.5 °C,21.6 °C,26.8 °C,5.3 °C,28 °C,28.5 °C,64,53
2026-01-21 11:30:00,25.5 °C,21.5 °C,27.5 °C,5.2 °C,28 °C,28.6 °C,67,54
2026-01-21 12:00:00,27.5 °C,21.7 °C,29.2 °C,5.0 °C,28 °C,28.6 °C,70,60
2026-01-21 12:30:00,30.6 °C,21.4 °C,32.9 °C,5.7 °C,28 °C,28.5 °C,67,58
2026-01-21 13:00:00,30.7 °C,21.3 °C,33.4 °C,6.5 °C,28 °C,28.3 °C,60,51
2026-01-21 13:30:00,29.0 °C,21.1 °C,31.2 °C,6.4 °C,28 °C,28.3 °C,64,53
2026-01-21 14:00:00,25.7 °C,21.4 °C,27.4 °C,6.9 °C,28 °C,28.2 °C,62,54
2026-01-21 14:30:00,26.1 °C,21.3 °C,27.7 °C,7.7 °C,28 °C,28.1 °C,65,55
2026-01-21 15:00:00,28.5 °C,21.6 °C,30.2 °C,7.4 °C,28 °C,28.1 °C,67,55
2026-01-21 15:30:00,30.9 °C,21.6 °C,32.5 °C,6.4 °C,28 °C,28.3 °C,67,52
2026-01-21 16:00:00,31.1 °C,21.7 °C,33.0 °C,5.5 °C,28 °C,28.5 °C,63,57
2026-01-21 16:30:00,28.4 °C,22.0 °C,30.0 °C,5.0 °C,28 °C,28.6 °C,67,57
2026-01-21 17:00:00,26.1 °C,21.7 °C,27.2 °C,4.6 °C,28 °C,28.7 °C,66,51
2026-01-21 17:30:00,26.5 °C,21.6 °C,27.7 °C,4.4 °C,28 °C,28.7 °C,69,60
2026-01-21 18:00:00,28.2 °C,21.7 °C,29.6 °C,4.1 °C,28 °C,28.8 °C,72,59
2026-01-21 18:30:00,31.4 °C,21.8 °C,33.5 °C,3.6 °C,28 °C,28.9 °C,71,63
2026-01-21 19:00:00,31.5 °C,21.4 °C,33.8 °C,3.7 °C,28 °C,28.9 °C,71,63
2026-01-21 19:30:00,29.2 °C,21.6 °C,31.8 °C,2.8 °C,28 °C,29.0 °C,77,66
2026-01-21 20:00:00,16.0 °C,20.8 °C,15.5 °C,3.1 °C,28 °C,29.0 °C,0,0
2026-01-21 20:30:00,16.1 °C,20.8 °C,15.7 °C,3.1 °C,28 °C,29.0 °C,0,0
2026-01-21 21:00:00,15.8 °C,20.7 °C,16.0 °C,3.0 °C,28 °C,29.0 °C,0,0
2026-01-21 21:30:00,15.1 °C,19.9 °C,15.1 °C,1.9 °C,28 °C,29.2 °C,0,0
2026-01-21 22:00:00,14.9 °C,20.2 °C,15.0 °C,1.2 °C,28 °C,29.4 °C,0,0
2026-01-21 22:30:00,14.9 °C,20.4 °C,15.0 °C,1.1 °C,28 °C,29.4 °C,0,0
2026-01-21 23:00:00,14.8 °C,20.3 °C,14.5 °C,0.3 °C,28 °C,29.5 °C,0,0
2026-01-21 23:30:00,14.5 °C,20.0 °C,14.2 °C,-0.6 °C,28 °C,29.7 °C,0,0
2026-01-22 00:00:00,14.2 °C,19.9 °C,14.2 °C,-1.5 °C,28 °C,29.9 °C,0,0
2026-01-22 00:30:00,14.6 °C,20.3 °C,14.2 °C,-2.2 °C,28 °C,30.0 °C,0,0
2026-01-22 01:00:00,13.7 °C,20.2 °C,13.7 °C,-3.2 °C,28 °C,30.2 °C,0,0
2026-01-22 01:30:00,14.4 °C,20.3 °C,14.3 °C,-1.6 °C,28 °C,29.9 °C,0,0
2026-01-22 02:00:00,13.7 °C,20.3 °C,13.5 °C,-3.0 °C,28 °C,30.2 °C,0,0
2026-01-22 02:30:00,13.5 °C,20.4 °C,13.8 °C,-3.6 °C,28 °C,30.3 °C,0,0
2026-01-22 03:00:00,13.4 °C,20.1 °C,14.0 °C,-3.2 °C,28 °C,30.2 °C,0,0
2026-01-22 03:30:00,13.3 °C,20.1 °C,14.0 °C,-3.5 °C,28 °C,30.3 °C,0,0
2026-01-22 04:00:00,13.3 °C,20.5 °C,14.0 °C,-3.4 °C,28 °C,30.3 °C,0,0
2026-01-22 04:30:00,13.0 °C,20.3 °C,13.9 °C,-2.9 °C,28 °C,30.2 °C,0,0
2026-01-22 05:00:00,12.8 °C,20.3 °C,13.6 °C,-1.9 °C,28 °C,30.0 °C,0,0
2026-01-22 05:30:00,13.1 °C,20.6 °C,13.7 °C,-1.8 °C,28 °C,30.0 °C,0,0
2026-01-22 06:00:00,29.7 °C,21.7 °C,33.1 °C,-0.8 °C,28 °C,29.8 °C,81,72
2026-01-22 06:30:00,32.1 °C,21.8 °C,35.5 °C,-1.4 °C,28 °C,29.9 °C,74,64
2026-01-22 07:00:00,30.9 °C,21.9 °C,35.0 °C,-1.2 °C,28 °C,29.8 °C,81,69
2026-01-22 07:30:00,29.0 °C,22.0 °C,32.8 °C,-0.3 °C,28 °C,29.7 °C,76,72
2026-01-22 08:00:00,26.4 °C,21.9 °C,30.2 °C,1.6 °C,28 °C,29.3 °C,71,62
2026-01-22 08:30:00,26.6 °C,22.1 °C,29.7 °C,1.5 °C,28 °C,29.3 °C,75,67
2026-01-22 09:00:00,29.0 °C,22.0 °C,32.0 °C,1.4 °C,28 °C,29.3 °C,74,66
2026-01-22 09:30:00,31.4 °C,21.7 °C,33.0 °C,2.3 °C,28 °C,29.1 °C,77,67
2026-01-22 10:00:00,31.3 °C,21.4 °C,33.0 °C,2.9 °C,28 °C,29.0 °C,70,58
2026-01-22 10:30:00,28.8 °C,21.2 °C,31.0 °C,3.1 °C,28 °C,29.0 °C,75,65
2026-01-22 11:00:00,26.1 °C,21.1 °C,29.2 °C,2.9 °C,28 °C,29.0 °C,72,60
2026-01-22 11:30:00,26.1 °C,21.0 °C,29.3 °C,3.3 °C,28 °C,28.9 °C,73,59
2026-01-22 12:00:00,28.1 °C,20.8 °C,31.0 °C,4.2 °C,28 °C,28.8 °C,69,63
2026-01-22 12:30:00,30.0 °C,21.0 °C,32.4 °C,4.5 °C,28 °C,28.7 °C,66,58
2026-01-22 13:00:00,30.0 °C,20.8 °C,32.1 °C,5.6 °C,28 °C,28.5 °C,70,60
2026-01-22 13:30:00,28.0 °C,21.0 °C,29.3 °C,5.9 °C,28 °C,28.4 °C,67,57
2026-01-22 14:00:00,25.2 °C,21.3 °C,26.5 °C,6.4 °C,28 °C,28.3 °C,65,56
2026-01-22 14:30:00,25.0 °C,22.0 °C,25.7 °C,6.7 °C,28 °C,28.3 °C,68,58
2026-01-22 15:00:00,26.9 °C,21.8 °C,27.4 °C,6.5 °C,28 °C,28.3 °C,70,59
2026-01-22 15:30:00,28.8 °C,21.8 °C,29.4 °C,7.0 °C,28 °C,28.2 °C,63,56
2026-01-22 16:00:00,28.7 °C,21.6 °C,29.5 °C,6.1 °C,28 °C,28.4 °C,71,60
2026-01-22 16:30:00,26.9 °C,21.3 °C,27.1 °C,5.6 °C,28 °C,28.5 °C,65,57
2026-01-22 17:00:00,24.1 °C,21.2 °C,24.2 °C,5.2 °C,28 °C,28.6 °C,69,59
2026-01-22 17:30:00,24.4 °C,21.1 °C,25.2 °C,5.2 °C,28 °C,28.6 °C,71,61
2026-01-22 18:00:00,26.9 °C,20.8 °C,28.5 °C,5.2 °C,28 °C,28.6 °C,58,47
2026-01-22 18:30:00,29.9 °C,21.0 °C,31.5 °C,4.3 °C,28 °C,28.7 °C,67,54
2026-01-22 19:00:00,30.7 °C,20.8 °C,33.4 °C,3.3 °C,28 °C,28.9 °C,70,58
2026-01-22 19:30:00,28.4 °C,21.0 °C,31.4 °C,2.9 °C,28 °C,29.0 °C,73,63
2026-01-22 20:00:00,14.5 °C,20.4 °C,15.0 °C,1.5 °C,28 °C,29.3 °C,0,0
2026-01-22 20:30:00,14.3 °C,20.2 °C,14.6 °C,1.7 °C,28 °C,29.3 °C,0,0
2026-01-22 21:00:00,14.3 °C,20.6 °C,14.2 °C,1.1 °C,28 °C,29.4 °C,0,0
2026-01-22 21:30:00,14.0 °C,20.8 °C,14.1 °C,-0.1 °C,28 °C,29.6 °C,0,0
2026-01-22 22:00:00,14.0 °C,20.7 °C,13.7 °C,-1.2 °C,28 °C,29.8 °C,0,0
2026-01-22 22:30:00,13.9 °C,20.3 °C,13.3 °C,-1.4 °C,28 °C,29.9 °C,0,0
2026-01-22 23:00:00,13.8 °C,19.9 °C,12.4 °C,-1.6 °C,28 °C,29.9 °C,0,0
2026-01-22 23:30:00,13.6 °C,20.4 °C,12.9 °C,-2.4 °C,28 °C,30.1 °C,0,0
2026-01-23 00:00:00,13.9 °C,20.8 °C,12.2 °C,-2.7 °C,28 °C,30.1 °C,0,0
2026-01-23 00:30:00,13.6 °C,21.2 °C,12.6 °C,-3.6 °C,28 °C,30.3 °C,0,0
2026-01-23 01:00:00,14.0 °C,21.6 °C,13.1 °C,-3.8 °C,28 °C,30.4 °C,0,0
2026-01-23 01:30:00,14.7 °C,21.9 °C,13.8 °C,-3.0 °C,28 °C,30.2 °C,0,0
2026-01-23 02:00:00,14.5 °C,21.8 °C,14.2 °C,-1.8 °C,28 °C,30.0 °C,0,0
2026-01-23 02:30:00,14.5 °C,21.9 °C,13.5 °C,-2.1 °C,28 °C,30.0 °C,0,0
2026-01-23 03:00:00,14.3 °C,21.6 °C,13.0 °C,-1.9 °C,28 °C,30.0 °C,0,0
2026-01-23 03:30:00,14.6 °C,21.6 °C,12.9 °C,-1.7 °C,28 °C,29.9 °C,0,0
2026-01-23 04:00:00,14.3 °C,21.7 °C,13.4 °C,-2.7 °C,28 °C,30.1 °C,0,0
2026-01-23 04:30:00,14.1 °C,21.8 °C,13.7 °C,-3.1 °C,28 °C,30.2 °C,0,0
2026-01-23 05:00:00,13.7 °C,21.6 °C,13.3 °C,-4.1 °C,28 °C,30.4 °C,0,0
2026-01-23 05:30:00,13.7 °C,21.1 °C,13.0 °C,-3.3 °C,28 °C,30.3 °C,0,0
2026-01-23 06:00:00,30.3 °C,21.6 °C,34.2 °C,-1.6 °C,28 °C,29.9 °C,80,69
2026-01-23 06:30:00,32.3 °C,21.7 °C,36.3 °C,-0.4 °C,28 °C,29.7 °C,79,69
2026-01-23 07:00:00,32.3 °C,21.6 °C,36.6 °C,0.1 °C,28 °C,29.6 °C,74,65
2026-01-23 07:30:00,29.3 °C,21.7 °C,33.4 °C,0.5 °C,28 °C,29.5 °C,68,62
2026-01-23 08:00:00,27.7 °C,21.4 °C,31.7 °C,0.9 °C,28 °C,29.4 °C,73,63
2026-01-23 08:30:00,27.5 °C,21.8 °C,30.8 °C,2.1 °C,28 °C,29.2 °C,68,58
2026-01-23 09:00:00,29.2 °C,21.6 °C,32.9 °C,2.8 °C,28 °C,29.0 °C,73,61
2026-01-23 09:30:00,32.0 °C,21.9 °C,36.3 °C,3.3 °C,28 °C,28.9 °C,72,64
2026-01-23 10:00:00,31.5 °C,21.5 °C,34.7 °C,3.2 °C,28 °C,29.0 °C,72,65
2026-01-23 10:30:00,29.1 °C,21.7 °C,32.5 °C,4.1 °C,28 °C,28.8 °C,70,58
2026-01-23 11:00:00,27.0 °C,21.5 °C,30.2 °C,4.5 °C,28 °C,28.7 °C,66,56
2026-01-23 11:30:00,27.6 °C,21.5 °C,30.6 °C,5.2 °C,28 °C,28.6 °C,66,56
2026-01-23 12:00:00,29.8 °C,21.8 °C,33.0 °C,6.2 °C,28 °C,28.4 °C,67,56
2026-01-23 12:30:00,32.2 °C,22.0 °C,35.3 °C,5.6 °C,28 °C,28.5 °C,73,60
2026-01-23 13:00:00,31.2 °C,21.8 °C,34.4 °C,5.7 °C,28 °C,28.5 °C,68,58
2026-01-23 13:30:00,28.6 °C,21.6 °C,31.4 °C,5.8 °C,28 °C,28.4 °C,68,59
2026-01-23 14:00:00,25.9 °C,21.2 °C,29.4 °C,5.7 °C,28 °C,28.5 °C,73,61
2026-01-23 14:30:00,25.9 °C,20.8 °C,29.2 °C,5.2 °C,28 °C,28.6 °C,68,58
2026-01-23 15:00:00,28.2 °C,20.7 °C,31.0 °C,4.9 °C,28 °C,28.6 °C,66,60
2026-01-23 15:30:00,31.1 °C,20.6 °C,33.9 °C,4.4 °C,28 °C,28.7 °C,70,63
2026-01-23 16:00:00,30.8 °C,20.3 °C,33.1 °C,5.0 °C,28 °C,28.6 °C,73,64
2026-01-23 16:30:00,28.5 °C,20.4 °C,30.9 °C,5.2 °C,28 °C,28.6 °C,71,60
2026-01-23 17:00:00,26.0 °C,20.5 °C,29.2 °C,5.2 °C,28 °C,28.6 °C,69,60
2026-01-23 17:30:00,26.1 °C,20.6 °C,29.1 °C,3.8 °C,28 °C,28.8 °C,64,51
2026-01-23 18:00:00,28.1 °C,20.5 °C,30.3 °C,4.8 °C,28 °C,28.6 °C,64,54
2026-01-23 18:30:00,30.8 °C,20.5 °C,32.8 °C,4.2 °C,28 °C,28.8 °C,71,60
2026-01-23 19:00:00,31.2 °C,20.6 °C,33.7 °C,4.8 °C,28 °C,28.6 °C,68,59
2026-01-23 19:30:00,28.5 °C,20.9 °C,31.0 °C,4.7 °C,28 °C,28.7 °C,69,54
2026-01-23 20:00:00,15.8 °C,19.9 °C,15.4 °C,3.9 °C,28 °C,28.8 °C,0,0
2026-01-23 20:30:00,15.6 °C,19.6 °C,15.2 °C,4.5 °C,28 °C,28.7 °C,0,0
2026-01-23 21:00:00,15.4 °C,19.6 °C,15.5 °C,4.1 °C,28 °C,28.8 °C,0,0
2026-01-23 21:30:00,15.0 °C,19.6 °C,15.4 °C,3.2 °C,28 °C,29.0 °C,0,0
2026-01-23 22:00:00,14.8 °C,19.3 °C,14.4 °C,2.2 °C,28 °C,29.2 °C,0,0
2026-01-23 22:30:00,15.2 °C,19.4 °C,14.5 °C,2.1 °C,28 °C,29.2 °C,0,0
2026-01-23 23:00:00,14.5 °C,19.3 °C,14.1 °C,1.1 °C,28 °C,29.4 °C,0,0
2026-01-23 23:30:00,14.6 °C,19.4 °C,13.5 °C,0.3 °C,28 °C,29.5 °C,0,0
2026-01-24 00:00:00,14.4 °C,19.7 °C,13.2 °C,-0.6 °C,28 °C,29.7 °C,0,0
2026-01-24 00:30:00,14.2 °C,19.6 °C,12.9 °C,-1.5 °C,28 °C,29.9 °C,0,0
2026-01-24 01:00:00,14.2 °C,19.9 °C,12.2 °C,-2.2 °C,28 °C,30.0 °C,0,0
2026-01-24 01:30:00,14.2 °C,19.9 °C,12.7 °C,-1.4 °C,28 °C,29.9 °C,0,0
2026-01-24 02:00:00,14.2 °C,19.9 °C,12.9 °C,-1.0 °C,28 °C,29.8 °C,0,0
2026-01-24 02:30:00,14.1 °C,19.9 °C,12.9 °C,-1.1 °C,28 °C,29.8 °C,0,0
2026-01-24 03:00:00,14.0 °C,20.0 °C,12.9 °C,-1.6 °C,28 °C,29.9 °C,0,0
2026-01-24 03:30:00,13.8 °C,19.7 °C,12.6 °C,-1.9 °C,28 °C,30.0 °C,0,0
2026-01-24 04:00:00,14.2 °C,19.4 °C,12.0 °C,-2.1 °C,28 °C,30.0 °C,0,0
2026-01-24 04:30:00,15.0 °C,19.8 °C,12.6 °C,-0.8 °C,28 °C,29.8 °C,0,0
2026-01-24 05:00:00,14.7 °C,19.9 °C,12.6 °C,-0.5 °C,28 °C,29.7 °C,0,0
2026-01-24 05:30:00,15.1 °C,19.9 °C,13.1 °C,0.1 °C,28 °C,29.6 °C,0,0
2026-01-24 06:00:00,15.6 °C,20.2 °C,13.2 °C,0.5 °C,28 °C,29.5 °C,0,0
2026-01-24 06:30:00,15.9 °C,21.0 °C,13.6 °C,0.3 °C,28 °C,29.5 °C,0,0
2026-01-24 07:00:00,31.2 °C,21.5 °C,32.7 °C,0.7 °C,28 °C,29.5 °C,76,67
2026-01-24 07:30:00,29.3 °C,21.5 °C,30.5 °C,0.5 °C,28 °C,29.5 °C,70,58
2026-01-24 08:00:00,26.7 °C,21.7 °C,27.8 °C,1.8 °C,28 °C,29.2 °C,74,62
2026-01-24 08:30:00,26.7 °C,21.3 °C,28.0 °C,1.8 °C,28 °C,29.2 °C,72,61
2026-01-24 09:00:00,29.1 °C,21.0 °C,29.7 °C,2.1 °C,28 °C,29.2 °C,76,66
2026-01-24 09:30:00,30.6 °C,21.3 °C,31.6 °C,3.2 °C,28 °C,29.0 °C,69,57
2026-01-24 10:00:00,30.9 °C,21.3 °C,32.7 °C,3.3 °C,28 °C,28.9 °C,70,58
2026-01-24 10:30:00,28.1 °C,21.2 °C,29.9 °C,3.7 °C,28 °C,28.9 °C,68,60
2026-01-24 11:00:00,25.5 °C,20.8 °C,27.2 °C,2.7 °C,28 °C,29.1 °C,71,61
2026-01-24 11:30:00,24.8 °C,21.0 °C,26.0 °C,3.1 °C,28 °C,29.0 °C,72,63
2026-01-24 12:00:00,26.6 °C,20.7 °C,27.7 °C,4.1 °C,28 °C,28.8 °C,72,62
2026-01-24 12:30:00,28.3 °C,20.5 °C,29.8 °C,4.3 °C,28 °C,28.7 °C,71,60
2026-01-24 13:00:00,28.0 °C,20.4 °C,29.5 °C,5.1 °C,28 °C,28.6 °C,64,57
2026-01-24 13:30:00,25.6 °C,20.5 °C,27.0 °C,5.4 °C,28 °C,28.5 °C,65,54
2026-01-24 14:00:00,16.0 °C,19.4 °C,14.5 °C,6.4 °C,28 °C,28.3 °C,0,0
2026-01-24 14:30:00,15.6 °C,19.3 °C,14.2 °C,6.0 °C,28 °C,28.4 °C,0,0
2026-01-24 15:00:00,15.5 °C,19.7 °C,14.8 °C,6.0 °C,28 °C,28.4 °C,0,0
2026-01-24 15:30:00,15.0 °C,19.9 °C,14.9 °C,5.1 °C,28 °C,28.6 °C,0,0
2026-01-24 16:00:00,15.2 °C,20.0 °C,15.6 °C,5.1 °C,28 °C,28.6 °C,0,0
2026-01-24 16:30:00,15.1 °C,20.1 °C,15.3 °C,4.8 °C,28 °C,28.6 °C,0,0
2026-01-24 17:00:00,15.4 °C,19.9 °C,15.2 °C,5.3 °C,28 °C,28.5 °C,0,0
2026-01-24 17:30:00,15.4 °C,20.1 °C,15.5 °C,4.7 °C,28 °C,28.7 °C,0,0
2026-01-24 18:00:00,15.0 °C,20.3 °C,15.2 °C,4.1 °C,28 °C,28.8 °C,0,0
2026-01-24 18:30:00,14.7 °C,20.1 °C,15.2 °C,3.4 °C,28 °C,28.9 °C,0,0
2026-01-24 19:00:00,14.6 °C,20.3 °C,15.2 °C,3.1 °C,28 °C,29.0 °C,0,0
2026-01-24 19:30:00,14.9 °C,20.4 °C,15.3 °C,3.9 °C,28 °C,28.8 °C,0,0
2026-01-24 20:00:00,14.5 °C,20.5 °C,14.1 °C,1.2 °C,28 °C,29.4 °C,0,0
2026-01-24 20:30:00,14.7 °C,21.0 °C,14.5 °C,0.8 °C,28 °C,29.4 °C,0,0
2026-01-24 21:00:00,14.7 °C,21.0 °C,15.1 °C,1.1 °C,28 °C,29.4 °C,0,0
2026-01-24 21:30:00,14.5 °C,20.7 °C,14.8 °C,0.4 °C,28 °C,29.5 °C,0,0
2026-01-24 22:00:00,14.4 °C,20.8 °C,14.9 °C,0.2 °C,28 °C,29.6 °C,0,0
2026-01-24 22:30:00,14.6 °C,20.8 °C,15.0 °C,0.4 °C,28 °C,29.5 °C,0,0
2026-01-24 23:00:00,14.3 °C,20.5 °C,14.8 °C,-0.2 °C,28 °C,29.6 °C,0,0
2026-01-24 23:30:00,13.5 °C,20.0 °C,14.6 °C,-1.1 °C,28 °C,29.8 °C,0,0
2026-01-25 00:00:00,13.3 °C,20.1 °C,13.7 °C,-0.9 °C,28 °C,29.8 °C,0,0
2026-01-25 00:30:00,13.5 °C,20.4 °C,13.8 °C,-1.0 °C,28 °C,29.8 °C,0,0
2026-01-25 01:00:00,13.7 °C,20.7 °C,13.7 °C,-1.4 °C,28 °C,29.9 °C,0,0
2026-01-25 01:30:00,14.3 °C,20.8 °C,13.9 °C,-1.3 °C,28 °C,29.9 °C,0,0
2026-01-25 02:00:00,14.4 °C,21.2 °C,14.2 °C,-1.0 °C,28 °C,29.8 °C,0,0
2026-01-25 02:30:00,14.1 °C,21.2 °C,14.3 °C,-1.3 °C,28 °C,29.9 °C,0,0
2026-01-25 03:00:00,14.3 °C,21.1 °C,14.3 °C,-1.2 °C,28 °C,29.8 °C,0,0
2026-01-25 03:30:00,14.5 °C,21.1 °C,13.9 °C,-1.0 °C,28 °C,29.8 °C,0,0
2026-01-25 04:00:00,14.2 °C,20.9 °C,13.0 °C,-1.3 °C,28 °C,29.9 °C,0,0
2026-01-25 04:30:00,14.4 °C,20.6 °C,13.4 °C,-0.4 °C,28 °C,29.7 °C,0,0
2026-01-25 05:00:00,14.4 °C,20.3 °C,12.9 °C,-0.9 °C,28 °C,29.8 °C,0,0
2026-01-25 05:30:00,14.6 °C,20.3 °C,13.5 °C,-0.8 °C,28 °C,29.8 °C,0,0
2026-01-25 06:00:00,14.8 °C,20.5 °C,14.3 °C,0.0 °C,28 °C,29.6 °C,0,0
2026-01-25 06:30:00,14.6 °C,20.2 °C,13.4 °C,-0.3 °C,28 °C,29.7 °C,0,0
2026-01-25 07:00:00,15.0 °C,20.0 °C,13.4 °C,0.7 °C,28 °C,29.5 °C,0,0
2026-01-25 07:30:00,15.2 °C,20.3 °C,13.9 °C,1.3 °C,28 °C,29.3 °C,0,0
2026-01-25 08:00:00,15.6 °C,20.3 °C,14.2 °C,2.6 °C,28 °C,29.1 °C,0,0
2026-01-25 08:30:00,15.7 °C,20.3 °C,14.5 °C,3.3 °C,28 °C,28.9 °C,0,0
2026-01-25 09:00:00,15.4 °C,20.2 °C,14.3 °C,3.7 °C,28 °C,28.9 °C,0,0
2026-01-25 09:30:00,16.1 °C,20.8 °C,15.0 °C,4.2 °C,28 °C,28.8 °C,0,0
2026-01-25 10:00:00,16.6 °C,20.9 °C,15.4 °C,4.8 °C,28 °C,28.6 °C,0,0
2026-01-25 10:30:00,17.3 °C,21.0 °C,16.2 °C,6.5 °C,28 °C,28.3 °C,0,0
2026-01-25 11:00:00,17.0 °C,21.0 °C,16.4 °C,6.8 °C,28 °C,28.2 °C,0,0
2026-01-25 11:30:00,17.4 °C,21.1 °C,16.3 °C,7.0 °C,28 °C,28.2 °C,0,0
2026-01-25 12:00:00,17.9 °C,21.5 °C,16.8 °C,7.1 °C,28 °C,28.2 °C,0,0
2026-01-25 12:30:00,18.1 °C,21.3 °C,16.9 °C,7.4 °C,28 °C,28.1 °C,0,0
2026-01-25 13:00:00,17.6 °C,21.3 °C,16.8 °C,6.9 °C,28 °C,28.2 °C,0,0
2026-01-25 13:30:00,17.7 °C,21.3 °C,17.1 °C,6.9 °C,28 °C,28.2 °C,0,0
2026-01-25 14:00:00,17.8 °C,21.5 °C,16.7 °C,6.4 °C,28 °C,28.3 °C,0,0
2026-01-25 14:30:00,17.6 °C,21.8 °C,17.2 °C,6.0 °C,28 °C,28.4 °C,0,0
2026-01-25 15:00:00,17.6 °C,21.6 °C,16.8 °C,6.6 °C,28 °C,28.3 °C,0,0
2026-01-25 15:30:00,17.4 °C,21.6 °C,17.0 °C,6.6 °C,28 °C,28.3 °C,0,0
2026-01-25 16:00:00,17.2 °C,21.6 °C,16.2 °C,6.0 °C,28 °C,28.4 °C,0,0
2026-01-25 16:30:00,17.4 °C,21.1 °C,15.9 °C,5.8 °C,28 °C,28.4 °C,0,0
2026-01-25 17:00:00,17.4 °C,21.4 °C,16.3 °C,5.4 °C,28 °C,28.5 °C,0,0
2026-01-25 17:30:00,17.5 °C,21.7 °C,16.3 °C,5.2 °C,28 °C,28.6 °C,0,0
2026-01-25 18:00:00,16.8 °C,21.8 °C,16.0 °C,4.0 °C,28 °C,28.8 °C,0,0
2026-01-25 18:30:00,16.4 °C,21.5 °C,15.7 °C,3.0 °C,28 °C,29.0 °C,0,0
2026-01-25 19:00:00,15.7 °C,21.1 °C,14.4 °C,1.9 °C,28 °C,29.2 °C,0,0
2026-01-25 19:30:00,15.0 °C,21.3 °C,14.4 °C,1.1 °C,28 °C,29.4 °C,0,0
2026-01-25 20:00:00,14.3 °C,20.9 °C,13.8 °C,0.4 °C,28 °C,29.5 °C,0,0
2026-01-25 20:30:00,14.2 °C,20.7 °C,13.7 °C,-0.5 °C,28 °C,29.7 °C,0,0
2026-01-25 21:00:00,14.6 °C,20.7 °C,13.8 °C,-0.3 °C,28 °C,29.7 °C,0,0
2026-01-25 21:30:00,15.0 °C,20.9 °C,14.3 °C,0.4 °C,28 °C,29.5 °C,0,0
2026-01-25 22:00:00,15.2 °C,20.8 °C,13.9 °C,0.5 °C,28 °C,29.5 °C,0,0
2026-01-25 22:30:00,14.9 °C,20.8 °C,14.0 °C,-0.4 °C,28 °C,29.7 °C,0,0
2026-01-25 23:00:00,14.5 °C,20.8 °C,13.9 °C,-0.7 °C,28 °C,29.7 °C,0,0
2026-01-25 23:30:00,14.8 °C,20.5 °C,13.2 °C,-1.1 °C,28 °C,29.8 °C,0,0
2026-01-26 00:00:00,14.1 °C,20.5 °C,12.8 °C,-1.9 °C,28 °C,30.0 °C,0,0
2026-01-26 00:30:00,14.1 °C,20.1 °C,13.0 °C,-1.4 °C,28 °C,29.9 °C,0,0
2026-01-26 01:00:00,14.4 °C,20.3 °C,13.5 °C,-0.5 °C,28 °C,29.7 °C,0,0
2026-01-26 01:30:00,14.4 °C,21.1 °C,13.9 °C,-1.7 °C,28 °C,29.9 °C,0,0
2026-01-26 02:00:00,15.0 °C,21.1 °C,14.0 °C,-1.1 °C,28 °C,29.8 °C,0,0
2026-01-26 02:30:00,15.0 °C,21.3 °C,14.4 °C,-1.6 °C,28 °C,29.9 °C,0,0
2026-01-26 03:00:00,14.7 °C,21.2 °C,14.7 °C,-1.9 °C,28 °C,30.0 °C,0,0
2026-01-26 03:30:00,14.3 °C,20.8 °C,13.9 °C,-1.7 °C,28 °C,29.9 °C,0,0
2026-01-26 04:00:00,15.2 °C,21.4 °C,14.7 °C,-0.7 °C,28 °C,29.7 °C,0,0
2026-01-26 04:30:00,14.8 °C,21.1 °C,15.1 °C,-0.5 °C,28 °C,29.7 °C,0,0
2026-01-26 05:00:00,15.1 °C,21.3 °C,15.4 °C,-0.1 °C,28 °C,29.6 °C,0,0
2026-01-26 05:30:00,15.2 °C,21.3 °C,15.5 °C,0.6 °C,28 °C,29.5 °C,0,0
2026-01-26 06:00:00,28.3 °C,22.5 °C,32.0 °C,1.4 °C,28 °C,29.3 °C,75,62
2026-01-26 06:30:00,30.6 °C,22.4 °C,34.5 °C,1.9 °C,28 °C,29.2 °C,71,59
2026-01-26 07:00:00,30.5 °C,22.0 °C,34.5 °C,2.7 °C,28 °C,29.1 °C,67,55
2026-01-26 07:30:00,28.1 °C,21.8 °C,31.8 °C,2.6 °C,28 °C,29.1 °C,73,67
2026-01-26 08:00:00,26.6 °C,22.4 °C,29.2 °C,1.9 °C,28 °C,29.2 °C,82,74
2026-01-26 08:30:00,26.2 °C,22.4 °C,28.2 °C,3.5 °C,28 °C,28.9 °C,74,67
2026-01-26 09:00:00,28.4 °C,22.9 °C,30.6 °C,3.3 °C,28 °C,28.9 °C,71,60
2026-01-26 09:30:00,30.9 °C,22.7 °C,32.7 °C,3.5 °C,28 °C,28.9 °C,80,67
2026-01-26 10:00:00,30.3 °C,22.8 °C,32.3 °C,3.8 °C,28 °C,28.8 °C,65,57
2026-01-26 10:30:00,28.0 °C,22.3 °C,29.9 °C,4.0 °C,28 °C,28.8 °C,72,57
2026-01-26 11:00:00,25.3 °C,22.3 °C,27.3 °C,4.1 °C,28 °C,28.8 °C,75,66
2026-01-26 11:30:00,25.4 °C,22.8 °C,27.6 °C,4.9 °C,28 °C,28.6 °C,65,57
2026-01-26 12:00:00,27.7 °C,22.5 °C,30.5 °C,5.6 °C,28 °C,28.5 °C,68,56
2026-01-26 12:30:00,30.0 °C,22.2 °C,32.7 °C,6.4 °C,28 °C,28.3 °C,64,57
2026-01-26 13:00:00,30.2 °C,22.4 °C,32.3 °C,7.0 °C,28 °C,28.2 °C,64,53
2026-01-26 13:30:00,28.1 °C,22.3 °C,30.4 °C,6.9 °C,28 °C,28.2 °C,66,57
2026-01-26 14:00:00,26.5 °C,22.7 °C,29.1 °C,6.8 °C,28 °C,28.2 °C,60,51
2026-01-26 14:30:00,26.6 °C,22.6 °C,28.0 °C,7.6 °C,28 °C,28.1 °C,61,51
2026-01-26 15:00:00,28.9 °C,22.5 °C,30.0 °C,7.2 °C,28 °C,28.2 °C,65,54
2026-01-26 15:30:00,31.1 °C,22.5 °C,32.3 °C,6.8 °C,28 °C,28.2 °C,60,48
2026-01-26 16:00:00,31.1 °C,22.2 °C,32.1 °C,7.2 °C,28 °C,28.2 °C,64,54
2026-01-26 16:30:00,29.2 °C,21.8 °C,30.4 °C,7.0 °C,28 °C,28.2 °C,60,52
2026-01-26 17:00:00,27.2 °C,21.4 °C,28.2 °C,6.4 °C,28 °C,28.3 °C,62,54
2026-01-26 17:30:00,26.9 °C,20.6 °C,28.4 °C,5.7 °C,28 °C,28.5 °C,70,60
2026-01-26 18:00:00,29.4 °C,20.7 °C,31.0 °C,6.0 °C,28 °C,28.4 °C,67,57
2026-01-26 18:30:00,31.8 °C,20.5 °C,32.6 °C,5.9 °C,28 °C,28.4 °C,66,54
2026-01-26 19:00:00,32.2 °C,20.5 °C,33.5 °C,5.4 °C,28 °C,28.5 °C,66,58
2026-01-26 19:30:00,30.0 °C,20.9 °C,31.8 °C,4.1 °C,28 °C,28.8 °C,71,59
2026-01-26 20:00:00,15.3 °C,19.8 °C,14.3 °C,3.7 °C,28 °C,28.9 °C,0,0
2026-01-26 20:30:00,14.8 °C,20.1 °C,14.3 °C,2.9 °C,28 °C,29.0 °C,0,0
2026-01-26 21:00:00,14.3 °C,19.8 °C,13.7 °C,1.8 °C,28 °C,29.2 °C,0,0
2026-01-26 21:30:00,14.2 °C,19.7 °C,13.9 °C,0.9 °C,28 °C,29.4 °C,0,0
2026-01-26 22:00:00,14.5 °C,20.2 °C,13.8 °C,0.8 °C,28 °C,29.4 °C,0,0
2026-01-26 22:30:00,14.4 °C,20.2 °C,14.4 °C,1.0 °C,28 °C,29.4 °C,0,0
2026-01-26 23:00:00,14.3 °C,20.6 °C,13.9 °C,-0.2 °C,28 °C,29.6 °C,0,0
2026-01-26 23:30:00,14.4 °C,21.2 °C,14.0 °C,-1.2 °C,28 °C,29.8 °C,0,0
2026-01-27 00:00:00,14.4 °C,21.0 °C,14.1 °C,-1.1 °C,28 °C,29.8 °C,0,0
2026-01-27 00:30:00,14.3 °C,20.8 °C,14.1 °C,-1.7 °C,28 °C,29.9 °C,0,0
2026-01-27 01:00:00,14.1 °C,20.3 °C,13.3 °C,-1.7 °C,28 °C,29.9 °C,0,0
2026-01-27 01:30:00,14.5 °C,20.4 °C,13.3 °C,-2.2 °C,28 °C,30.0 °C,0,0
2026-01-27 02:00:00,15.0 °C,20.6 °C,13.3 °C,-2.0 °C,28 °C,30.0 °C,0,0
2026-01-27 02:30:00,14.6 °C,20.8 °C,13.5 °C,-2.9 °C,28 °C,30.2 °C,0,0
2026-01-27 03:00:00,14.8 °C,21.1 °C,13.7 °C,-2.6 °C,28 °C,30.1 °C,0,0
2026-01-27 03:30:00,14.4 °C,20.8 °C,12.6 °C,-3.8 °C,28 °C,30.4 °C,0,0
2026-01-27 04:00:00,14.4 °C,21.3 °C,13.4 °C,-2.9 °C,28 °C,30.2 °C,0,0
2026-01-27 04:30:00,14.5 °C,21.2 °C,13.4 °C,-2.7 °C,28 °C,30.1 °C,0,0
2026-01-27 05:00:00,14.4 °C,21.2 °C,14.2 °C,-2.1 °C,28 °C,30.0 °C,0,0
2026-01-27 05:30:00,14.5 °C,21.2 °C,14.6 °C,-1.5 °C,28 °C,29.9 °C,0,0
2026-01-27 06:00:00,29.6 °C,21.8 °C,30.7 °C,-2.2 °C,28 °C,30.0 °C,77,70
2026-01-27 06:30:00,31.8 °C,21.5 °C,32.6 °C,-0.8 °C,28 °C,29.8 °C,76,64
2026-01-27 07:00:00,31.2 °C,21.6 °C,31.4 °C,-0.0 °C,28 °C,29.6 °C,77,70
2026-01-27 07:30:00,29.0 °C,21.4 °C,29.5 °C,0.9 °C,28 °C,29.4 °C,74,63
2026-01-27 08:00:00,26.7 °C,21.3 °C,26.5 °C,1.0 °C,28 °C,29.4 °C,72,58
2026-01-27 08:30:00,26.4 °C,21.3 °C,26.2 °C,1.7 °C,28 °C,29.3 °C,73,62
2026-01-27 09:00:00,28.8 °C,21.2 °C,29.2 °C,1.5 °C,28 °C,29.3 °C,72,59
2026-01-27 09:30:00,30.8 °C,20.8 °C,31.3 °C,2.3 °C,28 °C,29.1 °C,71,62
2026-01-27 10:00:00,31.0 °C,20.1 °C,31.6 °C,2.4 °C,28 °C,29.1 °C,75,62
2026-01-27 10:30:00,27.4 °C,20.5 °C,28.4 °C,6.0 °C,28 °C,28.4 °C,63,52
2026-01-27 11:00:00,25.3 °C,20.9 °C,26.6 °C,6.7 °C,28 °C,28.3 °C,66,57
2026-01-27 11:30:00,25.2 °C,20.3 °C,27.1 °C,7.8 °C,28 °C,28.0 °C,62,50
2026-01-27 12:00:00,27.5 °C,20.6 °C,29.7 °C,7.8 °C,28 °C,28.0 °C,64,57
2026-01-27 12:30:00,30.2 °C,20.7 °C,32.5 °C,8.2 °C,28 °C,28.0 °C,60,50
2026-01-27 13:00:00,30.3 °C,20.5 °C,31.7 °C,8.8 °C,28 °C,28.0 °C,61,51
2026-01-27 13:30:00,27.5 °C,20.8 °C,29.0 °C,8.2 °C,28 °C,28.0 °C,60,47
2026-01-27 14:00:00,25.7 °C,21.2 °C,28.1 °C,7.8 °C,28 °C,28.0 °C,65,53
2026-01-27 14:30:00,24.7 °C,21.5 °C,27.3 °C,8.4 °C,28 °C,28.0 °C,57,47
2026-01-27 15:00:00,27.6 °C,22.0 °C,30.7 °C,8.1 °C,28 °C,28.0 °C,63,50
2026-01-27 15:30:00,30.1 °C,22.2 °C,32.8 °C,7.5 °C,28 °C,28.1 °C,60,52
2026-01-27 16:00:00,30.7 °C,21.9 °C,33.2 °C,6.9 °C,28 °C,28.2 °C,63,53
2026-01-27 16:30:00,29.0 °C,21.9 °C,31.8 °C,6.0 °C,28 °C,28.4 °C,66,54
2026-01-27 17:00:00,26.6 °C,22.0 °C,29.5 °C,4.6 °C,28 °C,28.7 °C,71,60
2026-01-27 17:30:00,26.7 °C,22.4 °C,29.9 °C,3.4 °C,28 °C,28.9 °C,66,56
2026-01-27 18:00:00,29.2 °C,22.2 °C,31.8 °C,3.3 °C,28 °C,28.9 °C,66,59
2026-01-27 18:30:00,31.1 °C,22.0 °C,33.2 °C,3.5 °C,28 °C,28.9 °C,74,65
2026-01-27 19:00:00,30.8 °C,21.6 °C,32.2 °C,4.7 °C,28 °C,28.7 °C,68,56
2026-01-27 19:30:00,28.3 °C,21.8 °C,30.0 °C,4.1 °C,28 °C,28.8 °C,65,53
2026-01-27 20:00:00,15.7 °C,20.9 °C,15.0 °C,2.8 °C,28 °C,29.0 °C,0,0
2026-01-27 20:30:00,15.6 °C,20.7 °C,14.7 °C,2.2 °C,28 °C,29.2 °C,0,0
2026-01-27 21:00:00,15.7 °C,20.9 °C,15.1 °C,2.1 °C,28 °C,29.2 °C,0,0
2026-01-27 21:30:00,15.6 °C,20.8 °C,14.9 °C,2.2 °C,28 °C,29.2 °C,0,0
2026-01-27 22:00:00,15.2 °C,20.5 °C,14.6 °C,2.1 °C,28 °C,29.2 °C,0,0
2026-01-27 22:30:00,15.5 °C,20.8 °C,15.0 °C,1.8 °C,28 °C,29.2 °C,0,0
2026-01-27 23:00:00,14.8 °C,20.3 °C,14.3 °C,1.2 °C,28 °C,29.4 °C,0,0
2026-01-27 23:30:00,15.2 °C,20.4 °C,14.1 °C,1.0 °C,28 °C,29.4 °C,0,0
2026-01-28 00:00:00,14.8 °C,20.4 °C,13.7 °C,-0.2 °C,28 °C,29.6 °C,0,0
2026-01-28 00:30:00,14.0 °C,20.0 °C,13.5 °C,-1.9 °C,28 °C,30.0 °C,0,0
2026-01-28 01:00:00,14.2 °C,20.2 °C,14.2 °C,-0.9 °C,28 °C,29.8 °C,0,0
2026-01-28 01:30:00,13.7 °C,20.1 °C,14.5 °C,-1.2 °C,28 °C,29.8 °C,0,0
2026-01-28 02:00:00,14.2 °C,20.6 °C,14.4 °C,-1.2 °C,28 °C,29.8 °C,0,0
2026-01-28 02:30:00,13.7 °C,20.9 °C,14.1 °C,-3.0 °C,28 °C,30.2 °C,0,0
2026-01-28 03:00:00,14.0 °C,20.9 °C,14.3 °C,-2.1 °C,28 °C,30.0 °C,0,0
2026-01-28 03:30:00,14.4 °C,20.3 °C,14.0 °C,-1.3 °C,28 °C,29.9 °C,0,0
2026-01-28 04:00:00,13.5 °C,20.2 °C,13.2 °C,-2.2 °C,28 °C,30.0 °C,0,0
2026-01-28 04:30:00,13.4 °C,20.1 °C,13.5 °C,-2.2 °C,28 °C,30.0 °C,0,0
2026-01-28 05:00:00,13.5 °C,20.5 °C,13.4 °C,-1.8 °C,28 °C,30.0 °C,0,0
2026-01-28 05:30:00,13.3 °C,20.5 °C,13.7 °C,-2.2 °C,28 °C,30.0 °C,0,0
2026-01-28 06:00:00,29.0 °C,21.5 °C,30.9 °C,-1.4 °C,28 °C,29.9 °C,80,67
2026-01-28 06:30:00,31.3 °C,21.8 °C,33.7 °C,-0.3 °C,28 °C,29.7 °C,80,68
2026-01-28 07:00:00,31.6 °C,22.2 °C,34.5 °C,0.4 °C,28 °C,29.5 °C,73,57
2026-01-28 07:30:00,29.2 °C,22.5 °C,31.7 °C,-0.0 °C,28 °C,29.6 °C,78,68
2026-01-28 08:00:00,26.6 °C,22.6 °C,28.1 °C,-0.0 °C,28 °C,29.6 °C,75,68
2026-01-28 08:30:00,26.2 °C,22.4 °C,28.5 °C,0.6 °C,28 °C,29.5 °C,79,70
2026-01-28 09:00:00,29.4 °C,22.5 °C,32.2 °C,1.1 °C,28 °C,29.4 °C,74,64
2026-01-28 09:30:00,32.3 °C,22.4 °C,35.1 °C,1.7 °C,28 °C,29.3 °C,73,61
2026-01-28 10:00:00,32.0 °C,22.5 °C,34.5 °C,2.3 °C,28 °C,29.1 °C,70,64
2026-01-28 10:30:00,30.1 °C,22.3 °C,32.4 °C,1.9 °C,28 °C,29.2 °C,73,65
2026-01-28 11:00:00,27.1 °C,22.4 °C,29.9 °C,3.1 °C,28 °C,29.0 °C,73,60
2026-01-28 11:30:00,26.8 °C,22.4 °C,29.8 °C,4.1 °C,28 °C,28.8 °C,70,64
2026-01-28 12:00:00,28.6 °C,22.4 °C,31.2 °C,5.0 °C,28 °C,28.6 °C,75,68
2026-01-28 12:30:00,30.1 °C,22.0 °C,33.8 °C,5.7 °C,28 °C,28.5 °C,66,54
2026-01-28 13:00:00,29.9 °C,21.9 °C,32.7 °C,5.8 °C,28 °C,28.4 °C,64,56
2026-01-28 13:30:00,27.4 °C,22.0 °C,29.8 °C,5.8 °C,28 °C,28.4 °C,67,56
2026-01-28 14:00:00,25.4 °C,22.0 °C,27.4 °C,5.4 °C,28 °C,28.5 °C,69,55
2026-01-28 14:30:00,25.5 °C,21.3 °C,27.6 °C,6.6 °C,28 °C,28.3 °C,62,50
2026-01-28 15:00:00,27.9 °C,21.1 °C,30.5 °C,6.6 °C,28 °C,28.3 °C,70,61
2026-01-28 15:30:00,30.1 °C,21.2 °C,33.1 °C,5.6 °C,28 °C,28.5 °C,67,58
2026-01-28 16:00:00,30.0 °C,21.6 °C,32.9 °C,5.6 °C,28 °C,28.5 °C,72,68
2026-01-28 16:30:00,28.5 °C,21.6 °C,30.7 °C,4.3 °C,28 °C,28.7 °C,74,64
2026-01-28 17:00:00,26.4 °C,21.5 °C,29.0 °C,4.4 °C,28 °C,28.7 °C,71,58
2026-01-28 17:30:00,26.9 °C,21.8 °C,29.0 °C,4.3 °C,28 °C,28.7 °C,69,57
2026-01-28 18:00:00,30.1 °C,21.8 °C,31.9 °C,3.8 °C,28 °C,28.8 °C,67,56
2026-01-28 18:30:00,32.3 °C,21.9 °C,34.1 °C,2.9 °C,28 °C,29.0 °C,70,59
2026-01-28 19:00:00,32.5 °C,21.8 °C,34.0 °C,3.0 °C,28 °C,29.0 °C,68,58
2026-01-28 19:30:00,29.7 °C,21.7 °C,30.8 °C,2.6 °C,28 °C,29.1 °C,69,60
2026-01-28 20:00:00,13.6 °C,21.0 °C,15.9 °C,1.0 °C,28 °C,29.4 °C,0,0
2026-01-28 20:30:00,14.2 °C,21.2 °C,15.7 °C,1.4 °C,28 °C,29.3 °C,0,0
2026-01-28 21:00:00,13.8 °C,21.1 °C,15.2 °C,0.4 °C,28 °C,29.5 °C,0,0
2026-01-28 21:30:00,13.3 °C,20.7 °C,15.2 °C,-0.8 °C,28 °C,29.8 °C,0,0
2026-01-28 22:00:00,13.2 °C,20.3 °C,14.7 °C,-0.3 °C,28 °C,29.7 °C,0,0
2026-01-28 22:30:00,13.3 °C,20.0 °C,14.4 °C,-0.1 °C,28 °C,29.6 °C,0,0
2026-01-28 23:00:00,12.8 °C,19.9 °C,14.5 °C,-0.8 °C,28 °C,29.8 °C,0,0
2026-01-28 23:30:00,12.7 °C,20.1 °C,14.2 °C,-1.9 °C,28 °C,30.0 °C,0,0
2026-01-29 00:00:00,12.4 °C,19.7 °C,13.5 °C,-2.7 °C,28 °C,30.1 °C,0,0
2026-01-29 00:30:00,11.9 °C,19.4 °C,13.4 °C,-3.2 °C,28 °C,30.2 °C,0,0
2026-01-29 01:00:00,12.3 °C,19.7 °C,13.5 °C,-2.6 °C,28 °C,30.1 °C,0,0
2026-01-29 01:30:00,13.0 °C,20.2 °C,14.1 °C,-1.9 °C,28 °C,30.0 °C,0,0
2026-01-29 02:00:00,13.1 °C,20.5 °C,13.6 °C,-2.0 °C,28 °C,30.0 °C,0,0
2026-01-29 02:30:00,12.8 °C,20.1 °C,12.8 °C,-1.7 °C,28 °C,29.9 °C,0,0
2026-01-29 03:00:00,12.6 °C,20.3 °C,12.9 °C,-1.9 °C,28 °C,30.0 °C,0,0
2026-01-29 03:30:00,13.3 °C,20.5 °C,13.4 °C,-2.4 °C,28 °C,30.1 °C,0,0
2026-01-29 04:00:00,12.9 °C,20.4 °C,13.1 °C,-3.2 °C,28 °C,30.2 °C,0,0
2026-01-29 04:30:00,12.8 °C,20.4 °C,13.2 °C,-2.7 °C,28 °C,30.1 °C,0,0
2026-01-29 05:00:00,12.8 °C,20.5 °C,13.7 °C,-1.8 °C,28 °C,30.0 °C,0,0
2026-01-29 05:30:00,12.8 °C,20.7 °C,13.7 °C,-1.7 °C,28 °C,29.9 °C,0,0
2026-01-29 06:00:00,31.9 °C,21.7 °C,33.9 °C,-0.6 °C,28 °C,29.7 °C,79,68
2026-01-29 06:30:00,34.2 °C,21.9 °C,36.5 °C,-0.4 °C,28 °C,29.7 °C,83,74
2026-01-29 07:00:00,33.7 °C,21.9 °C,36.3 °C,0.2 °C,28 °C,29.6 °C,78,65
2026-01-29 07:30:00,31.1 °C,21.7 °C,34.0 °C,0.5 °C,28 °C,29.5 °C,75,67
2026-01-29 08:00:00,28.7 °C,21.6 °C,30.7 °C,1.9 °C,28 °C,29.2 °C,73,60
2026-01-29 08:30:00,27.9 °C,21.4 °C,29.9 °C,2.7 °C,28 °C,29.1 °C,79,68
2026-01-29 09:00:00,30.6 °C,21.3 °C,32.7 °C,3.1 °C,28 °C,29.0 °C,72,64
2026-01-29 09:30:00,32.6 °C,21.5 °C,35.0 °C,3.7 °C,28 °C,28.9 °C,70,63
2026-01-29 10:00:00,32.4 °C,21.3 °C,34.7 °C,3.5 °C,28 °C,28.9 °C,71,56
2026-01-29 10:30:00,30.2 °C,21.6 °C,32.9 °C,2.7 °C,28 °C,29.1 °C,74,61
2026-01-29 11:00:00,27.4 °C,21.4 °C,29.5 °C,3.1 °C,28 °C,29.0 °C,70,60
2026-01-29 11:30:00,27.4 °C,21.5 °C,30.5 °C,3.6 °C,28 °C,28.9 °C,68,59
2026-01-29 12:00:00,29.1 °C,21.7 °C,32.3 °C,4.5 °C,28 °C,28.7 °C,67,56
2026-01-29 12:30:00,31.7 °C,21.8 °C,34.4 °C,4.9 °C,28 °C,28.6 °C,66,56
2026-01-29 13:00:00,31.7 °C,21.4 °C,35.0 °C,5.1 °C,28 °C,28.6 °C,68,58
2026-01-29 13:30:00,29.5 °C,21.4 °C,32.1 °C,3.7 °C,28 °C,28.9 °C,69,58
2026-01-29 14:00:00,27.0 °C,21.3 °C,29.5 °C,4.5 °C,28 °C,28.7 °C,69,59
2026-01-29 14:30:00,26.8 °C,21.0 °C,29.3 °C,4.9 °C,28 °C,28.6 °C,68,58
2026-01-29 15:00:00,29.2 °C,21.1 °C,31.5 °C,5.7 °C,28 °C,28.5 °C,68,61
2026-01-29 15:30:00,31.4 °C,20.9 °C,33.6 °C,5.8 °C,28 °C,28.4 °C,64,54
2026-01-29 16:00:00,31.1 °C,21.0 °C,33.3 °C,6.4 °C,28 °C,28.3 °C,71,64
2026-01-29 16:30:00,28.1 °C,21.4 °C,29.7 °C,5.9 °C,28 °C,28.4 °C,70,60
2026-01-29 17:00:00,26.3 °C,21.5 °C,28.1 °C,5.7 °C,28 °C,28.5 °C,69,57
2026-01-29 17:30:00,25.8 °C,21.5 °C,27.6 °C,5.6 °C,28 °C,28.5 °C,70,59
2026-01-29 18:00:00,28.9 °C,21.5 °C,31.7 °C,5.6 °C,28 °C,28.5 °C,64,50
2026-01-29 18:30:00,31.2 °C,21.7 °C,34.7 °C,5.4 °C,28 °C,28.5 °C,66,54
2026-01-29 19:00:00,31.7 °C,21.6 °C,34.7 °C,5.2 °C,28 °C,28.6 °C,67,55
2026-01-29 19:30:00,29.7 °C,21.5 °C,32.5 °C,4.8 °C,28 °C,28.6 °C,64,55
2026-01-29 20:00:00,15.1 °C,20.4 °C,15.4 °C,4.0 °C,28 °C,28.8 °C,0,0
2026-01-29 20:30:00,15.0 °C,20.2 °C,15.4 °C,4.0 °C,28 °C,28.8 °C,0,0
2026-01-29 21:00:00,14.7 °C,20.5 °C,15.0 °C,2.3 °C,28 °C,29.1 °C,0,0
2026-01-29 21:30:00,14.4 °C,20.4 °C,14.3 °C,1.3 °C,28 °C,29.3 °C,0,0
2026-01-29 22:00:00,14.3 °C,20.6 °C,14.7 °C,1.7 °C,28 °C,29.3 °C,0,0
2026-01-29 22:30:00,13.8 °C,20.8 °C,14.8 °C,0.7 °C,28 °C,29.5 °C,0,0
2026-01-29 23:00:00,13.9 °C,20.5 °C,15.2 °C,0.2 °C,28 °C,29.6 °C,0,0
2026-01-29 23:30:00,14.1 °C,20.4 °C,14.9 °C,0.5 °C,28 °C,29.5 °C,0,0
2026-01-30 00:00:00,14.1 °C,20.6 °C,14.5 °C,-0.1 °C,28 °C,29.6 °C,0,0
2026-01-30 00:30:00,14.1 °C,20.6 °C,13.9 °C,-1.0 °C,28 °C,29.8 °C,0,0
2026-01-30 01:00:00,13.9 °C,20.6 °C,14.0 °C,-0.6 °C,28 °C,29.7 °C,0,0
2026-01-30 01:30:00,13.8 °C,20.7 °C,14.2 °C,-1.1 °C,28 °C,29.8 °C,0,0
2026-01-30 02:00:00,13.8 °C,21.0 °C,14.5 °C,-1.5 °C,28 °C,29.9 °C,0,0
2026-01-30 02:30:00,13.3 °C,21.0 °C,14.6 °C,-2.9 °C,28 °C,30.2 °C,0,0
2026-01-30 03:00:00,12.9 °C,20.8 °C,14.5 °C,-2.9 °C,28 °C,30.2 °C,0,0
2026-01-30 03:30:00,13.5 °C,20.8 °C,14.2 °C,-2.4 °C,28 °C,30.1 °C,0,0
2026-01-30 04:00:00,13.2 °C,20.6 °C,14.1 °C,-2.5 °C,28 °C,30.1 °C,0,0
2026-01-30 04:30:00,13.3 °C,20.7 °C,13.3 °C,-3.0 °C,28 °C,30.2 °C,0,0
2026-01-30 05:00:00,13.4 °C,20.7 °C,13.3 °C,-2.9 °C,28 °C,30.2 °C,0,0
2026-01-30 05:30:00,13.6 °C,20.5 °C,13.1 °C,-2.8 °C,28 °C,30.2 °C,0,0
2026-01-30 06:00:00,31.0 °C,21.3 °C,32.8 °C,-2.4 °C,28 °C,30.1 °C,82,70
2026-01-30 06:30:00,33.4 °C,21.3 °C,35.7 °C,-2.1 °C,28 °C,30.0 °C,83,76
2026-01-30 07:00:00,33.4 °C,21.5 °C,34.5 °C,-0.4 °C,28 °C,29.7 °C,77,67
2026-01-30 07:30:00,30.7 °C,21.3 °C,32.2 °C,0.3 °C,28 °C,29.5 °C,74,66
2026-01-30 08:00:00,27.9 °C,21.1 °C,29.4 °C,-0.1 °C,28 °C,29.6 °C,83,72
2026-01-30 08:30:00,27.9 °C,21.1 °C,28.2 °C,0.7 °C,28 °C,29.5 °C,77,68
2026-01-30 09:00:00,30.1 °C,21.3 °C,31.1 °C,1.3 °C,28 °C,29.3 °C,75,67
2026-01-30 09:30:00,32.1 °C,21.5 °C,33.2 °C,2.8 °C,28 °C,29.0 °C,69,59
2026-01-30 10:00:00,32.2 °C,21.6 °C,32.6 °C,3.3 °C,28 °C,28.9 °C,72,61
2026-01-30 10:30:00,28.8 °C,21.8 °C,29.6 °C,3.7 °C,28 °C,28.9 °C,71,62
2026-01-30 11:00:00,25.9 °C,22.1 °C,26.8 °C,5.4 °C,28 °C,28.5 °C,65,56
2026-01-30 11:30:00,25.6 °C,22.1 °C,26.9 °C,5.2 °C,28 °C,28.6 °C,70,58
2026-01-30 12:00:00,27.6 °C,21.8 °C,28.0 °C,6.1 °C,28 °C,28.4 °C,66,61
2026-01-30 12:30:00,29.9 °C,21.8 °C,30.4 °C,6.5 °C,28 °C,28.3 °C,59,52
2026-01-30 13:00:00,29.7 °C,21.5 °C,29.8 °C,6.5 °C,28 °C,28.3 °C,64,55
2026-01-30 13:30:00,28.0 °C,21.6 °C,28.3 °C,6.3 °C,28 °C,28.3 °C,69,61
2026-01-30 14:00:00,25.6 °C,21.5 °C,25.2 °C,7.4 °C,28 °C,28.1 °C,62,52
2026-01-30 14:30:00,25.2 °C,21.5 °C,24.5 °C,7.7 °C,28 °C,28.1 °C,71,60
2026-01-30 15:00:00,26.9 °C,21.5 °C,27.2 °C,8.0 °C,28 °C,28.0 °C,65,57
2026-01-30 15:30:00,29.2 °C,21.4 °C,30.3 °C,8.4 °C,28 °C,28.0 °C,69,58
2026-01-30 16:00:00,29.2 °C,21.5 °C,30.9 °C,8.4 °C,28 °C,28.0 °C,59,50
2026-01-30 16:30:00,26.8 °C,21.5 °C,29.2 °C,7.4 °C,28 °C,28.1 °C,61,49
2026-01-30 17:00:00,25.8 °C,21.4 °C,27.2 °C,6.1 °C,28 °C,28.4 °C,66,54
2026-01-30 17:30:00,25.0 °C,21.1 °C,26.5 °C,6.7 °C,28 °C,28.3 °C,62,52
2026-01-30 18:00:00,27.6 °C,21.3 °C,29.2 °C,6.4 °C,28 °C,28.3 °C,65,57
2026-01-30 18:30:00,30.1 °C,21.0 °C,31.6 °C,5.9 °C,28 °C,28.4 °C,72,62
2026-01-30 19:00:00,30.0 °C,21.5 °C,30.6 °C,6.4 °C,28 °C,28.3 °C,65,55
2026-01-30 19:30:00,27.1 °C,21.9 °C,28.3 °C,5.1 °C,28 °C,28.6 °C,63,50
2026-01-30 20:00:00,15.0 °C,20.6 °C,16.2 °C,2.9 °C,28 °C,29.0 °C,0,0
2026-01-30 20:30:00,15.0 °C,20.7 °C,15.8 °C,1.3 °C,28 °C,29.3 °C,0,0
2026-01-30 21:00:00,15.2 °C,21.0 °C,15.4 °C,0.6 °C,28 °C,29.5 °C,0,0
2026-01-30 21:30:00,14.8 °C,20.9 °C,15.0 °C,0.3 °C,28 °C,29.5 °C,0,0
2026-01-30 22:00:00,14.5 °C,20.9 °C,15.5 °C,0.7 °C,28 °C,29.5 °C,0,0
2026-01-30 22:30:00,14.4 °C,20.9 °C,15.6 °C,0.7 °C,28 °C,29.5 °C,0,0
2026-01-30 23:00:00,14.2 °C,21.1 °C,15.1 °C,-1.4 °C,28 °C,29.9 °C,0,0
2026-01-30 23:30:00,14.3 °C,20.9 °C,14.9 °C,-0.0 °C,28 °C,29.6 °C,0,0
2026-01-31 00:00:00,14.6 °C,21.2 °C,14.3 °C,-0.7 °C,28 °C,29.7 °C,0,0
2026-01-31 00:30:00,14.4 °C,21.1 °C,14.1 °C,-0.3 °C,28 °C,29.7 °C,0,0
2026-01-31 01:00:00,14.3 °C,21.0 °C,14.0 °C,-0.4 °C,28 °C,29.7 °C,0,0
2026-01-31 01:30:00,14.2 °C,21.1 °C,14.0 °C,-0.8 °C,28 °C,29.8 °C,0,0
2026-01-31 02:00:00,14.3 °C,21.3 °C,14.2 °C,-1.2 °C,28 °C,29.8 °C,0,0
2026-01-31 02:30:00,13.8 °C,20.7 °C,13.8 °C,-2.0 °C,28 °C,30.0 °C,0,0
2026-01-31 03:00:00,13.5 °C,20.0 °C,13.5 °C,-2.8 °C,28 °C,30.2 °C,0,0
2026-01-31 03:30:00,13.6 °C,20.1 °C,13.7 °C,-2.8 °C,28 °C,30.2 °C,0,0
2026-01-31 04:00:00,12.9 °C,20.0 °C,13.1 °C,-3.4 °C,28 °C,30.3 °C,0,0
2026-01-31 04:30:00,13.3 °C,19.8 °C,13.5 °C,-2.1 °C,28 °C,30.0 °C,0,0
2026-01-31 05:00:00,13.3 °C,19.8 °C,13.7 °C,-1.7 °C,28 °C,29.9 °C,0,0
2026-01-31 05:30:00,14.3 °C,20.6 °C,14.8 °C,-0.1 °C,28 °C,29.6 °C,0,0
2026-01-31 06:00:00,14.1 °C,20.3 °C,14.9 °C,-0.1 °C,28 °C,29.6 °C,0,0
2026-01-31 06:30:00,14.5 °C,20.6 °C,15.0 °C,-0.1 °C,28 °C,29.6 °C,0,0
2026-01-31 07:00:00,31.1 °C,21.3 °C,31.6 °C,0.8 °C,28 °C,29.4 °C,82,70
2026-01-31 07:30:00,28.5 °C,21.0 °C,28.1 °C,1.1 °C,28 °C,29.4 °C,77,66
2026-01-31 08:00:00,26.2 °C,20.9 °C,25.2 °C,2.2 °C,28 °C,29.2 °C,74,64
2026-01-31 08:30:00,26.1 °C,20.6 °C,25.8 °C,3.6 °C,28 °C,28.9 °C,68,59
2026-01-31 09:00:00,28.1 °C,20.3 °C,28.1 °C,4.6 °C,28 °C,28.7 °C,72,61
2026-01-31 09:30:00,30.8 °C,20.3 °C,30.0 °C,5.8 °C,28 °C,28.4 °C,66,54
2026-01-31 10:00:00,31.1 °C,20.2 °C,30.3 °C,6.6 °C,28 °C,28.3 °C,67,60
2026-01-31 10:30:00,28.6 °C,20.3 °C,28.2 °C,6.6 °C,28 °C,28.3 °C,64,55
2026-01-31 11:00:00,25.9 °C,20.5 °C,25.2 °C,7.5 °C,28 °C,28.1 °C,58,46
2026-01-31 11:30:00,26.4 °C,20.4 °C,25.3 °C,8.2 °C,28 °C,28.0 °C,68,59
2026-01-31 12:00:00,29.4 °C,20.7 °C,27.8 °C,7.9 °C,28 °C,28.0 °C,65,54
2026-01-31 12:30:00,31.1 °C,20.6 °C,30.3 °C,7.8 °C,28 °C,28.0 °C,62,55
2026-01-31 13:00:00,31.5 °C,20.7 °C,31.5 °C,7.9 °C,28 °C,28.0 °C,69,59
2026-01-31 13:30:00,29.7 °C,20.2 °C,30.2 °C,8.7 °C,28 °C,28.0 °C,62,49
2026-01-31 14:00:00,15.9 °C,19.5 °C,16.4 °C,8.7 °C,28 °C,28.0 °C,0,0
2026-01-31 14:30:00,16.6 °C,20.2 °C,16.3 °C,8.7 °C,28 °C,28.0 °C,0,0
2026-01-31 15:00:00,16.9 °C,20.5 °C,17.0 °C,8.4 °C,28 °C,28.0 °C,0,0
2026-01-31 15:30:00,17.1 °C,20.5 °C,17.1 °C,8.0 °C,28 °C,28.0 °C,0,0
2026-01-31 16:00:00,16.4 °C,20.2 °C,16.3 °C,7.1 °C,28 °C,28.2 °C,0,0
2026-01-31 16:30:00,17.7 °C,20.7 °C,16.2 °C,7.4 °C,28 °C,28.1 °C,0,0
2026-01-31 17:00:00,17.3 °C,20.6 °C,15.7 °C,6.4 °C,28 °C,28.3 °C,0,0
2026-01-31 17:30:00,16.9 °C,20.5 °C,15.7 °C,6.1 °C,28 °C,28.4 °C,0,0
2026-01-31 18:00:00,17.1 °C,20.4 °C,15.3 °C,5.5 °C,28 °C,28.5 °C,0,0
2026-01-31 18:30:00,17.6 °C,20.9 °C,16.0 °C,5.5 °C,28 °C,28.5 °C,0,0
2026-01-31 19:00:00,17.2 °C,20.9 °C,16.0 °C,4.8 °C,28 °C,28.6 °C,0,0
2026-01-31 19:30:00,16.9 °C,21.0 °C,15.6 °C,3.7 °C,28 °C,28.9 °C,0,0
2026-01-31 20:00:00,17.1 °C,20.9 °C,15.8 °C,3.8 °C,28 °C,28.8 °C,0,0
2026-01-31 20:30:00,16.7 °C,20.9 °C,15.9 °C,2.7 °C,28 °C,29.1 °C,0,0
2026-01-31 21:00:00,15.9 °C,20.8 °C,15.8 °C,2.2 °C,28 °C,29.2 °C,0,0
2026-01-31 21:30:00,16.2 °C,21.1 °C,16.2 °C,2.4 °C,28 °C,29.1 °C,0,0
2026-01-31 22:00:00,16.0 °C,21.1 °C,15.6 °C,1.4 °C,28 °C,29.3 °C,0,0
2026-01-31 22:30:00,15.4 °C,20.7 °C,15.7 °C,0.7 °C,28 °C,29.5 °C,0,0
2026-01-31 23:00:00,15.0 °C,20.8 °C,15.2 °C,-0.0 °C,28 °C,29.6 °C,0,0
2026-01-31 23:30:00,14.8 °C,20.8 °C,14.8 °C,-0.4 °C,28 °C,29.7 °C,0,0
2026-02-01 00:00:00,14.9 °C,20.9 °C,15.0 °C,-0.8 °C,28 °C,29.8 °C,0,0
2026-02-01 00:30:00,15.2 °C,20.8 °C,14.8 °C,-0.6 °C,28 °C,29.7 °C,0,0
2026-02-01 01:00:00,14.5 °C,20.7 °C,14.4 °C,-1.4 °C,28 °C,29.9 °C,0,0
2026-02-01 01:30:00,14.5 °C,20.9 °C,14.3 °C,-0.9 °C,28 °C,29.8 °C,0,0
2026-02-01 02:00:00,15.0 °C,21.4 °C,14.7 °C,-0.2 °C,28 °C,29.6 °C,0,0
2026-02-01 02:30:00,14.4 °C,20.8 °C,15.0 °C,-0.3 °C,28 °C,29.7 °C,0,0
2026-02-01 03:00:00,14.1 °C,20.9 °C,14.7 °C,-1.0 °C,28 °C,29.8 °C,0,0
2026-02-01 03:30:00,13.9 °C,20.7 °C,14.9 °C,-1.0 °C,28 °C,29.8 °C,0,0
2026-02-01 04:00:00,14.0 °C,20.5 °C,14.5 °C,-1.1 °C,28 °C,29.8 °C,0,0
2026-02-01 04:30:00,13.8 °C,20.0 °C,14.1 °C,0.1 °C,28 °C,29.6 °C,0,0
2026-02-01 05:00:00,13.6 °C,20.2 °C,14.0 °C,0.1 °C,28 °C,29.6 °C,0,0
2026-02-01 05:30:00,13.7 °C,20.1 °C,14.5 °C,1.1 °C,28 °C,29.4 °C,0,0
2026-02-01 06:00:00,13.5 °C,20.0 °C,13.9 °C,1.4 °C,28 °C,29.3 °C,0,0
2026-02-01 06:30:00,13.9 °C,20.4 °C,14.8 °C,1.6 °C,28 °C,29.3 °C,0,0
2026-02-01 07:00:00,14.0 °C,20.3 °C,14.9 °C,1.7 °C,28 °C,29.3 °C,0,0
2026-02-01 07:30:00,14.4 °C,20.3 °C,14.8 °C,2.0 °C,28 °C,29.2 °C,0,0
2026-02-01 08:00:00,14.2 °C,20.0 °C,14.7 °C,2.9 °C,28 °C,29.0 °C,0,0
2026-02-01 08:30:00,14.2 °C,19.8 °C,14.4 °C,2.9 °C,28 °C,29.0 °C,0,0
2026-02-01 09:00:00,15.0 °C,20.3 °C,15.4 °C,4.0 °C,28 °C,28.8 °C,0,0
2026-02-01 09:30:00,15.2 °C,20.5 °C,15.5 °C,5.3 °C,28 °C,28.5 °C,0,0
2026-02-01 10:00:00,15.6 °C,20.9 °C,15.8 °C,5.3 °C,28 °C,28.5 °C,0,0
2026-02-01 10:30:00,15.9 °C,20.6 °C,16.3 °C,6.4 °C,28 °C,28.3 °C,0,0
2026-02-01 11:00:00,16.3 °C,20.7 °C,16.1 °C,7.4 °C,28 °C,28.1 °C,0,0
2026-02-01 11:30:00,16.4 °C,21.0 °C,16.4 °C,8.1 °C,28 °C,28.0 °C,0,0
2026-02-01 12:00:00,16.5 °C,21.1 °C,16.0 °C,7.9 °C,28 °C,28.0 °C,0,0
2026-02-01 12:30:00,16.3 °C,21.5 °C,16.0 °C,8.0 °C,28 °C,28.0 °C,0,0
2026-02-01 13:00:00,16.6 °C,21.5 °C,16.3 °C,8.1 °C,28 °C,28.0 °C,0,0
2026-02-01 13:30:00,17.2 °C,21.5 °C,17.0 °C,9.4 °C,28 °C,28.0 °C,0,0
2026-02-01 14:00:00,16.7 °C,20.8 °C,16.4 °C,9.3 °C,28 °C,28.0 °C,0,0
2026-02-01 14:30:00,17.1 °C,20.9 °C,16.1 °C,9.1 °C,28 °C,28.0 °C,0,0
2026-02-01 15:00:00,16.8 °C,21.0 °C,15.8 °C,8.2 °C,28 °C,28.0 °C,0,0
2026-02-01 15:30:00,16.6 °C,21.3 °C,16.0 °C,7.5 °C,28 °C,28.1 °C,0,0
2026-02-01 16:00:00,16.3 °C,21.1 °C,15.8 °C,6.9 °C,28 °C,28.2 °C,0,0
2026-02-01 16:30:00,16.9 °C,21.0 °C,15.5 °C,7.0 °C,28 °C,28.2 °C,0,0
2026-02-01 17:00:00,16.2 °C,20.6 °C,14.9 °C,5.8 °C,28 °C,28.4 °C,0,0
2026-02-01 17:30:00,16.2 °C,20.2 °C,14.8 °C,5.2 °C,28 °C,28.6 °C,0,0
2026-02-01 18:00:00,15.9 °C,20.4 °C,14.6 °C,3.7 °C,28 °C,28.9 °C,0,0
2026-02-01 18:30:00,16.1 °C,20.8 °C,14.8 °C,4.3 °C,28 °C,28.7 °C,0,0
2026-02-01 19:00:00,16.6 °C,21.1 °C,15.1 °C,4.0 °C,28 °C,28.8 °C,0,0
2026-02-01 19:30:00,16.6 °C,21.2 °C,15.0 °C,3.8 °C,28 °C,28.8 °C,0,0
2026-02-01 20:00:00,16.5 °C,21.6 °C,14.9 °C,2.6 °C,28 °C,29.1 °C,0,0
2026-02-01 20:30:00,16.6 °C,21.5 °C,15.0 °C,2.8 °C,28 °C,29.0 °C,0,0
2026-02-01 21:00:00,17.0 °C,21.6 °C,15.0 °C,3.2 °C,28 °C,29.0 °C,0,0
2026-02-01 21:30:00,16.3 °C,21.2 °C,14.5 °C,2.6 °C,28 °C,29.1 °C,0,0
2026-02-01 22:00:00,15.6 °C,20.4 °C,14.0 °C,1.6 °C,28 °C,29.3 °C,0,0
2026-02-01 22:30:00,15.3 °C,20.3 °C,14.7 °C,1.4 °C,28 °C,29.3 °C,0,0
2026-02-01 23:00:00,15.0 °C,20.3 °C,14.2 °C,1.3 °C,28 °C,29.3 °C,0,0
2026-02-01 23:30:00,14.8 °C,20.4 °C,14.0 °C,1.2 °C,28 °C,29.4 °C,0,0
2026-02-02 00:00:00,14.5 °C,20.4 °C,14.4 °C,1.1 °C,28 °C,29.4 °C,0,0
2026-02-02 00:30:00,14.6 °C,20.5 °C,14.1 °C,1.1 °C,28 °C,29.4 °C,0,0
2026-02-02 01:00:00,14.7 °C,21.0 °C,14.2 °C,0.2 °C,28 °C,29.6 °C,0,0
2026-02-02 01:30:00,15.1 °C,21.2 °C,14.9 °C,0.3 °C,28 °C,29.5 °C,0,0
2026-02-02 02:00:00,15.0 °C,20.9 °C,14.4 °C,-0.3 °C,28 °C,29.7 °C,0,0
2026-02-02 02:30:00,13.9 °C,20.3 °C,13.3 °C,-2.1 °C,28 °C,30.0 °C,0,0
2026-02-02 03:00:00,13.5 °C,20.1 °C,12.7 °C,-2.4 °C,28 °C,30.1 °C,0,0
2026-02-02 03:30:00,13.6 °C,20.5 °C,13.2 °C,-2.6 °C,28 °C,30.1 °C,0,0
2026-02-02 04:00:00,13.6 °C,20.4 °C,12.7 °C,-2.3 °C,28 °C,30.1 °C,0,0
2026-02-02 04:30:00,13.9 °C,20.6 °C,13.0 °C,-1.5 °C,28 °C,29.9 °C,0,0
2026-02-02 05:00:00,14.2 °C,20.8 °C,12.9 °C,-1.2 °C,28 °C,29.8 °C,0,0
2026-02-02 05:30:00,15.0 °C,20.8 °C,13.4 °C,0.4 °C,28 °C,29.5 °C,0,0
2026-02-02 06:00:00,28.9 °C,21.7 °C,31.2 °C,0.3 °C,28 °C,29.5 °C,75,63
2026-02-02 06:30:00,32.1 °C,21.5 °C,33.7 °C,-0.5 °C,28 °C,29.7 °C,78,70
2026-02-02 07:00:00,32.1 °C,22.1 °C,33.4 °C,0.2 °C,28 °C,29.6 °C,73,59
2026-02-02 07:30:00,30.2 °C,21.8 °C,32.1 °C,0.4 °C,28 °C,29.5 °C,80,71
2026-02-02 08:00:00,27.5 °C,22.1 °C,29.2 °C,0.3 °C,28 °C,29.5 °C,76,70
2026-02-02 08:30:00,27.2 °C,22.2 °C,28.5 °C,0.9 °C,28 °C,29.4 °C,75,66
2026-02-02 09:00:00,29.7 °C,22.3 °C,30.8 °C,1.1 °C,28 °C,29.4 °C,70,63
2026-02-02 09:30:00,31.8 °C,22.2 °C,34.0 °C,1.4 °C,28 °C,29.3 °C,75,65
2026-02-02 10:00:00,31.9 °C,21.8 °C,35.1 °C,3.1 °C,28 °C,29.0 °C,75,65
2026-02-02 10:30:00,28.8 °C,21.5 °C,32.0 °C,3.8 °C,28 °C,28.8 °C,68,57
2026-02-02 11:00:00,26.6 °C,21.3 °C,29.8 °C,4.2 °C,28 °C,28.8 °C,68,57
2026-02-02 11:30:00,26.8 °C,21.5 °C,30.3 °C,5.7 °C,28 °C,28.5 °C,66,57
2026-02-02 12:00:00,29.2 °C,21.7 °C,32.8 °C,6.0 °C,28 °C,28.4 °C,66,54
2026-02-02 12:30:00,32.0 °C,21.8 °C,35.5 °C,5.6 °C,28 °C,28.5 °C,64,56
2026-02-02 13:00:00,31.7 °C,21.8 °C,34.8 °C,5.2 °C,28 °C,28.6 °C,69,60
2026-02-02 13:30:00,28.8 °C,22.1 °C,31.5 °C,5.5 °C,28 °C,28.5 °C,71,59
2026-02-02 14:00:00,26.6 °C,21.5 °C,29.5 °C,4.9 °C,28 °C,28.6 °C,68,60
2026-02-02 14:30:00,26.4 °C,21.0 °C,29.2 °C,4.5 °C,28 °C,28.7 °C,66,61
2026-02-02 15:00:00,28.9 °C,20.7 °C,32.4 °C,4.6 °C,28 °C,28.7 °C,66,57
2026-02-02 15:30:00,31.2 °C,21.0 °C,34.5 °C,5.5 °C,28 °C,28.5 °C,75,61
2026-02-02 16:00:00,31.0 °C,20.6 °C,33.7 °C,6.3 °C,28 °C,28.3 °C,65,60
2026-02-02 16:30:00,28.6 °C,20.7 °C,30.5 °C,6.6 °C,28 °C,28.3 °C,67,53
2026-02-02 17:00:00,26.5 °C,20.6 °C,27.9 °C,6.3 °C,28 °C,28.3 °C,61,48
2026-02-02 17:30:00,26.5 °C,20.7 °C,27.3 °C,5.7 °C,28 °C,28.5 °C,65,51
2026-02-02 18:00:00,28.7 °C,20.8 °C,30.2 °C,5.6 °C,28 °C,28.5 °C,71,60
2026-02-02 18:30:00,31.3 °C,20.9 °C,32.7 °C,6.2 °C,28 °C,28.4 °C,64,50
2026-02-02 19:00:00,31.5 °C,20.9 °C,32.5 °C,5.7 °C,28 °C,28.5 °C,65,50
2026-02-02 19:30:00,29.3 °C,21.2 °C,30.7 °C,4.8 °C,28 °C,28.6 °C,70,58
2026-02-02 20:00:00,16.3 °C,20.7 °C,15.9 °C,4.1 °C,28 °C,28.8 °C,0,0
2026-02-02 20:30:00,16.1 °C,21.0 °C,15.9 °C,3.4 °C,28 °C,28.9 °C,0,0
2026-02-02 21:00:00,15.9 °C,20.9 °C,15.6 °C,3.1 °C,28 °C,29.0 °C,0,0
2026-02-02 21:30:00,15.6 °C,20.7 °C,15.2 °C,2.0 °C,28 °C,29.2 °C,0,0
2026-02-02 22:00:00,15.6 °C,20.7 °C,15.4 °C,1.7 °C,28 °C,29.3 °C,0,0
2026-02-02 22:30:00,16.1 °C,21.2 °C,15.2 °C,1.4 °C,28 °C,29.3 °C,0,0
2026-02-02 23:00:00,15.6 °C,21.2 °C,15.3 °C,1.1 °C,28 °C,29.4 °C,0,0
2026-02-02 23:30:00,15.4 °C,21.4 °C,15.5 °C,-0.2 °C,28 °C,29.6 °C,0,0
2026-02-03 00:00:00,15.5 °C,21.5 °C,15.0 °C,-0.6 °C,28 °C,29.7 °C,0,0
2026-02-03 00:30:00,15.4 °C,21.6 °C,14.9 °C,-1.3 °C,28 °C,29.9 °C,0,0
2026-02-03 01:00:00,15.3 °C,21.9 °C,15.1 °C,-1.6 °C,28 °C,29.9 °C,0,0
2026-02-03 01:30:00,14.4 °C,21.4 °C,14.8 °C,-2.3 °C,28 °C,30.1 °C,0,0
2026-02-03 02:00:00,14.7 °C,21.1 °C,15.0 °C,-1.6 °C,28 °C,29.9 °C,0,0
2026-02-03 02:30:00,14.3 °C,21.1 °C,15.3 °C,-1.6 °C,28 °C,29.9 °C,0,0
2026-02-03 03:00:00,13.8 °C,21.4 °C,15.1 °C,-2.6 °C,28 °C,30.1 °C,0,0
2026-02-03 03:30:00,14.0 °C,21.6 °C,14.7 °C,-3.3 °C,28 °C,30.3 °C,0,0
2026-02-03 04:00:00,14.1 °C,21.5 °C,14.8 °C,-2.3 °C,28 °C,30.1 °C,0,0
2026-02-03 04:30:00,14.3 °C,21.7 °C,15.3 °C,-2.2 °C,28 °C,30.0 °C,0,0
2026-02-03 05:00:00,13.9 °C,21.5 °C,14.9 °C,-2.1 °C,28 °C,30.0 °C,0,0
2026-02-03 05:30:00,14.2 °C,21.2 °C,15.1 °C,-1.0 °C,28 °C,29.8 °C,0,0
2026-02-03 06:00:00,29.5 °C,21.8 °C,32.2 °C,-0.7 °C,28 °C,29.7 °C,77,66
2026-02-03 06:30:00,31.5 °C,21.7 °C,34.4 °C,-0.9 °C,28 °C,29.8 °C,74,64
2026-02-03 07:00:00,31.9 °C,21.6 °C,36.0 °C,-1.0 °C,28 °C,29.8 °C,80,70
2026-02-03 07:30:00,28.8 °C,21.9 °C,32.7 °C,0.0 °C,28 °C,29.6 °C,78,67
2026-02-03 08:00:00,25.9 °C,22.0 °C,29.9 °C,1.9 °C,28 °C,29.2 °C,74,63
2026-02-03 08:30:00,25.9 °C,22.0 °C,28.6 °C,2.9 °C,28 °C,29.0 °C,69,55
2026-02-03 09:00:00,28.3 °C,22.0 °C,31.0 °C,3.2 °C,28 °C,29.0 °C,76,67
2026-02-03 09:30:00,30.5 °C,21.8 °C,33.1 °C,3.6 °C,28 °C,28.9 °C,73,64
2026-02-03 10:00:00,30.1 °C,21.4 °C,33.1 °C,4.2 °C,28 °C,28.8 °C,68,57
2026-02-03 10:30:00,27.6 °C,21.1 °C,30.2 °C,3.5 °C,28 °C,28.9 °C,75,66
2026-02-03 11:00:00,24.7 °C,21.4 °C,26.7 °C,4.1 °C,28 °C,28.8 °C,74,60
2026-02-03 11:30:00,24.7 °C,21.4 °C,26.8 °C,5.0 °C,28 °C,28.6 °C,68,61
2026-02-03 12:00:00,26.7 °C,21.1 °C,28.0 °C,6.6 °C,28 °C,28.3 °C,63,52
2026-02-03 12:30:00,28.5 °C,21.5 °C,29.5 °C,7.6 °C,28 °C,28.1 °C,65,55
2026-02-03 13:00:00,28.5 °C,21.9 °C,29.6 °C,8.9 °C,28 °C,28.0 °C,61,53
2026-02-03 13:30:00,26.0 °C,22.2 °C,26.0 °C,10.0 °C,28 °C,28.0 °C,68,55
2026-02-03 14:00:00,23.9 °C,22.3 °C,24.0 °C,10.7 °C,28 °C,28.0 °C,57,46
2026-02-03 14:30:00,24.2 °C,22.3 °C,25.3 °C,10.4 °C,28 °C,28.0 °C,65,53
2026-02-03 15:00:00,27.3 °C,22.2 °C,27.7 °C,10.4 °C,28 °C,28.0 °C,59,50
2026-02-03 15:30:00,30.1 °C,22.2 °C,30.2 °C,9.0 °C,28 °C,28.0 °C,61,49
2026-02-03 16:00:00,29.7 °C,22.3 °C,30.3 °C,8.8 °C,28 °C,28.0 °C,60,51
2026-02-03 16:30:00,26.5 °C,22.4 °C,27.6 °C,8.8 °C,28 °C,28.0 °C,62,53
2026-02-03 17:00:00,23.6 °C,22.5 °C,24.9 °C,8.1 °C,28 °C,28.0 °C,60,47
2026-02-03 17:30:00,23.8 °C,21.6 °C,25.1 °C,6.7 °C,28 °C,28.3 °C,65,56
2026-02-03 18:00:00,25.7 °C,21.9 °C,27.9 °C,7.2 °C,28 °C,28.2 °C,61,54
2026-02-03 18:30:00,28.2 °C,21.9 °C,30.5 °C,6.9 °C,28 °C,28.2 °C,59,47
2026-02-03 19:00:00,28.4 °C,21.5 °C,30.1 °C,7.3 °C,28 °C,28.1 °C,64,53
2026-02-03 19:30:00,26.0 °C,21.6 °C,27.8 °C,7.0 °C,28 °C,28.2 °C,69,56
2026-02-03 20:00:00,16.7 °C,20.8 °C,17.2 °C,7.0 °C,28 °C,28.2 °C,0,0
2026-02-03 20:30:00,16.5 °C,20.4 °C,17.5 °C,6.8 °C,28 °C,28.2 °C,0,0
2026-02-03 21:00:00,16.0 °C,20.3 °C,16.7 °C,5.4 °C,28 °C,28.5 °C,0,0
2026-02-03 21:30:00,15.7 °C,20.1 °C,15.5 °C,4.3 °C,28 °C,28.7 °C,0,0
2026-02-03 22:00:00,15.2 °C,19.9 °C,14.7 °C,3.2 °C,28 °C,29.0 °C,0,0
2026-02-03 22:30:00,15.0 °C,20.1 °C,14.5 °C,1.9 °C,28 °C,29.2 °C,0,0
2026-02-03 23:00:00,14.8 °C,20.0 °C,15.0 °C,2.4 °C,28 °C,29.1 °C,0,0
2026-02-03 23:30:00,14.1 °C,20.1 °C,14.9 °C,1.7 °C,28 °C,29.3 °C,0,0
2026-02-04 00:00:00,14.2 °C,20.4 °C,14.8 °C,1.4 °C,28 °C,29.3 °C,0,0
2026-02-04 00:30:00,14.2 °C,20.3 °C,14.8 °C,0.1 °C,28 °C,29.6 °C,0,0
2026-02-04 01:00:00,14.8 °C,20.6 °C,14.9 °C,0.1 °C,28 °C,29.6 °C,0,0
2026-02-04 01:30:00,14.8 °C,20.9 °C,14.5 °C,-0.5 °C,28 °C,29.7 °C,0,0
2026-02-04 02:00:00,15.0 °C,21.1 °C,15.1 °C,-0.0 °C,28 °C,29.6 °C,0,0
2026-02-04 02:30:00,14.4 °C,21.2 °C,15.1 °C,-0.7 °C,28 °C,29.7 °C,0,0
2026-02-04 03:00:00,15.0 °C,21.4 °C,15.5 °C,-0.0 °C,28 °C,29.6 °C,0,0
2026-02-04 03:30:00,15.3 °C,21.4 °C,16.1 °C,0.4 °C,28 °C,29.5 °C,0,0
2026-02-04 04:00:00,15.2 °C,21.6 °C,15.9 °C,0.0 °C,28 °C,29.6 °C,0,0
2026-02-04 04:30:00,14.7 °C,21.2 °C,15.9 °C,0.9 °C,28 °C,29.4 °C,0,0
2026-02-04 05:00:00,14.5 °C,21.2 °C,15.7 °C,1.6 °C,28 °C,29.3 °C,0,0
2026-02-04 05:30:00,14.7 °C,21.2 °C,15.6 °C,2.0 °C,28 °C,29.2 °C,0,0
2026-02-04 06:00:00,28.5 °C,22.1 °C,29.3 °C,1.5 °C,28 °C,29.3 °C,82,68
2026-02-04 06:30:00,31.6 °C,22.7 °C,32.5 °C,2.2 °C,28 °C,29.2 °C,75,65
2026-02-04 07:00:00,31.4 °C,22.5 °C,32.4 °C,2.5 °C,28 °C,29.1 °C,72,65
2026-02-04 07:30:00,28.7 °C,22.0 °C,30.6 °C,2.9 °C,28 °C,29.0 °C,67,59
2026-02-04 08:00:00,25.5 °C,22.0 °C,27.0 °C,3.3 °C,28 °C,28.9 °C,76,65
2026-02-04 08:30:00,25.1 °C,22.1 °C,26.5 °C,3.7 °C,28 °C,28.9 °C,71,61
2026-02-04 09:00:00,28.0 °C,21.9 °C,29.3 °C,3.6 °C,28 °C,28.9 °C,78,69
2026-02-04 09:30:00,30.3 °C,21.9 °C,32.4 °C,3.2 °C,28 °C,29.0 °C,69,63
2026-02-04 10:00:00,30.8 °C,21.8 °C,32.6 °C,2.8 °C,28 °C,29.0 °C,68,57
2026-02-04 10:30:00,27.7 °C,21.8 °C,29.1 °C,3.6 °C,28 °C,28.9 °C,75,65
2026-02-04 11:00:00,25.2 °C,21.6 °C,26.3 °C,2.8 °C,28 °C,29.0 °C,73,62
2026-02-04 11:30:00,24.8 °C,21.9 °C,25.5 °C,3.9 °C,28 °C,28.8 °C,74,67
2026-02-04 12:00:00,27.4 °C,22.4 °C,28.0 °C,4.8 °C,28 °C,28.6 °C,65,55
2026-02-04 12:30:00,29.8 °C,22.2 °C,30.1 °C,5.1 °C,28 °C,28.6 °C,64,53
2026-02-04 13:00:00,29.2 °C,21.8 °C,29.7 °C,6.2 °C,28 °C,28.4 °C,63,55
2026-02-04 13:30:00,27.2 °C,21.7 °C,27.2 °C,6.4 °C,28 °C,28.3 °C,58,46
2026-02-04 14:00:00,25.0 °C,22.0 °C,25.5 °C,6.9 °C,28 °C,28.2 °C,64,54
2026-02-04 14:30:00,25.4 °C,21.9 °C,26.1 °C,5.8 °C,28 °C,28.4 °C,61,53
2026-02-04 15:00:00,28.3 °C,22.0 °C,29.9 °C,4.7 °C,28 °C,28.7 °C,69,56
2026-02-04 15:30:00,30.4 °C,21.7 °C,32.2 °C,4.7 °C,28 °C,28.7 °C,68,57
2026-02-04 16:00:00,30.9 °C,22.2 °C,32.9 °C,5.1 °C,28 °C,28.6 °C,65,59
2026-02-04 16:30:00,28.3 °C,22.1 °C,31.4 °C,5.7 °C,28 °C,28.5 °C,69,59
2026-02-04 17:00:00,26.1 °C,22.1 °C,29.2 °C,5.5 °C,28 °C,28.5 °C,68,56
2026-02-04 17:30:00,26.2 °C,21.8 °C,29.2 °C,5.4 °C,28 °C,28.5 °C,72,62
2026-02-04 18:00:00,28.2 °C,21.6 °C,30.6 °C,5.6 °C,28 °C,28.5 °C,73,59
2026-02-04 18:30:00,31.5 °C,21.6 °C,34.6 °C,5.1 °C,28 °C,28.6 °C,69,59
2026-02-04 19:00:00,31.5 °C,21.7 °C,34.0 °C,5.0 °C,28 °C,28.6 °C,70,60
2026-02-04 19:30:00,29.3 °C,21.9 °C,31.1 °C,3.8 °C,28 °C,28.8 °C,72,62
2026-02-04 20:00:00,13.9 °C,20.5 °C,15.4 °C,2.3 °C,28 °C,29.1 °C,0,0
2026-02-04 20:30:00,13.9 °C,20.3 °C,14.6 °C,1.6 °C,28 °C,29.3 °C,0,0
2026-02-04 21:00:00,14.0 °C,20.2 °C,14.5 °C,1.6 °C,28 °C,29.3 °C,0,0
2026-02-04 21:30:00,13.9 °C,20.3 °C,14.0 °C,0.7 °C,28 °C,29.5 °C,0,0
2026-02-04 22:00:00,13.9 °C,20.1 °C,13.6 °C,0.7 °C,28 °C,29.5 °C,0,0
2026-02-04 22:30:00,13.2 °C,20.1 °C,13.2 °C,-0.4 °C,28 °C,29.7 °C,0,0
2026-02-04 23:00:00,13.1 °C,20.0 °C,13.0 °C,-1.1 °C,28 °C,29.8 °C,0,0
2026-02-04 23:30:00,13.3 °C,20.1 °C,12.7 °C,-1.3 °C,28 °C,29.9 °C,0,0
2026-02-05 00:00:00,13.1 °C,19.9 °C,12.5 °C,-1.9 °C,28 °C,30.0 °C,0,0
2026-02-05 00:30:00,13.0 °C,19.8 °C,12.2 °C,-2.5 °C,28 °C,30.1 °C,0,0
2026-02-05 01:00:00,12.9 °C,19.9 °C,11.7 °C,-4.2 °C,28 °C,30.4 °C,0,0
2026-02-05 01:30:00,13.2 °C,20.3 °C,12.2 °C,-3.6 °C,28 °C,30.3 °C,0,0
2026-02-05 02:00:00,13.4 °C,20.6 °C,12.6 °C,-3.7 °C,28 °C,30.3 °C,0,0
2026-02-05 02:30:00,13.1 °C,20.9 °C,12.6 °C,-4.1 °C,28 °C,30.4 °C,0,0
2026-02-05 03:00:00,13.9 °C,21.2 °C,13.5 °C,-2.8 °C,28 °C,30.2 °C,0,0
2026-02-05 03:30:00,13.6 °C,21.1 °C,13.4 °C,-3.1 °C,28 °C,30.2 °C,0,0
2026-02-05 04:00:00,13.8 °C,21.5 °C,14.0 °C,-3.2 °C,28 °C,30.2 °C,0,0
2026-02-05 04:30:00,13.7 °C,21.6 °C,14.3 °C,-3.4 °C,28 °C,30.3 °C,0,0
2026-02-05 05:00:00,13.6 °C,21.3 °C,14.3 °C,-2.3 °C,28 °C,30.1 °C,0,0
2026-02-05 05:30:00,13.9 °C,21.1 °C,14.3 °C,-1.0 °C,28 °C,29.8 °C,0,0
2026-02-05 06:00:00,29.6 °C,22.0 °C,32.1 °C,0.2 °C,28 °C,29.6 °C,75,65
2026-02-05 06:30:00,32.0 °C,22.2 °C,35.3 °C,1.4 °C,28 °C,29.3 °C,72,62
2026-02-05 07:00:00,32.4 °C,22.1 °C,36.5 °C,1.4 °C,28 °C,29.3 °C,72,61
2026-02-05 07:30:00,29.8 °C,21.8 °C,34.1 °C,2.9 °C,28 °C,29.0 °C,75,66
2026-02-05 08:00:00,28.1 °C,22.0 °C,32.4 °C,3.1 °C,28 °C,29.0 °C,71,62
2026-02-05 08:30:00,28.0 °C,21.7 °C,32.2 °C,2.6 °C,28 °C,29.1 °C,72,62
2026-02-05 09:00:00,29.5 °C,21.8 °C,34.2 °C,2.9 °C,28 °C,29.0 °C,74,66
2026-02-05 09:30:00,31.4 °C,21.8 °C,35.2 °C,3.7 °C,28 °C,28.9 °C,73,62
2026-02-05 10:00:00,31.1 °C,21.4 °C,35.3 °C,3.9 °C,28 °C,28.8 °C,68,58
2026-02-05 10:30:00,28.8 °C,21.9 °C,32.8 °C,4.5 °C,28 °C,28.7 °C,73,63
2026-02-05 11:00:00,26.5 °C,21.9 °C,29.9 °C,5.4 °C,28 °C,28.5 °C,68,58
2026-02-05 11:30:00,26.4 °C,21.6 °C,29.0 °C,6.1 °C,28 °C,28.4 °C,65,53
2026-02-05 12:00:00,28.7 °C,21.6 °C,30.5 °C,6.9 °C,28 °C,28.2 °C,68,62
2026-02-05 12:30:00,31.8 °C,21.2 °C,33.9 °C,7.1 °C,28 °C,28.2 °C,66,57
2026-02-05 13:00:00,31.4 °C,21.3 °C,34.4 °C,6.9 °C,28 °C,28.2 °C,66,56
2026-02-05 13:30:00,29.0 °C,21.6 °C,31.7 °C,6.3 °C,28 °C,28.3 °C,65,55
2026-02-05 14:00:00,26.3 °C,22.3 °C,28.5 °C,6.5 °C,28 °C,28.3 °C,66,56
2026-02-05 14:30:00,25.8 °C,22.2 °C,28.6 °C,6.3 °C,28 °C,28.3 °C,64,57
2026-02-05 15:00:00,27.4 °C,22.0 °C,30.2 °C,6.4 °C,28 °C,28.3 °C,65,57
2026-02-05 15:30:00,30.7 °C,22.0 °C,34.0 °C,5.2 °C,28 °C,28.6 °C,67,58
2026-02-05 16:00:00,30.6 °C,22.4 °C,33.2 °C,4.4 °C,28 °C,28.7 °C,70,65
2026-02-05 16:30:00,28.0 °C,22.4 °C,31.0 °C,4.8 °C,28 °C,28.6 °C,73,64
2026-02-05 17:00:00,26.0 °C,22.6 °C,29.8 °C,3.8 °C,28 °C,28.8 °C,70,58
2026-02-05 17:30:00,25.6 °C,22.7 °C,28.7 °C,3.6 °C,28 °C,28.9 °C,73,64
2026-02-05 18:00:00,27.9 °C,22.7 °C,30.7 °C,3.0 °C,28 °C,29.0 °C,72,63
2026-02-05 18:30:00,30.6 °C,22.2 °C,33.1 °C,2.3 °C,28 °C,29.1 °C,76,69
2026-02-05 19:00:00,30.5 °C,21.8 °C,33.4 °C,2.2 °C,28 °C,29.2 °C,78,70
2026-02-05 19:30:00,27.7 °C,21.4 °C,31.1 °C,2.0 °C,28 °C,29.2 °C,72,62
2026-02-05 20:00:00,14.2 °C,20.2 °C,14.6 °C,2.0 °C,28 °C,29.2 °C,0,0
2026-02-05 20:30:00,13.9 °C,20.0 °C,14.6 °C,1.0 °C,28 °C,29.4 °C,0,0
2026-02-05 21:00:00,14.1 °C,20.6 °C,15.0 °C,0.1 °C,28 °C,29.6 °C,0,0
2026-02-05 21:30:00,14.7 °C,20.4 °C,14.8 °C,0.5 °C,28 °C,29.5 °C,0,0
2026-02-05 22:00:00,14.8 °C,20.5 °C,13.6 °C,-0.1 °C,28 °C,29.6 °C,0,0
2026-02-05 22:30:00,14.7 °C,20.5 °C,13.9 °C,-0.2 °C,28 °C,29.6 °C,0,0
2026-02-05 23:00:00,14.6 °C,20.5 °C,13.3 °C,-0.9 °C,28 °C,29.8 °C,0,0
2026-02-05 23:30:00,14.5 °C,20.6 °C,13.5 °C,-1.0 °C,28 °C,29.8 °C,0,0
2026-02-06 00:00:00,13.5 °C,20.3 °C,12.6 °C,-2.7 °C,28 °C,30.1 °C,0,0
2026-02-06 00:30:00,13.4 °C,20.5 °C,13.2 °C,-2.2 °C,28 °C,30.0 °C,0,0
2026-02-06 01:00:00,13.0 °C,20.3 °C,12.7 °C,-2.6 °C,28 °C,30.1 °C,0,0
2026-02-06 01:30:00,13.0 °C,20.2 °C,12.4 °C,-3.5 °C,28 °C,30.3 °C,0,0
2026-02-06 02:00:00,12.9 °C,20.2 °C,11.8 °C,-4.1 °C,28 °C,30.4 °C,0,0
2026-02-06 02:30:00,13.2 °C,20.5 °C,12.1 °C,-4.1 °C,28 °C,30.4 °C,0,0
2026-02-06 03:00:00,13.3 °C,20.3 °C,12.1 °C,-3.9 °C,28 °C,30.4 °C,0,0
2026-02-06 03:30:00,13.4 °C,20.4 °C,12.6 °C,-3.6 °C,28 °C,30.3 °C,0,0
2026-02-06 04:00:00,13.2 °C,20.5 °C,12.5 °C,-4.0 °C,28 °C,30.4 °C,0,0
2026-02-06 04:30:00,14.1 °C,20.6 °C,13.0 °C,-3.0 °C,28 °C,30.2 °C,0,0
2026-02-06 05:00:00,14.2 °C,20.7 °C,13.0 °C,-2.9 °C,28 °C,30.2 °C,0,0
2026-02-06 05:30:00,13.6 °C,20.4 °C,13.0 °C,-2.7 °C,28 °C,30.1 °C,0,0
2026-02-06 06:00:00,28.8 °C,21.3 °C,30.6 °C,-2.3 °C,28 °C,30.1 °C,80,69
2026-02-06 06:30:00,31.0 °C,21.1 °C,33.0 °C,-1.2 °C,28 °C,29.8 °C,82,75
2026-02-06 07:00:00,30.4 °C,20.8 °C,32.8 °C,-0.6 °C,28 °C,29.7 °C,81,73
2026-02-06 07:30:00,27.6 °C,20.7 °C,30.1 °C,-0.3 °C,28 °C,29.7 °C,79,67
2026-02-06 08:00:00,25.4 °C,20.7 °C,28.5 °C,0.2 °C,28 °C,29.6 °C,79,69
2026-02-06 08:30:00,25.0 °C,21.5 °C,27.9 °C,1.7 °C,28 °C,29.3 °C,75,66
2026-02-06 09:00:00,27.2 °C,21.8 °C,29.3 °C,3.0 °C,28 °C,29.0 °C,73,65
2026-02-06 09:30:00,29.6 °C,22.0 °C,31.4 °C,3.8 °C,28 °C,28.8 °C,68,59
2026-02-06 10:00:00,29.5 °C,21.9 °C,31.3 °C,4.4 °C,28 °C,28.7 °C,70,61
2026-02-06 10:30:00,26.1 °C,21.8 °C,27.6 °C,6.3 °C,28 °C,28.3 °C,67,58
2026-02-06 11:00:00,23.3 °C,22.4 °C,24.5 °C,7.0 °C,28 °C,28.2 °C,66,56
2026-02-06 11:30:00,22.9 °C,22.2 °C,24.7 °C,7.4 °C,28 °C,28.1 °C,65,52
2026-02-06 12:00:00,25.3 °C,22.2 °C,26.7 °C,7.5 °C,28 °C,28.1 °C,65,54
2026-02-06 12:30:00,27.9 °C,22.6 °C,28.8 °C,8.0 °C,28 °C,28.0 °C,70,62
2026-02-06 13:00:00,28.5 °C,22.3 °C,29.9 °C,6.3 °C,28 °C,28.3 °C,67,58
2026-02-06 13:30:00,26.6 °C,22.3 °C,28.4 °C,7.3 °C,28 °C,28.1 °C,67,57
2026-02-06 14:00:00,23.9 °C,22.3 °C,25.1 °C,6.7 °C,28 °C,28.3 °C,66,55
2026-02-06 14:30:00,24.3 °C,22.0 °C,25.9 °C,6.4 °C,28 °C,28.3 °C,67,56
2026-02-06 15:00:00,26.7 °C,22.1 °C,27.8 °C,5.7 °C,28 °C,28.5 °C,65,53
2026-02-06 15:30:00,30.1 °C,21.8 °C,31.0 °C,5.4 °C,28 °C,28.5 °C,66,58
2026-02-06 16:00:00,30.2 °C,22.0 °C,30.6 °C,5.3 °C,28 °C,28.5 °C,66,56
2026-02-06 16:30:00,27.5 °C,22.1 °C,27.9 °C,5.8 °C,28 °C,28.4 °C,63,53
2026-02-06 17:00:00,25.2 °C,22.3 °C,26.0 °C,6.5 °C,28 °C,28.3 °C,66,61
2026-02-06 17:30:00,25.1 °C,22.2 °C,26.2 °C,7.3 °C,28 °C,28.1 °C,62,52
2026-02-06 18:00:00,27.6 °C,22.2 °C,28.3 °C,6.9 °C,28 °C,28.2 °C,62,50
2026-02-06 18:30:00,30.4 °C,22.4 °C,31.4 °C,6.3 °C,28 °C,28.3 °C,73,65
2026-02-06 19:00:00,31.1 °C,22.0 °C,32.3 °C,6.2 °C,28 °C,28.4 °C,70,62
2026-02-06 19:30:00,29.2 °C,21.7 °C,31.0 °C,5.0 °C,28 °C,28.6 °C,75,61
2026-02-06 20:00:00,16.9 °C,20.9 °C,15.7 °C,3.9 °C,28 °C,28.8 °C,0,0
2026-02-06 20:30:00,16.5 °C,21.1 °C,15.4 °C,3.1 °C,28 °C,29.0 °C,0,0
2026-02-06 21:00:00,16.3 °C,21.1 °C,15.6 °C,2.5 °C,28 °C,29.1 °C,0,0
2026-02-06 21:30:00,16.0 °C,21.3 °C,15.0 °C,0.7 °C,28 °C,29.5 °C,0,0
2026-02-06 22:00:00,15.9 °C,21.2 °C,14.8 °C,0.9 °C,28 °C,29.4 °C,0,0
2026-02-06 22:30:00,16.1 °C,21.4 °C,15.0 °C,0.6 °C,28 °C,29.5 °C,0,0
2026-02-06 23:00:00,15.8 °C,21.4 °C,15.4 °C,0.6 °C,28 °C,29.5 °C,0,0
2026-02-06 23:30:00,15.1 °C,21.1 °C,14.5 °C,-0.8 °C,28 °C,29.8 °C,0,0
2026-02-07 00:00:00,15.1 °C,21.4 °C,14.7 °C,-1.5 °C,28 °C,29.9 °C,0,0
2026-02-07 00:30:00,15.1 °C,21.6 °C,14.5 °C,-2.2 °C,28 °C,30.0 °C,0,0
2026-02-07 01:00:00,14.6 °C,21.4 °C,14.3 °C,-2.5 °C,28 °C,30.1 °C,0,0
2026-02-07 01:30:00,13.8 °C,21.2 °C,14.4 °C,-2.6 °C,28 °C,30.1 °C,0,0
2026-02-07 02:00:00,13.4 °C,21.3 °C,14.9 °C,-2.1 °C,28 °C,30.0 °C,0,0
2026-02-07 02:30:00,13.2 °C,21.0 °C,14.5 °C,-2.1 °C,28 °C,30.0 °C,0,0
2026-02-07 03:00:00,13.3 °C,21.1 °C,14.6 °C,-2.5 °C,28 °C,30.1 °C,0,0
2026-02-07 03:30:00,13.7 °C,21.0 °C,15.0 °C,-1.1 °C,28 °C,29.8 °C,0,0
2026-02-07 04:00:00,13.8 °C,21.0 °C,15.0 °C,-1.1 °C,28 °C,29.8 °C,0,0
2026-02-07 04:30:00,13.7 °C,20.5 °C,14.9 °C,-1.5 °C,28 °C,29.9 °C,0,0
2026-02-07 05:00:00,13.2 °C,20.3 °C,14.2 °C,-2.4 °C,28 °C,30.1 °C,0,0
2026-02-07 05:30:00,13.6 °C,20.4 °C,14.6 °C,-1.8 °C,28 °C,30.0 °C,0,0
2026-02-07 06:00:00,14.5 °C,20.7 °C,15.0 °C,-0.9 °C,28 °C,29.8 °C,0,0
2026-02-07 06:30:00,14.2 °C,20.7 °C,15.2 °C,-1.1 °C,28 °C,29.8 °C,0,0
2026-02-07 07:00:00,32.0 °C,21.8 °C,33.7 °C,-0.1 °C,28 °C,29.6 °C,78,68
2026-02-07 07:30:00,29.3 °C,21.4 °C,31.2 °C,0.6 °C,28 °C,29.5 °C,73,62
2026-02-07 08:00:00,27.0 °C,21.3 °C,27.7 °C,0.1 °C,28 °C,29.6 °C,75,60
2026-02-07 08:30:00,26.8 °C,21.4 °C,27.2 °C,1.3 °C,28 °C,29.3 °C,76,66
2026-02-07 09:00:00,29.7 °C,21.4 °C,29.5 °C,1.8 °C,28 °C,29.2 °C,73,61
2026-02-07 09:30:00,31.8 °C,21.7 °C,32.2 °C,1.8 °C,28 °C,29.2 °C,73,65
2026-02-07 10:00:00,31.0 °C,21.6 °C,31.3 °C,3.2 °C,28 °C,29.0 °C,73,68
2026-02-07 10:30:00,28.2 °C,21.6 °C,28.5 °C,4.4 °C,28 °C,28.7 °C,67,55
2026-02-07 11:00:00,25.6 °C,21.7 °C,25.3 °C,4.3 °C,28 °C,28.7 °C,72,63
2026-02-07 11:30:00,25.8 °C,21.6 °C,25.3 °C,5.0 °C,28 °C,28.6 °C,75,66
2026-02-07 12:00:00,28.7 °C,21.4 °C,28.1 °C,5.7 °C,28 °C,28.5 °C,68,55
2026-02-07 12:30:00,31.6 °C,21.5 °C,31.1 °C,6.1 °C,28 °C,28.4 °C,65,50
2026-02-07 13:00:00,31.9 °C,21.3 °C,31.6 °C,6.1 °C,28 °C,28.4 °C,62,49
2026-02-07 13:30:00,29.1 °C,21.7 °C,29.7 °C,6.4 °C,28 °C,28.3 °C,65,54
2026-02-07 14:00:00,16.0 °C,20.3 °C,16.0 °C,7.2 °C,28 °C,28.2 °C,0,0
2026-02-07 14:30:00,16.3 °C,20.3 °C,16.2 °C,7.6 °C,28 °C,28.1 °C,0,0
2026-02-07 15:00:00,16.1 °C,20.8 °C,16.3 °C,6.4 °C,28 °C,28.3 °C,0,0
2026-02-07 15:30:00,16.0 °C,21.3 °C,16.5 °C,5.2 °C,28 °C,28.6 °C,0,0
2026-02-07 16:00:00,16.1 °C,21.2 °C,16.3 °C,4.2 °C,28 °C,28.8 °C,0,0
2026-02-07 16:30:00,15.9 °C,21.4 °C,16.1 °C,3.5 °C,28 °C,28.9 °C,0,0
2026-02-07 17:00:00,15.3 °C,21.6 °C,16.6 °C,3.2 °C,28 °C,29.0 °C,0,0
2026-02-07 17:30:00,15.1 °C,21.4 °C,15.8 °C,2.9 °C,28 °C,29.0 °C,0,0
2026-02-07 18:00:00,15.2 °C,21.4 °C,16.1 °C,2.9 °C,28 °C,29.0 °C,0,0
2026-02-07 18:30:00,15.0 °C,21.1 °C,15.9 °C,2.7 °C,28 °C,29.1 °C,0,0
2026-02-07 19:00:00,14.9 °C,20.7 °C,15.9 °C,2.5 °C,28 °C,29.1 °C,0,0
2026-02-07 19:30:00,15.3 °C,20.9 °C,16.0 °C,3.0 °C,28 °C,29.0 °C,0,0
2026-02-07 20:00:00,14.8 °C,21.0 °C,15.5 °C,1.6 °C,28 °C,29.3 °C,0,0
2026-02-07 20:30:00,14.8 °C,20.7 °C,14.9 °C,1.4 °C,28 °C,29.3 °C,0,0
2026-02-07 21:00:00,14.8 °C,20.7 °C,14.5 °C,1.3 °C,28 °C,29.3 °C,0,0
2026-02-07 21:30:00,14.4 °C,20.4 °C,13.9 °C,0.1 °C,28 °C,29.6 °C,0,0
2026-02-07 22:00:00,14.3 °C,20.3 °C,13.6 °C,0.1 °C,28 °C,29.6 °C,0,0
2026-02-07 22:30:00,14.3 °C,20.2 °C,13.4 °C,-0.1 °C,28 °C,29.6 °C,0,0
2026-02-07 23:00:00,14.3 °C,20.5 °C,13.2 °C,-0.5 °C,28 °C,29.7 °C,0,0
2026-02-07 23:30:00,13.6 °C,20.4 °C,13.0 °C,-2.3 °C,28 °C,30.1 °C,0,0
2026-02-08 00:00:00,13.7 °C,20.1 °C,12.8 °C,-1.8 °C,28 °C,30.0 °C,0,0
2026-02-08 00:30:00,14.1 °C,20.6 °C,13.3 °C,-1.9 °C,28 °C,30.0 °C,0,0
2026-02-08 01:00:00,14.4 °C,20.8 °C,13.4 °C,-1.9 °C,28 °C,30.0 °C,0,0
2026-02-08 01:30:00,14.0 °C,21.0 °C,13.1 °C,-4.1 °C,28 °C,30.4 °C,0,0
2026-02-08 02:00:00,13.4 °C,21.1 °C,13.1 °C,-4.3 °C,28 °C,30.5 °C,0,0
2026-02-08 02:30:00,13.6 °C,21.3 °C,13.3 °C,-4.9 °C,28 °C,30.6 °C,0,0
2026-02-08 03:00:00,13.7 °C,21.4 °C,13.9 °C,-3.9 °C,28 °C,30.4 °C,0,0
2026-02-08 03:30:00,13.9 °C,21.4 °C,14.1 °C,-4.2 °C,28 °C,30.4 °C,0,0
2026-02-08 04:00:00,13.9 °C,21.4 °C,14.3 °C,-2.9 °C,28 °C,30.2 °C,0,0
2026-02-08 04:30:00,14.5 °C,21.2 °C,14.2 °C,-2.0 °C,28 °C,30.0 °C,0,0
2026-02-08 05:00:00,14.2 °C,21.4 °C,14.3 °C,-1.5 °C,28 °C,29.9 °C,0,0
2026-02-08 05:30:00,14.5 °C,21.3 °C,14.6 °C,-0.5 °C,28 °C,29.7 °C,0,0
2026-02-08 06:00:00,14.4 °C,21.3 °C,14.7 °C,-0.6 °C,28 °C,29.7 °C,0,0
2026-02-08 06:30:00,14.6 °C,21.3 °C,14.6 °C,-0.6 °C,28 °C,29.7 °C,0,0
2026-02-08 07:00:00,15.4 °C,21.4 °C,15.0 °C,0.5 °C,28 °C,29.5 °C,0,0
2026-02-08 07:30:00,15.2 °C,21.1 °C,14.8 °C,0.5 °C,28 °C,29.5 °C,0,0
2026-02-08 08:00:00,15.4 °C,21.1 °C,14.7 °C,0.4 °C,28 °C,29.5 °C,0,0
2026-02-08 08:30:00,15.7 °C,20.8 °C,14.7 °C,0.9 °C,28 °C,29.4 °C,0,0
2026-02-08 09:00:00,15.5 °C,20.8 °C,15.2 °C,1.1 °C,28 °C,29.4 °C,0,0
2026-02-08 09:30:00,16.3 °C,21.0 °C,16.1 °C,3.0 °C,28 °C,29.0 °C,0,0
2026-02-08 10:00:00,17.2 °C,21.5 °C,17.0 °C,4.1 °C,28 °C,28.8 °C,0,0
2026-02-08 10:30:00,17.3 °C,21.5 °C,17.2 °C,4.4 °C,28 °C,28.7 °C,0,0
2026-02-08 11:00:00,17.2 °C,21.7 °C,17.7 °C,4.3 °C,28 °C,28.7 °C,0,0
2026-02-08 11:30:00,17.2 °C,21.3 °C,17.8 °C,5.1 °C,28 °C,28.6 °C,0,0
2026-02-08 12:00:00,17.6 °C,21.4 °C,17.7 °C,6.3 °C,28 °C,28.3 °C,0,0
2026-02-08 12:30:00,17.6 °C,21.1 °C,17.8 °C,6.9 °C,28 °C,28.2 °C,0,0
2026-02-08 13:00:00,17.5 °C,21.3 °C,17.9 °C,6.6 °C,28 °C,28.3 °C,0,0
2026-02-08 13:30:00,17.1 °C,21.0 °C,17.6 °C,6.1 °C,28 °C,28.4 °C,0,0
2026-02-08 14:00:00,16.8 °C,20.8 °C,16.9 °C,6.1 °C,28 °C,28.4 °C,0,0
2026-02-08 14:30:00,16.9 °C,20.9 °C,16.6 °C,6.6 °C,28 °C,28.3 °C,0,0
2026-02-08 15:00:00,17.5 °C,21.4 °C,16.9 °C,6.4 °C,28 °C,28.3 °C,0,0
2026-02-08 15:30:00,17.6 °C,21.6 °C,16.7 °C,7.1 °C,28 °C,28.2 °C,0,0
2026-02-08 16:00:00,17.4 °C,21.4 °C,16.9 °C,7.3 °C,28 °C,28.1 °C,0,0
2026-02-08 16:30:00,16.8 °C,21.1 °C,16.7 °C,7.3 °C,28 °C,28.1 °C,0,0
2026-02-08 17:00:00,16.7 °C,21.0 °C,17.3 °C,7.3 °C,28 °C,28.1 °C,0,0
2026-02-08 17:30:00,16.4 °C,21.0 °C,17.0 °C,6.1 °C,28 °C,28.4 °C,0,0
2026-02-08 18:00:00,16.3 °C,20.9 °C,16.9 °C,5.5 °C,28 °C,28.5 °C,0,0
2026-02-08 18:30:00,15.5 °C,20.7 °C,16.6 °C,4.5 °C,28 °C,28.7 °C,0,0
2026-02-08 19:00:00,15.3 °C,21.0 °C,16.7 °C,4.4 °C,28 °C,28.7 °C,0,0
2026-02-08 19:30:00,14.8 °C,21.3 °C,16.6 °C,3.3 °C,28 °C,28.9 °C,0,0
2026-02-08 20:00:00,15.3 °C,21.7 °C,16.7 °C,3.0 °C,28 °C,29.0 °C,0,0
2026-02-08 20:30:00,15.1 °C,21.2 °C,15.4 °C,2.4 °C,28 °C,29.1 °C,0,0
2026-02-08 21:00:00,15.2 °C,21.0 °C,15.5 °C,2.3 °C,28 °C,29.1 °C,0,0
2026-02-08 21:30:00,14.7 °C,21.0 °C,15.5 °C,1.1 °C,28 °C,29.4 °C,0,0
2026-02-08 22:00:00,14.7 °C,21.0 °C,15.7 °C,0.9 °C,28 °C,29.4 °C,0,0
2026-02-08 22:30:00,13.8 °C,20.9 °C,15.2 °C,-0.2 °C,28 °C,29.6 °C,0,0
2026-02-08 23:00:00,13.8 °C,20.6 °C,14.7 °C,-1.1 °C,28 °C,29.8 °C,0,0
2026-02-08 23:30:00,-20.0 °C,20.4 °C,14.0 °C,-1.5 °C,28 °C,29.9 °C,0,0
2026-02-09 00:00:00,14.6 °C,21.0 °C,14.1 °C,-1.0 °C,28 °C,29.8 °C,0,0
2026-02-09 00:30:00,13.9 °C,20.6 °C,13.5 °C,-1.8 °C,28 °C,30.0 °C,0,0
2026-02-09 01:00:00,13.1 °C,20.2 °C,12.9 °C,-3.0 °C,28 °C,30.2 °C,0,0
2026-02-09 01:30:00,12.8 °C,20.0 °C,12.7 °C,-3.6 °C,28 °C,30.3 °C,0,0
2026-02-09 02:00:00,13.2 °C,20.1 °C,12.6 °C,-3.8 °C,28 °C,30.4 °C,0,0
2026-02-09 02:30:00,13.8 °C,20.1 °C,12.7 °C,-2.5 °C,28 °C,30.1 °C,0,0
2026-02-09 03:00:00,14.0 °C,20.3 °C,12.7 °C,-2.2 °C,28 °C,30.0 °C,0,0
2026-02-09 03:30:00,13.9 °C,20.2 °C,12.6 °C,-2.5 °C,28 °C,30.1 °C,0,0
2026-02-09 04:00:00,13.7 °C,20.2 °C,12.3 °C,-2.4 °C,28 °C,30.1 °C,0,0
2026-02-09 04:30:00,13.8 °C,20.3 °C,12.9 °C,-1.1 °C,28 °C,29.8 °C,0,0
2026-02-09 05:00:00,14.1 °C,20.8 °C,13.8 °C,-1.0 °C,28 °C,29.8 °C,0,0
2026-02-09 05:30:00,14.2 °C,21.2 °C,14.0 °C,-0.8 °C,28 °C,29.8 °C,0,0
2026-02-09 06:00:00,30.0 °C,22.0 °C,31.0 °C,-0.6 °C,28 °C,29.7 °C,78,68
2026-02-09 06:30:00,32.4 °C,22.2 °C,33.4 °C,0.3 °C,28 °C,29.5 °C,76,64
2026-02-09 07:00:00,32.3 °C,22.2 °C,33.8 °C,0.5 °C,28 °C,29.5 °C,77,70
2026-02-09 07:30:00,29.1 °C,22.3 °C,30.7 °C,1.6 °C,28 °C,29.3 °C,76,65
2026-02-09 08:00:00,26.7 °C,22.4 °C,29.3 °C,2.8 °C,28 °C,29.0 °C,72,62
2026-02-09 08:30:00,26.5 °C,22.5 °C,29.3 °C,3.6 °C,28 °C,28.9 °C,72,63
2026-02-09 09:00:00,28.5 °C,22.6 °C,31.0 °C,4.0 °C,28 °C,28.8 °C,72,57
2026-02-09 09:30:00,30.4 °C,22.6 °C,31.5 °C,3.6 °C,28 °C,28.9 °C,74,62
2026-02-09 10:00:00,31.3 °C,22.6 °C,31.8 °C,4.1 °C,28 °C,28.8 °C,63,54
2026-02-09 10:30:00,29.2 °C,22.8 °C,29.6 °C,4.3 °C,28 °C,28.7 °C,68,61
2026-02-09 11:00:00,26.9 °C,22.6 °C,26.7 °C,4.4 °C,28 °C,28.7 °C,71,61
2026-02-09 11:30:00,26.7 °C,22.4 °C,26.7 °C,4.8 °C,28 °C,28.6 °C,75,66
2026-02-09 12:00:00,29.2 °C,21.9 °C,29.5 °C,5.7 °C,28 °C,28.5 °C,71,59
2026-02-09 12:30:00,31.1 °C,22.0 °C,31.4 °C,5.8 °C,28 °C,28.4 °C,71,61
2026-02-09 13:00:00,31.3 °C,22.1 °C,31.6 °C,5.4 °C,28 °C,28.5 °C,76,63
2026-02-09 13:30:00,28.9 °C,21.7 °C,30.4 °C,5.2 °C,28 °C,28.6 °C,68,59
2026-02-09 14:00:00,25.8 °C,21.5 °C,27.3 °C,6.6 °C,28 °C,28.3 °C,72,62
2026-02-09 14:30:00,25.6 °C,21.7 °C,27.2 °C,7.2 °C,28 °C,28.2 °C,67,60
2026-02-09 15:00:00,28.0 °C,21.7 °C,29.1 °C,6.7 °C,28 °C,28.3 °C,63,53
2026-02-09 15:30:00,30.0 °C,21.7 °C,31.2 °C,7.5 °C,28 °C,28.1 °C,59,46
2026-02-09 16:00:00,29.9 °C,21.9 °C,30.9 °C,7.3 °C,28 °C,28.1 °C,64,55
2026-02-09 16:30:00,26.7 °C,21.9 °C,28.7 °C,8.5 °C,28 °C,28.0 °C,65,54
2026-02-09 17:00:00,24.8 °C,22.0 °C,27.1 °C,8.2 °C,28 °C,28.0 °C,62,54
2026-02-09 17:30:00,25.5 °C,21.7 °C,28.5 °C,8.1 °C,28 °C,28.0 °C,63,52
2026-02-09 18:00:00,27.6 °C,21.8 °C,99.9 °C,8.1 °C,28 °C,28.0 °C,69,61
2026-02-09 18:30:00,30.5 °C,21.4 °C,34.0 °C,8.4 °C,28 °C,28.0 °C,63,50
2026-02-09 19:00:00,30.6 °C,21.1 °C,33.4 °C,7.4 °C,28 °C,28.1 °C,70,63
2026-02-09 19:30:00,28.1 °C,21.1 °C,31.0 °C,7.5 °C,28 °C,28.1 °C,67,54
2026-02-09 20:00:00,16.1 °C,20.4 °C,15.3 °C,6.3 °C,28 °C,28.3 °C,0,0
2026-02-09 20:30:00,15.9 °C,20.4 °C,15.2 °C,5.3 °C,28 °C,28.5 °C,0,0
2026-02-09 21:00:00,15.2 °C,20.3 °C,14.8 °C,4.6 °C,28 °C,28.7 °C,0,0
2026-02-09 21:30:00,15.3 °C,20.5 °C,14.9 °C,4.4 °C,28 °C,28.7 °C,0,0
2026-02-09 22:00:00,15.2 °C,20.6 °C,14.8 °C,3.4 °C,28 °C,28.9 °C,0,0
2026-02-09 22:30:00,15.5 °C,20.9 °C,15.0 °C,3.7 °C,28 °C,28.9 °C,0,0
2026-02-09 23:00:00,15.8 °C,20.7 °C,14.1 °C,3.8 °C,28 °C,28.8 °C,0,0
2026-02-09 23:30:00,16.2 °C,21.0 °C,14.7 °C,3.0 °C,28 °C,29.0 °C,0,0
2026-02-10 00:00:00,15.7 °C,21.4 °C,14.6 °C,1.8 °C,28 °C,29.2 °C,0,0
2026-02-10 00:30:00,15.8 °C,21.6 °C,14.9 °C,1.9 °C,28 °C,29.2 °C,0,0
2026-02-10 01:00:00,15.5 °C,21.6 °C,14.5 °C,0.1 °C,28 °C,29.6 °C,0,0
2026-02-10 01:30:00,15.5 °C,21.7 °C,14.2 °C,0.2 °C,28 °C,29.6 °C,0,0
2026-02-10 02:00:00,15.4 °C,21.7 °C,13.9 °C,-0.6 °C,28 °C,29.7 °C,0,0
2026-02-10 02:30:00,15.1 °C,21.2 °C,13.9 °C,-0.0 °C,28 °C,29.6 °C,0,0
2026-02-10 03:00:00,14.2 °C,21.0 °C,13.5 °C,-1.0 °C,28 °C,29.8 °C,0,0
2026-02-10 03:30:00,14.3 °C,21.0 °C,13.1 °C,-1.4 °C,28 °C,29.9 °C,0,0
2026-02-10 04:00:00,14.1 °C,20.7 °C,13.2 °C,-1.0 °C,28 °C,29.8 °C,0,0
2026-02-10 04:30:00,15.2 °C,21.1 °C,13.9 °C,-0.5 °C,28 °C,29.7 °C,0,0
2026-02-10 05:00:00,15.4 °C,21.2 °C,13.9 °C,-0.6 °C,28 °C,29.7 °C,0,0
2026-02-10 05:30:00,15.4 °C,21.6 °C,14.6 °C,-0.5 °C,28 °C,29.7 °C,0,0
2026-02-10 06:00:00,28.7 °C,22.6 °C,30.4 °C,0.5 °C,28 °C,29.5 °C,76,65
2026-02-10 06:30:00,30.1 °C,22.2 °C,32.1 °C,1.5 °C,28 °C,29.3 °C,75,66
2026-02-10 07:00:00,30.6 °C,22.4 °C,32.9 °C,1.7 °C,28 °C,29.3 °C,73,62
2026-02-10 07:30:00,27.8 °C,22.3 °C,30.4 °C,1.8 °C,28 °C,29.2 °C,76,67
2026-02-10 08:00:00,25.4 °C,22.5 °C,28.1 °C,1.5 °C,28 °C,29.3 °C,70,62
2026-02-10 08:30:00,25.0 °C,22.8 °C,27.8 °C,2.3 °C,28 °C,29.1 °C,70,60
2026-02-10 09:00:00,27.6 °C,23.1 °C,30.1 °C,3.4 °C,28 °C,28.9 °C,71,61
2026-02-10 09:30:00,29.8 °C,23.2 °C,32.9 °C,4.0 °C,28 °C,28.8 °C,72,61
2026-02-10 10:00:00,29.0 °C,23.2 °C,32.3 °C,4.0 °C,28 °C,28.8 °C,76,65
2026-02-10 10:30:00,26.5 °C,23.0 °C,29.7 °C,5.7 °C,28 °C,28.5 °C,64,58
2026-02-10 11:00:00,24.2 °C,23.3 °C,27.8 °C,4.9 °C,28 °C,28.6 °C,68,57
2026-02-10 11:30:00,24.2 °C,23.2 °C,27.4 °C,6.0 °C,28 °C,28.4 °C,67,56
2026-02-10 12:00:00,27.0 °C,23.0 °C,30.1 °C,6.5 °C,28 °C,28.3 °C,62,54
2026-02-10 12:30:00,29.0 °C,23.0 °C,32.5 °C,7.2 °C,28 °C,28.2 °C,62,51
2026-02-10 13:00:00,29.2 °C,23.1 °C,31.9 °C,7.0 °C,28 °C,28.2 °C,60,51
2026-02-10 13:30:00,26.6 °C,23.3 °C,30.3 °C,7.2 °C,28 °C,28.2 °C,66,54
2026-02-10 14:00:00,24.6 °C,22.8 °C,27.9 °C,7.6 °C,28 °C,28.1 °C,62,52
2026-02-10 14:30:00,24.7 °C,23.0 °C,27.7 °C,7.6 °C,28 °C,28.1 °C,68,59
2026-02-10 15:00:00,27.4 °C,23.0 °C,30.3 °C,6.6 °C,28 °C,28.3 °C,67,54
2026-02-10 15:30:00,29.2 °C,22.8 °C,32.4 °C,7.7 °C,28 °C,28.1 °C,63,55
2026-02-10 16:00:00,29.6 °C,22.5 °C,33.0 °C,8.0 °C,28 °C,28.0 °C,61,53
2026-02-10 16:30:00,27.7 °C,22.8 °C,31.7 °C,7.8 °C,28 °C,28.0 °C,65,54
2026-02-10 17:00:00,25.0 °C,23.1 °C,28.8 °C,7.5 °C,28 °C,28.1 °C,63,56
2026-02-10 17:30:00,25.0 °C,23.3 °C,28.8 °C,8.2 °C,28 °C,28.0 °C,65,54
2026-02-10 18:00:00,27.9 °C,22.8 °C,30.8 °C,7.2 °C,28 °C,28.2 °C,68,58
2026-02-10 18:30:00,31.5 °C,22.7 °C,33.7 °C,6.1 °C,28 °C,28.4 °C,64,56
2026-02-10 19:00:00,31.6 °C,22.6 °C,33.7 °C,6.1 °C,28 °C,28.4 °C,65,58
2026-02-10 19:30:00,29.1 °C,22.9 °C,31.4 °C,5.8 °C,28 °C,28.4 °C,71,55
2026-02-10 20:00:00,17.5 °C,22.1 °C,17.1 °C,4.6 °C,28 °C,28.7 °C,0,0
2026-02-10 20:30:00,17.2 °C,21.9 °C,16.2 °C,4.6 °C,28 °C,28.7 °C,0,0
2026-02-10 21:00:00,17.0 °C,21.8 °C,15.7 °C,4.1 °C,28 °C,28.8 °C,0,0
2026-02-10 21:30:00,16.6 °C,21.9 °C,16.0 °C,2.9 °C,28 °C,29.0 °C,0,0
2026-02-10 22:00:00,16.4 °C,22.0 °C,16.5 °C,2.6 °C,28 °C,29.1 °C,0,0
2026-02-10 22:30:00,16.5 °C,22.3 °C,16.1 °C,2.2 °C,28 °C,29.2 °C,0,0
2026-02-10 23:00:00,16.0 °C,22.5 °C,15.5 °C,1.6 °C,28 °C,29.3 °C,0,0
2026-02-10 23:30:00,16.0 °C,22.6 °C,15.9 °C,1.2 °C,28 °C,29.4 °C,0,0
2026-02-11 00:00:00,16.4 °C,22.3 °C,15.7 °C,1.2 °C,28 °C,29.4 °C,0,0
2026-02-11 00:30:00,15.8 °C,21.9 °C,15.3 °C,1.2 °C,28 °C,29.4 °C,0,0
2026-02-11 01:00:00,15.8 °C,21.6 °C,14.6 °C,0.8 °C,28 °C,29.4 °C,0,0
2026-02-11 01:30:00,15.9 °C,21.6 °C,14.1 °C,0.3 °C,28 °C,29.5 °C,0,0
2026-02-11 02:00:00,15.8 °C,21.4 °C,14.4 °C,0.1 °C,28 °C,29.6 °C,0,0
2026-02-11 02:30:00,15.8 °C,21.5 °C,14.8 °C,0.6 °C,28 °C,29.5 °C,0,0
2026-02-11 03:00:00,16.2 °C,21.6 °C,14.4 °C,0.8 °C,28 °C,29.4 °C,0,0
2026-02-11 03:30:00,16.4 °C,21.6 °C,14.2 °C,0.4 °C,28 °C,29.5 °C,0,0
2026-02-11 04:00:00,16.7 °C,21.7 °C,14.9 °C,0.4 °C,28 °C,29.5 °C,0,0
2026-02-11 04:30:00,16.8 °C,21.5 °C,15.1 °C,1.5 °C,28 °C,29.3 °C,0,0
2026-02-11 05:00:00,16.5 °C,21.1 °C,14.6 °C,1.9 °C,28 °C,29.2 °C,0,0
2026-02-11 05:30:00,16.2 °C,20.9 °C,14.4 °C,2.1 °C,28 °C,29.2 °C,0,0
2026-02-11 06:00:00,30.1 °C,22.0 °C,32.6 °C,2.9 °C,28 °C,29.0 °C,67,55
2026-02-11 06:30:00,32.0 °C,22.4 °C,35.3 °C,2.8 °C,28 °C,29.0 °C,70,61
2026-02-11 07:00:00,32.2 °C,22.7 °C,35.3 °C,3.3 °C,28 °C,28.9 °C,69,58
2026-02-11 07:30:00,29.3 °C,22.6 °C,32.5 °C,4.7 °C,28 °C,28.7 °C,70,57
2026-02-11 08:00:00,26.9 °C,22.7 °C,30.9 °C,5.3 °C,28 °C,28.5 °C,65,55
2026-02-11 08:30:00,27.2 °C,22.3 °C,32.3 °C,6.6 °C,28 °C,28.3 °C,60,54
2026-02-11 09:00:00,28.6 °C,22.6 °C,33.6 °C,6.7 °C,28 °C,28.3 °C,60,46
2026-02-11 09:30:00,31.5 °C,22.7 °C,36.5 °C,6.7 °C,28 °C,28.3 °C,66,58
2026-02-11 10:00:00,31.2 °C,22.8 °C,36.0 °C,7.7 °C,28 °C,28.1 °C,65,55
2026-02-11 10:30:00,28.5 °C,22.2 °C,32.3 °C,6.8 °C,28 °C,28.2 °C,66,54
2026-02-11 11:00:00,25.8 °C,22.3 °C,29.6 °C,7.3 °C,28 °C,28.1 °C,63,52
2026-02-11 11:30:00,25.2 °C,22.7 °C,29.5 °C,8.2 °C,28 °C,28.0 °C,64,54
2026-02-11 12:00:00,27.9 °C,22.7 °C,31.6 °C,8.8 °C,28 °C,28.0 °C,56,46
2026-02-11 12:30:00,30.0 °C,22.6 °C,32.6 °C,7.7 °C,28 °C,28.1 °C,58,49
2026-02-11 13:00:00,30.6 °C,22.4 °C,33.4 °C,7.1 °C,28 °C,28.2 °C,60,55
2026-02-11 13:30:00,28.4 °C,22.2 °C,30.3 °C,7.3 °C,28 °C,28.1 °C,64,54
2026-02-11 14:00:00,26.0 °C,22.2 °C,27.1 °C,7.8 °C,28 °C,28.0 °C,66,55
2026-02-11 14:30:00,25.1 °C,21.8 °C,25.4 °C,8.2 °C,28 °C,28.0 °C,60,51
2026-02-11 15:00:00,27.0 °C,22.0 °C,26.6 °C,8.2 °C,28 °C,28.0 °C,60,49
2026-02-11 15:30:00,29.5 °C,22.2 °C,29.8 °C,8.6 °C,28 °C,28.0 °C,64,53
2026-02-11 16:00:00,29.6 °C,22.1 °C,30.1 °C,8.6 °C,28 °C,28.0 °C,61,50
2026-02-11 16:30:00,27.6 °C,22.1 °C,29.3 °C,8.3 °C,28 °C,28.0 °C,63,55
2026-02-11 17:00:00,24.1 °C,22.1 °C,26.2 °C,8.3 °C,28 °C,28.0 °C,63,55
2026-02-11 17:30:00,24.0 °C,22.2 °C,27.2 °C,7.4 °C,28 °C,28.1 °C,61,50
2026-02-11 18:00:00,27.0 °C,22.4 °C,29.7 °C,7.4 °C,28 °C,28.1 °C,70,57
2026-02-11 18:30:00,29.6 °C,22.4 °C,32.4 °C,6.4 °C,28 °C,28.3 °C,63,52
2026-02-11 19:00:00,29.6 °C,22.6 °C,31.6 °C,6.1 °C,28 °C,28.4 °C,72,62
2026-02-11 19:30:00,26.7 °C,22.6 °C,28.6 °C,5.8 °C,28 °C,28.4 °C,69,61
2026-02-11 20:00:00,17.0 °C,21.9 °C,16.8 °C,5.0 °C,28 °C,28.6 °C,0,0
2026-02-11 20:30:00,17.0 °C,21.8 °C,16.7 °C,4.8 °C,28 °C,28.6 °C,0,0
2026-02-11 21:00:00,17.0 °C,21.8 °C,16.8 °C,5.0 °C,28 °C,28.6 °C,0,0
2026-02-11 21:30:00,17.1 °C,21.9 °C,16.3 °C,3.6 °C,28 °C,28.9 °C,0,0
2026-02-11 22:00:00,17.5 °C,21.8 °C,16.0 °C,3.6 °C,28 °C,28.9 °C,0,0
2026-02-11 22:30:00,17.7 °C,21.8 °C,16.0 °C,3.5 °C,28 °C,28.9 °C,0,0
2026-02-11 23:00:00,17.3 °C,21.5 °C,15.5 °C,2.7 °C,28 °C,29.1 °C,0,0
2026-02-11 23:30:00,16.7 °C,21.0 °C,15.2 °C,2.5 °C,28 °C,29.1 °C,0,0
2026-02-12 00:00:00,16.5 °C,21.0 °C,15.2 °C,1.8 °C,28 °C,29.2 °C,0,0
2026-02-12 00:30:00,15.8 °C,20.8 °C,15.5 °C,2.0 °C,28 °C,29.2 °C,0,0
2026-02-12 01:00:00,15.4 °C,21.3 °C,15.4 °C,-0.2 °C,28 °C,29.6 °C,0,0
2026-02-12 01:30:00,15.0 °C,21.1 °C,15.1 °C,0.4 °C,28 °C,29.5 °C,0,0
2026-02-12 02:00:00,14.9 °C,21.2 °C,14.7 °C,-0.6 °C,28 °C,29.7 °C,0,0
2026-02-12 02:30:00,14.7 °C,21.0 °C,14.8 °C,-0.7 °C,28 °C,29.7 °C,0,0
2026-02-12 03:00:00,14.8 °C,21.0 °C,14.8 °C,-1.2 °C,28 °C,29.8 °C,0,0
2026-02-12 03:30:00,15.0 °C,20.7 °C,15.1 °C,-0.3 °C,28 °C,29.7 °C,0,0
2026-02-12 04:00:00,15.0 °C,20.4 °C,14.8 °C,-0.4 °C,28 °C,29.7 °C,0,0
2026-02-12 04:30:00,14.8 °C,20.6 °C,14.7 °C,-0.6 °C,28 °C,29.7 °C,0,0
2026-02-12 05:00:00,14.5 °C,20.5 °C,15.0 °C,0.4 °C,28 °C,29.5 °C,0,0
2026-02-12 05:30:00,15.4 °C,20.7 °C,14.9 °C,1.0 °C,28 °C,29.4 °C,0,0
2026-02-12 06:00:00,16.0 °C,22.0 °C,14.0 °C,1.1 °C,28 °C,29.4 °C,77,69
2026-02-12 06:30:00,17.1 °C,21.5 °C,14.9 °C,0.9 °C,28 °C,29.4 °C,77,68
2026-02-12 07:00:00,17.0 °C,21.8 °C,14.8 °C,0.7 °C,28 °C,29.5 °C,77,66
2026-02-12 07:30:00,17.4 °C,21.6 °C,13.8 °C,2.0 °C,28 °C,29.2 °C,78,71
2026-02-12 08:00:00,16.8 °C,21.5 °C,12.7 °C,2.8 °C,28 °C,29.0 °C,71,64
2026-02-12 08:30:00,16.6 °C,21.2 °C,11.8 °C,3.4 °C,28 °C,28.9 °C,70,57
2026-02-12 09:00:00,17.1 °C,20.9 °C,11.8 °C,4.2 °C,28 °C,28.8 °C,68,57
2026-02-12 09:30:00,16.9 °C,20.5 °C,12.1 °C,3.6 °C,28 °C,28.9 °C,78,68
2026-02-12 10:00:00,16.6 °C,20.5 °C,12.6 °C,4.0 °C,28 °C,28.8 °C,75,63
2026-02-12 10:30:00,16.7 °C,20.6 °C,13.1 °C,4.4 °C,28 °C,28.7 °C,67,56
2026-02-12 11:00:00,16.6 °C,20.6 °C,12.7 °C,5.6 °C,28 °C,28.5 °C,64,53
2026-02-12 11:30:00,16.1 °C,20.3 °C,13.7 °C,5.2 °C,28 °C,28.6 °C,67,60
2026-02-12 12:00:00,15.9 °C,20.0 °C,14.7 °C,6.4 °C,28 °C,28.3 °C,66,53
2026-02-12 12:30:00,16.0 °C,20.1 °C,14.0 °C,7.9 °C,28 °C,28.0 °C,64,55
2026-02-12 13:00:00,14.8 °C,20.5 °C,13.9 °C,7.1 °C,28 °C,28.2 °C,60,49
2026-02-12 13:30:00,14.9 °C,20.7 °C,14.3 °C,7.4 °C,28 °C,28.1 °C,62,55
2026-02-12 14:00:00,14.6 °C,21.2 °C,15.2 °C,7.9 °C,28 °C,28.0 °C,67,57
2026-02-12 14:30:00,14.6 °C,21.3 °C,15.4 °C,8.5 °C,28 °C,28.0 °C,64,56
2026-02-12 15:00:00,14.1 °C,21.4 °C,14.9 °C,7.2 °C,28 °C,28.2 °C,63,53
2026-02-12 15:30:00,14.1 °C,21.4 °C,14.2 °C,7.4 °C,28 °C,28.1 °C,67,54
2026-02-12 16:00:00,15.2 °C,21.3 °C,13.5 °C,7.2 °C,28 °C,28.2 °C,68,57
2026-02-12 16:30:00,14.8 °C,21.3 °C,13.4 °C,6.9 °C,28 °C,28.2 °C,72,65
2026-02-12 17:00:00,14.6 °C,21.5 °C,13.2 °C,8.0 °C,28 °C,28.0 °C,63,54
2026-02-12 17:30:00,14.5 °C,21.8 °C,12.5 °C,7.5 °C,28 °C,28.1 °C,62,56
2026-02-12 18:00:00,13.6 °C,21.8 °C,13.1 °C,7.3 °C,28 °C,28.1 °C,64,57
2026-02-12 18:30:00,13.0 °C,22.2 °C,12.9 °C,6.7 °C,28 °C,28.3 °C,68,57
2026-02-12 19:00:00,13.5 °C,22.3 °C,13.3 °C,6.3 °C,28 °C,28.3 °C,62,50
2026-02-12 19:30:00,13.5 °C,22.3 °C,12.6 °C,6.1 °C,28 °C,28.4 °C,67,59
2026-02-12 20:00:00,14.6 °C,21.7 °C,13.3 °C,5.9 °C,28 °C,28.4 °C,0,0
2026-02-12 20:30:00,14.3 °C,21.4 °C,13.9 °C,4.8 °C,28 °C,28.6 °C,0,0
2026-02-12 21:00:00,15.4 °C,21.7 °C,14.6 °C,4.2 °C,28 °C,28.8 °C,0,0
2026-02-12 21:30:00,14.6 °C,21.4 °C,14.5 °C,3.6 °C,28 °C,28.9 °C,0,0
2026-02-12 22:00:00,14.6 °C,21.3 °C,14.3 °C,2.0 °C,28 °C,29.2 °C,0,0
2026-02-12 22:30:00,14.3 °C,20.8 °C,14.6 °C,0.9 °C,28 °C,29.4 °C,0,0
2026-02-12 23:00:00,14.8 °C,20.8 °C,15.3 °C,1.0 °C,28 °C,29.4 °C,0,0
2026-02-12 23:30:00,14.6 °C,21.2 °C,15.2 °C,0.2 °C,28 °C,29.6 °C,0,0
2026-02-13 00:00:00,14.5 °C,20.9 °C,14.1 °C,1.5 °C,28 °C,29.3 °C,0,0
2026-02-13 00:30:00,14.6 °C,20.8 °C,13.9 °C,1.6 °C,28 °C,29.3 °C,0,0
2026-02-13 01:00:00,16.0 °C,20.8 °C,14.7 °C,1.4 °C,28 °C,29.3 °C,0,0
2026-02-13 01:30:00,16.7 °C,20.7 °C,15.1 °C,1.8 °C,28 °C,29.2 °C,0,0
2026-02-13 02:00:00,16.4 °C,20.5 °C,15.2 °C,1.9 °C,28 °C,29.2 °C,0,0
2026-02-13 02:30:00,15.8 °C,20.5 °C,14.8 °C,1.6 °C,28 °C,29.3 °C,0,0
2026-02-13 03:00:00,15.4 °C,20.9 °C,15.7 °C,0.4 °C,28 °C,29.5 °C,0,0
2026-02-13 03:30:00,14.9 °C,20.8 °C,14.9 °C,0.7 °C,28 °C,29.5 °C,0,0
2026-02-13 04:00:00,15.5 °C,20.8 °C,14.9 °C,1.5 °C,28 °C,29.3 °C,0,0
2026-02-13 04:30:00,15.2 °C,20.9 °C,15.1 °C,1.1 °C,28 °C,29.4 °C,0,0
2026-02-13 05:00:00,15.9 °C,20.8 °C,15.2 °C,0.1 °C,28 °C,29.6 °C,0,0
2026-02-13 05:30:00,16.5 °C,20.9 °C,14.6 °C,-0.2 °C,28 °C,29.6 °C,0,0
2026-02-13 06:00:00,16.3 °C,21.7 °C,15.0 °C,1.2 °C,28 °C,29.4 °C,77,65
2026-02-13 06:30:00,15.6 °C,21.8 °C,15.3 °C,1.6 °C,28 °C,29.3 °C,76,66
2026-02-13 07:00:00,16.0 °C,21.7 °C,15.3 °C,2.9 °C,28 °C,29.0 °C,73,65
2026-02-13 07:30:00,15.3 °C,21.4 °C,15.4 °C,3.3 °C,28 °C,28.9 °C,72,63
2026-02-13 08:00:00,15.4 °C,21.0 °C,15.0 °C,3.4 °C,28 °C,28.9 °C,70,59
2026-02-13 08:30:00,16.2 °C,20.5 °C,16.0 °C,5.1 °C,28 °C,28.6 °C,66,55
2026-02-13 09:00:00,15.0 °C,20.5 °C,16.6 °C,5.3 °C,28 °C,28.5 °C,67,58
2026-02-13 09:30:00,14.9 °C,20.8 °C,15.9 °C,5.5 °C,28 °C,28.5 °C,63,55
2026-02-13 10:00:00,14.7 °C,20.8 °C,15.6 °C,6.3 °C,28 °C,28.3 °C,68,59
2026-02-13 10:30:00,14.6 °C,20.8 °C,16.2 °C,6.5 °C,28 °C,28.3 °C,63,56
2026-02-13 11:00:00,14.0 °C,20.7 °C,16.4 °C,7.4 °C,28 °C,28.1 °C,66,56
2026-02-13 11:30:00,15.3 °C,20.6 °C,16.2 °C,8.0 °C,28 °C,28.0 °C,65,57
2026-02-13 12:00:00,15.4 °C,21.3 °C,15.4 °C,8.5 °C,28 °C,28.0 °C,63,49
2026-02-13 12:30:00,14.5 °C,21.1 °C,14.7 °C,8.4 °C,28 °C,28.0 °C,61,52
2026-02-13 13:00:00,14.8 °C,20.8 °C,14.7 °C,7.6 °C,28 °C,28.1 °C,62,49
2026-02-13 13:30:00,15.5 °C,20.7 °C,15.7 °C,7.3 °C,28 °C,28.1 °C,62,51
2026-02-13 14:00:00,15.5 °C,20.8 °C,16.2 °C,7.1 °C,28 °C,28.2 °C,62,51
2026-02-13 14:30:00,16.4 °C,20.8 °C,16.4 °C,7.5 °C,28 °C,28.1 °C,64,54
2026-02-13 15:00:00,15.3 °C,20.9 °C,16.6 °C,7.1 °C,28 °C,28.2 °C,65,53
2026-02-13 15:30:00,15.9 °C,20.8 °C,15.0 °C,6.2 °C,28 °C,28.4 °C,72,61
2026-02-13 16:00:00,15.8 °C,20.8 °C,15.1 °C,5.6 °C,28 °C,28.5 °C,73,64
2026-02-13 16:30:00,15.4 °C,20.7 °C,15.2 °C,5.9 °C,28 °C,28.4 °C,71,62
2026-02-13 17:00:00,15.8 °C,20.8 °C,14.2 °C,6.2 °C,28 °C,28.4 °C,66,56
2026-02-13 17:30:00,16.2 °C,21.0 °C,15.6 °C,5.7 °C,28 °C,28.5 °C,63,53
2026-02-13 18:00:00,27.7 °C,21.3 °C,30.0 °C,5.2 °C,28 °C,28.6 °C,69,58
2026-02-13 18:30:00,30.8 °C,21.7 °C,33.1 °C,5.3 °C,28 °C,28.5 °C,67,59
2026-02-13 19:00:00,30.4 °C,21.4 °C,32.3 °C,5.0 °C,28 °C,28.6 °C,68,58
2026-02-13 19:30:00,27.3 °C,21.1 °C,29.8 °C,5.3 °C,28 °C,28.5 °C,69,64
2026-02-13 20:00:00,14.8 °C,20.1 °C,15.4 °C,4.6 °C,28 °C,28.7 °C,0,0
2026-02-13 20:30:00,14.5 °C,20.1 °C,15.3 °C,3.5 °C,28 °C,28.9 °C,0,0
2026-02-13 21:00:00,14.3 °C,19.9 °C,15.4 °C,3.7 °C,28 °C,28.9 °C,0,0
2026-02-13 21:30:00,14.0 °C,19.8 °C,15.0 °C,2.9 °C,28 °C,29.0 °C,0,0
2026-02-13 22:00:00,14.0 °C,20.1 °C,14.3 °C,1.8 °C,28 °C,29.2 °C,0,0
2026-02-13 22:30:00,13.8 °C,20.5 °C,14.8 °C,1.9 °C,28 °C,29.2 °C,0,0
2026-02-13 23:00:00,14.4 °C,20.7 °C,15.0 °C,2.2 °C,28 °C,29.2 °C,0,0
2026-02-13 23:30:00,15.2 °C,20.8 °C,15.1 °C,1.7 °C,28 °C,29.3 °C,0,0
2026-02-14 00:00:00,14.6 °C,20.6 °C,14.6 °C,0.7 °C,28 °C,29.5 °C,0,0
2026-02-14 00:30:00,14.6 °C,20.6 °C,14.1 °C,1.2 °C,28 °C,29.4 °C,0,0
2026-02-14 01:00:00,14.6 °C,20.9 °C,14.2 °C,1.0 °C,28 °C,29.4 °C,0,0
2026-02-14 01:30:00,14.4 °C,21.1 °C,14.1 °C,0.7 °C,28 °C,29.5 °C,0,0
2026-02-14 02:00:00,15.0 °C,21.3 °C,14.2 °C,0.2 °C,28 °C,29.6 °C,0,0
2026-02-14 02:30:00,15.2 °C,21.5 °C,14.7 °C,0.6 °C,28 °C,29.5 °C,0,0
2026-02-14 03:00:00,15.1 °C,21.3 °C,15.0 °C,-0.2 °C,28 °C,29.6 °C,0,0
2026-02-14 03:30:00,15.2 °C,21.4 °C,15.0 °C,-1.0 °C,28 °C,29.8 °C,0,0
2026-02-14 04:00:00,15.7 °C,21.3 °C,15.1 °C,0.3 °C,28 °C,29.5 °C,0,0
2026-02-14 04:30:00,15.9 °C,21.4 °C,14.9 °C,-0.1 °C,28 °C,29.6 °C,0,0
2026-02-14 05:00:00,15.9 °C,21.6 °C,15.4 °C,0.7 °C,28 °C,29.5 °C,0,0
2026-02-14 05:30:00,16.7 °C,21.9 °C,16.2 °C,1.7 °C,28 °C,29.3 °C,0,0
2026-02-14 06:00:00,16.7 °C,22.0 °C,15.9 °C,2.1 °C,28 °C,29.2 °C,0,0
2026-02-14 06:30:00,17.0 °C,21.9 °C,15.8 °C,1.8 °C,28 °C,29.2 °C,0,0
2026-02-14 07:00:00,31.4 °C,23.1 °C,34.9 °C,2.6 °C,28 °C,29.1 °C,69,57
2026-02-14 07:30:00,28.6 °C,22.7 °C,31.7 °C,3.8 °C,28 °C,28.8 °C,68,57
2026-02-14 08:00:00,26.3 °C,23.0 °C,30.1 °C,4.4 °C,28 °C,28.7 °C,68,54
2026-02-14 08:30:00,26.0 °C,22.9 °C,29.2 °C,4.3 °C,28 °C,28.7 °C,67,58
2026-02-14 09:00:00,28.6 °C,22.8 °C,31.3 °C,5.0 °C,28 °C,28.6 °C,68,60
2026-02-14 09:30:00,30.4 °C,22.6 °C,33.0 °C,4.6 °C,28 °C,28.7 °C,69,55
2026-02-14 10:00:00,29.5 °C,22.2 °C,31.7 °C,4.6 °C,28 °C,28.7 °C,63,51
2026-02-14 10:30:00,27.3 °C,22.5 °C,29.3 °C,5.0 °C,28 °C,28.6 °C,65,54
2026-02-14 11:00:00,24.5 °C,22.5 °C,27.4 °C,5.6 °C,28 °C,28.5 °C,68,57
2026-02-14 11:30:00,24.4 °C,22.4 °C,27.0 °C,5.4 °C,28 °C,28.5 °C,67,58
2026-02-14 12:00:00,27.2 °C,22.4 °C,29.9 °C,6.1 °C,28 °C,28.4 °C,61,51
2026-02-14 12:30:00,29.9 °C,22.2 °C,33.3 °C,6.8 °C,28 °C,28.2 °C,68,58
2026-02-14 13:00:00,29.4 °C,21.7 °C,32.8 °C,7.1 °C,28 °C,28.2 °C,67,54
2026-02-14 13:30:00,27.5 °C,21.7 °C,31.4 °C,6.1 °C,28 °C,28.4 °C,74,63
2026-02-14 14:00:00,15.8 °C,20.4 °C,16.8 °C,6.5 °C,28 °C,28.3 °C,0,0
2026-02-14 14:30:00,16.7 °C,20.5 °C,17.3 °C,7.9 °C,28 °C,28.0 °C,0,0
2026-02-14 15:00:00,17.4 °C,21.0 °C,17.8 °C,8.2 °C,28 °C,28.0 °C,0,0
2026-02-14 15:30:00,17.3 °C,20.8 °C,18.0 °C,8.2 °C,28 °C,28.0 °C,0,0
2026-02-14 16:00:00,17.6 °C,21.0 °C,17.7 °C,7.8 °C,28 °C,28.0 °C,0,0
2026-02-14 16:30:00,17.4 °C,20.8 °C,17.7 °C,8.0 °C,28 °C,28.0 °C,0,0
2026-02-14 17:00:00,17.4 °C,20.8 °C,17.8 °C,7.8 °C,28 °C,28.0 °C,0,0
2026-02-14 17:30:00,17.3 °C,20.6 °C,18.3 °C,7.9 °C,28 °C,28.0 °C,0,0
2026-02-14 18:00:00,17.1 °C,20.8 °C,18.0 °C,6.8 °C,28 °C,28.2 °C,0,0
2026-02-14 18:30:00,17.3 °C,21.1 °C,17.7 °C,6.4 °C,28 °C,28.3 °C,0,0
2026-02-14 19:00:00,17.0 °C,21.1 °C,17.8 °C,5.6 °C,28 °C,28.5 °C,0,0
2026-02-14 19:30:00,16.5 °C,21.2 °C,17.5 °C,5.4 °C,28 °C,28.5 °C,0,0
2026-02-14 20:00:00,15.9 °C,21.3 °C,16.7 °C,3.6 °C,28 °C,28.9 °C,0,0
2026-02-14 20:30:00,16.1 °C,21.2 °C,16.7 °C,2.9 °C,28 °C,29.0 °C,0,0
2026-02-14 21:00:00,16.2 °C,21.5 °C,16.8 °C,2.8 °C,28 °C,29.0 °C,0,0
2026-02-14 21:30:00,15.8 °C,21.3 °C,16.5 °C,2.7 °C,28 °C,29.1 °C,0,0
2026-02-14 22:00:00,15.4 °C,20.8 °C,16.5 °C,2.2 °C,28 °C,29.2 °C,0,0
2026-02-14 22:30:00,14.3 °C,20.6 °C,15.5 °C,0.3 °C,28 °C,29.5 °C,0,0
2026-02-14 23:00:00,14.3 °C,20.8 °C,15.3 °C,0.3 °C,28 °C,29.5 °C,0,0
2026-02-14 23:30:00,14.5 °C,20.7 °C,15.5 °C,0.9 °C,28 °C,29.4 °C,0,0
2026-02-15 00:00:00,14.5 °C,20.7 °C,14.5 °C,0.1 °C,28 °C,29.6 °C,0,0
2026-02-15 00:30:00,14.4 °C,20.7 °C,14.4 °C,-0.5 °C,28 °C,29.7 °C,0,0
2026-02-15 01:00:00,14.9 °C,20.7 °C,14.5 °C,-0.3 °C,28 °C,29.7 °C,0,0
2026-02-15 01:30:00,15.0 °C,21.0 °C,14.5 °C,-0.1 °C,28 °C,29.6 °C,0,0
2026-02-15 02:00:00,15.0 °C,21.4 °C,14.9 °C,0.4 °C,28 °C,29.5 °C,0,0
2026-02-15 02:30:00,14.8 °C,21.1 °C,14.9 °C,0.8 °C,28 °C,29.4 °C,0,0
2026-02-15 03:00:00,14.5 °C,21.3 °C,14.7 °C,-0.3 °C,28 °C,29.7 °C,0,0
2026-02-15 03:30:00,14.5 °C,21.3 °C,14.9 °C,-0.6 °C,28 °C,29.7 °C,0,0
2026-02-15 04:00:00,14.4 °C,20.9 °C,14.8 °C,-0.1 °C,28 °C,29.6 °C,0,0
2026-02-15 04:30:00,14.6 °C,21.0 °C,14.9 °C,-0.1 °C,28 °C,29.6 °C,0,0
2026-02-15 05:00:00,15.1 °C,21.5 °C,15.5 °C,0.4 °C,28 °C,29.5 °C,0,0
2026-02-15 05:30:00,15.2 °C,21.2 °C,15.4 °C,0.6 °C,28 °C,29.5 °C,0,0
2026-02-15 06:00:00,15.1 °C,21.1 °C,16.2 °C,0.7 °C,28 °C,29.5 °C,0,0
2026-02-15 06:30:00,15.0 °C,20.7 °C,16.2 °C,0.9 °C,28 °C,29.4 °C,0,0
2026-02-15 07:00:00,15.4 °C,20.7 °C,15.8 °C,0.8 °C,28 °C,29.4 °C,0,0
2026-02-15 07:30:00,15.0 °C,20.7 °C,15.3 °C,0.9 °C,28 °C,29.4 °C,0,0
2026-02-15 08:00:00,15.6 °C,21.2 °C,15.6 °C,1.6 °C,28 °C,29.3 °C,0,0
2026-02-15 08:30:00,15.5 °C,20.9 °C,14.9 °C,2.2 °C,28 °C,29.2 °C,0,0
2026-02-15 09:00:00,16.0 °C,21.2 °C,15.6 °C,3.2 °C,28 °C,29.0 °C,0,0
2026-02-15 09:30:00,16.3 °C,21.2 °C,15.7 °C,3.7 °C,28 °C,28.9 °C,0,0
2026-02-15 10:00:00,17.0 °C,21.7 °C,16.4 °C,5.3 °C,28 °C,28.5 °C,0,0
2026-02-15 10:30:00,17.2 °C,21.7 °C,16.9 °C,6.6 °C,28 °C,28.3 °C,0,0
2026-02-15 11:00:00,17.3 °C,21.6 °C,16.8 °C,6.7 °C,28 °C,28.3 °C,0,0
2026-02-15 11:30:00,17.5 °C,21.7 °C,17.2 °C,7.2 °C,28 °C,28.2 °C,0,0
2026-02-15 12:00:00,17.6 °C,21.7 °C,17.5 °C,8.3 °C,28 °C,28.0 °C,0,0
2026-02-15 12:30:00,17.9 °C,21.9 °C,17.6 °C,8.2 °C,28 °C,28.0 °C,0,0
2026-02-15 13:00:00,18.0 °C,21.9 °C,18.0 °C,8.0 °C,28 °C,28.0 °C,0,0
2026-02-15 13:30:00,18.0 °C,21.4 °C,18.2 °C,9.0 °C,28 °C,28.0 °C,0,0
2026-02-15 14:00:00,18.3 °C,21.5 °C,18.8 °C,9.5 °C,28 °C,28.0 °C,0,0
2026-02-15 14:30:00,18.7 °C,21.6 °C,19.0 °C,10.1 °C,28 °C,28.0 °C,0,0
2026-02-15 15:00:00,18.4 °C,21.3 °C,18.2 °C,10.1 °C,28 °C,28.0 °C,0,0
2026-02-15 15:30:00,18.4 °C,21.3 °C,17.9 °C,9.8 °C,28 °C,28.0 °C,0,0
2026-02-15 16:00:00,17.4 °C,20.8 °C,16.7 °C,8.7 °C,28 °C,28.0 °C,0,0
2026-02-15 16:30:00,17.3 °C,20.9 °C,17.0 °C,8.5 °C,28 °C,28.0 °C,0,0
2026-02-15 17:00:00,17.8 °C,21.0 °C,17.3 °C,8.9 °C,28 °C,28.0 °C,0,0
2026-02-15 17:30:00,18.6 °C,21.3 °C,17.9 °C,9.2 °C,28 °C,28.0 °C,0,0
2026-02-15 18:00:00,18.6 °C,21.4 °C,18.3 °C,9.3 °C,28 °C,28.0 °C,0,0
2026-02-15 18:30:00,18.1 °C,21.1 °C,18.0 °C,9.1 °C,28 °C,28.0 °C,0,0
2026-02-15 19:00:00,17.8 °C,20.7 °C,18.3 °C,9.6 °C,28 °C,28.0 °C,0,0
2026-02-15 19:30:00,17.1 °C,21.0 °C,18.1 °C,7.8 °C,28 °C,28.0 °C,0,0
2026-02-15 20:00:00,17.1 °C,21.0 °C,17.9 °C,7.2 °C,28 °C,28.2 °C,0,0
2026-02-15 20:30:00,16.8 °C,21.1 °C,17.6 °C,5.8 °C,28 °C,28.4 °C,0,0
2026-02-15 21:00:00,16.9 °C,21.5 °C,18.2 °C,6.0 °C,28 °C,28.4 °C,0,0
2026-02-15 21:30:00,16.1 °C,21.0 °C,17.6 °C,4.8 °C,28 °C,28.6 °C,0,0
2026-02-15 22:00:00,16.6 °C,21.5 °C,17.5 °C,4.7 °C,28 °C,28.7 °C,0,0
2026-02-15 22:30:00,16.2 °C,21.3 °C,16.6 °C,3.7 °C,28 °C,28.9 °C,0,0
2026-02-15 23:00:00,16.0 °C,21.4 °C,16.4 °C,3.2 °C,28 °C,29.0 °C,0,0
2026-02-15 23:30:00,16.0 °C,21.4 °C,15.9 °C,2.5 °C,28 °C,29.1 °C,0,0
2026-02-16 00:00:00,15.8 °C,21.2 °C,15.7 °C,2.0 °C,28 °C,29.2 °C,0,0
2026-02-16 00:30:00,15.2 °C,20.8 °C,15.1 °C,1.7 °C,28 °C,29.3 °C,0,0
2026-02-16 01:00:00,15.1 °C,20.6 °C,14.9 °C,1.8 °C,28 °C,29.2 °C,0,0
2026-02-16 01:30:00,14.5 °C,20.8 °C,15.2 °C,1.3 °C,28 °C,29.3 °C,0,0
2026-02-16 02:00:00,14.8 °C,20.9 °C,15.8 °C,1.4 °C,28 °C,29.3 °C,0,0
2026-02-16 02:30:00,15.8 °C,21.1 °C,15.8 °C,1.8 °C,28 °C,29.2 °C,0,0
2026-02-16 03:00:00,15.7 °C,20.9 °C,15.3 °C,1.2 °C,28 °C,29.4 °C,0,0
2026-02-16 03:30:00,16.0 °C,21.1 °C,15.6 °C,2.2 °C,28 °C,29.2 °C,0,0
2026-02-16 04:00:00,16.1 °C,21.1 °C,15.8 °C,2.5 °C,28 °C,29.1 °C,0,0
2026-02-16 04:30:00,16.2 °C,21.2 °C,15.8 °C,2.1 °C,28 °C,29.2 °C,0,0
2026-02-16 05:00:00,16.5 °C,21.3 °C,15.8 °C,2.5 °C,28 °C,29.1 °C,0,0
2026-02-16 05:30:00,16.5 °C,21.1 °C,16.0 °C,3.2 °C,28 °C,29.0 °C,0,0
2026-02-16 06:00:00,29.5 °C,22.0 °C,31.4 °C,3.6 °C,28 °C,28.9 °C,76,63
2026-02-16 06:30:00,31.6 °C,22.1 °C,33.4 °C,3.9 °C,28 °C,28.8 °C,69,57
2026-02-16 07:00:00,32.9 °C,22.3 °C,35.4 °C,2.0 °C,28 °C,29.2 °C,67,56
2026-02-16 07:30:00,30.5 °C,22.6 °C,32.8 °C,1.9 °C,28 °C,29.2 °C,78,71
2026-02-16 08:00:00,28.4 °C,22.3 °C,30.6 °C,2.9 °C,28 °C,29.0 °C,78,67
2026-02-16 08:30:00,28.2 °C,22.0 °C,30.0 °C,2.9 °C,28 °C,29.0 °C,77,67
2026-02-16 09:00:00,30.3 °C,22.3 °C,32.6 °C,3.8 °C,28 °C,28.8 °C,69,60
2026-02-16 09:30:00,31.1 °C,21.9 °C,32.6 °C,4.9 °C,28 °C,28.6 °C,70,60
2026-02-16 10:00:00,31.4 °C,22.1 °C,32.5 °C,5.4 °C,28 °C,28.5 °C,65,55
2026-02-16 10:30:00,29.2 °C,21.9 °C,30.8 °C,4.9 °C,28 °C,28.6 °C,72,59
2026-02-16 11:00:00,26.7 °C,21.7 °C,28.2 °C,5.0 °C,28 °C,28.6 °C,67,56
2026-02-16 11:30:00,26.7 °C,21.7 °C,28.7 °C,6.0 °C,28 °C,28.4 °C,65,54
2026-02-16 12:00:00,28.8 °C,21.3 °C,30.7 °C,7.3 °C,28 °C,28.1 °C,64,53
2026-02-16 12:30:00,30.9 °C,21.1 °C,32.5 °C,6.4 °C,28 °C,28.3 °C,64,57
2026-02-16 13:00:00,31.0 °C,20.8 °C,32.5 °C,6.9 °C,28 °C,28.2 °C,67,61
2026-02-16 13:30:00,28.5 °C,21.0 °C,29.5 °C,6.3 °C,28 °C,28.3 °C,64,56
2026-02-16 14:00:00,26.3 °C,21.1 °C,27.0 °C,6.7 °C,28 °C,28.3 °C,73,66
2026-02-16 14:30:00,26.1 °C,21.1 °C,27.4 °C,6.9 °C,28 °C,28.2 °C,67,56
2026-02-16 15:00:00,28.1 °C,21.2 °C,29.3 °C,8.5 °C,28 °C,28.0 °C,61,51
2026-02-16 15:30:00,30.3 °C,21.2 °C,31.6 °C,8.1 °C,28 °C,28.0 °C,60,48
2026-02-16 16:00:00,30.0 °C,21.2 °C,31.4 °C,8.7 °C,28 °C,28.0 °C,61,52
2026-02-16 16:30:00,27.4 °C,21.5 °C,28.0 °C,9.0 °C,28 °C,28.0 °C,61,49
2026-02-16 17:00:00,25.2 °C,21.0 °C,25.2 °C,8.5 °C,28 °C,28.0 °C,62,50
2026-02-16 17:30:00,24.9 °C,20.7 °C,25.3 °C,8.2 °C,28 °C,28.0 °C,62,46
2026-02-16 18:00:00,27.0 °C,21.2 °C,27.4 °C,7.7 °C,28 °C,28.1 °C,61,52
2026-02-16 18:30:00,30.0 °C,21.3 °C,30.5 °C,6.8 °C,28 °C,28.2 °C,68,60
2026-02-16 19:00:00,30.2 °C,20.8 °C,31.1 °C,5.8 °C,28 °C,28.4 °C,71,63
2026-02-16 19:30:00,28.3 °C,21.0 °C,28.9 °C,5.0 °C,28 °C,28.6 °C,66,57
2026-02-16 20:00:00,16.1 °C,19.8 °C,15.7 °C,3.8 °C,28 °C,28.8 °C,0,0
2026-02-16 20:30:00,16.0 °C,20.2 °C,15.7 °C,3.1 °C,28 °C,29.0 °C,0,0
2026-02-16 21:00:00,15.7 °C,20.5 °C,15.6 °C,2.5 °C,28 °C,29.1 °C,0,0
2026-02-16 21:30:00,16.3 °C,21.0 °C,15.8 °C,2.1 °C,28 °C,29.2 °C,0,0
2026-02-16 22:00:00,16.1 °C,20.9 °C,15.5 °C,1.9 °C,28 °C,29.2 °C,0,0
2026-02-16 22:30:00,16.0 °C,20.6 °C,15.3 °C,1.3 °C,28 °C,29.3 °C,0,0
2026-02-16 23:00:00,15.5 °C,20.5 °C,15.0 °C,0.4 °C,28 °C,29.5 °C,0,0
2026-02-16 23:30:00,15.4 °C,20.4 °C,14.8 °C,0.3 °C,28 °C,29.5 °C,0,0
2026-02-17 00:00:00,15.1 °C,20.5 °C,14.8 °C,0.5 °C,28 °C,29.5 °C,0,0
2026-02-17 00:30:00,14.3 °C,20.1 °C,14.1 °C,-0.1 °C,28 °C,29.6 °C,0,0
2026-02-17 01:00:00,13.8 °C,20.2 °C,14.1 °C,-1.0 °C,28 °C,29.8 °C,0,0
2026-02-17 01:30:00,13.1 °C,20.0 °C,13.5 °C,-1.4 °C,28 °C,29.9 °C,0,0
2026-02-17 02:00:00,13.4 °C,19.9 °C,13.2 °C,-1.6 °C,28 °C,29.9 °C,0,0
2026-02-17 02:30:00,13.9 °C,20.4 °C,13.8 °C,-0.9 °C,28 °C,29.8 °C,0,0
2026-02-17 03:00:00,14.5 °C,20.7 °C,14.1 °C,-0.5 °C,28 °C,29.7 °C,0,0
2026-02-17 03:30:00,14.6 °C,20.9 °C,14.2 °C,-0.5 °C,28 °C,29.7 °C,0,0
2026-02-17 04:00:00,15.4 °C,21.0 °C,15.0 °C,0.8 °C,28 °C,29.4 °C,0,0
2026-02-17 04:30:00,15.6 °C,20.9 °C,14.9 °C,0.8 °C,28 °C,29.4 °C,0,0
2026-02-17 05:00:00,15.8 °C,20.9 °C,15.0 °C,1.8 °C,28 °C,29.2 °C,0,0
2026-02-17 05:30:00,15.8 °C,20.5 °C,15.1 °C,2.7 °C,28 °C,29.1 °C,0,0
2026-02-17 06:00:00,29.8 °C,21.1 °C,30.9 °C,3.6 °C,28 °C,28.9 °C,67,58
2026-02-17 06:30:00,32.1 °C,21.2 °C,33.7 °C,3.9 °C,28 °C,28.8 °C,65,55
2026-02-17 07:00:00,31.1 °C,21.0 °C,32.5 °C,4.2 °C,28 °C,28.8 °C,75,66
2026-02-17 07:30:00,29.1 °C,21.2 °C,30.6 °C,4.5 °C,28 °C,28.7 °C,68,56
2026-02-17 08:00:00,26.8 °C,21.3 °C,28.1 °C,5.3 °C,28 °C,28.5 °C,67,59
2026-02-17 08:30:00,26.9 °C,21.2 °C,28.7 °C,5.2 °C,28 °C,28.6 °C,72,63
2026-02-17 09:00:00,28.9 °C,21.1 °C,30.5 °C,5.4 °C,28 °C,28.5 °C,65,54
2026-02-17 09:30:00,31.0 °C,21.3 °C,33.4 °C,6.9 °C,28 °C,28.2 °C,66,56
2026-02-17 10:00:00,31.5 °C,21.5 °C,33.5 °C,7.6 °C,28 °C,28.1 °C,60,46
2026-02-17 10:30:00,29.0 °C,21.3 °C,30.7 °C,8.5 °C,28 °C,28.0 °C,65,55
2026-02-17 11:00:00,27.5 °C,21.2 °C,30.3 °C,8.0 °C,28 °C,28.0 °C,66,56
2026-02-17 11:30:00,27.7 °C,21.2 °C,29.8 °C,8.0 °C,28 °C,28.0 °C,64,53
2026-02-17 12:00:00,29.5 °C,21.3 °C,31.6 °C,8.5 °C,28 °C,28.0 °C,63,51
2026-02-17 12:30:00,31.6 °C,21.5 °C,34.2 °C,8.8 °C,28 °C,28.0 °C,62,55
2026-02-17 13:00:00,31.2 °C,21.5 °C,33.0 °C,8.2 °C,28 °C,28.0 °C,63,55
2026-02-17 13:30:00,29.0 °C,21.7 °C,31.0 °C,8.9 °C,28 °C,28.0 °C,62,52
2026-02-17 14:00:00,27.0 °C,21.6 °C,28.2 °C,9.7 °C,28 °C,28.0 °C,63,54
2026-02-17 14:30:00,27.5 °C,21.3 °C,28.8 °C,9.5 °C,28 °C,28.0 °C,56,42
2026-02-17 15:00:00,29.6 °C,21.7 °C,32.0 °C,9.9 °C,28 °C,28.0 °C,66,54
2026-02-17 15:30:00,32.1 °C,21.9 °C,33.2 °C,10.9 °C,28 °C,28.0 °C,61,50
2026-02-17 16:00:00,32.4 °C,21.5 °C,33.6 °C,11.5 °C,28 °C,28.0 °C,67,55
2026-02-17 16:30:00,30.4 °C,21.6 °C,31.5 °C,10.8 °C,28 °C,28.0 °C,61,53
2026-02-17 17:00:00,27.3 °C,21.9 °C,27.9 °C,9.6 °C,28 °C,28.0 °C,61,50
2026-02-17 17:30:00,27.3 °C,21.8 °C,27.4 °C,9.2 °C,28 °C,28.0 °C,63,51
2026-02-17 18:00:00,29.1 °C,22.0 °C,29.9 °C,10.1 °C,28 °C,28.0 °C,57,51
2026-02-17 18:30:00,31.2 °C,22.3 °C,32.2 °C,10.2 °C,28 °C,28.0 °C,57,51
2026-02-17 19:00:00,30.6 °C,22.3 °C,30.7 °C,9.3 °C,28 °C,28.0 °C,61,52
2026-02-17 19:30:00,27.9 °C,22.8 °C,27.8 °C,9.4 °C,28 °C,28.0 °C,61,48
2026-02-17 20:00:00,18.0 °C,21.9 °C,18.7 °C,9.2 °C,28 °C,28.0 °C,0,0
2026-02-17 20:30:00,17.4 °C,21.8 °C,17.9 °C,7.1 °C,28 °C,28.2 °C,0,0
2026-02-17 21:00:00,17.0 °C,21.7 °C,17.8 °C,6.9 °C,28 °C,28.2 °C,0,0
2026-02-17 21:30:00,17.3 °C,21.6 °C,17.8 °C,6.0 °C,28 °C,28.4 °C,0,0
2026-02-17 22:00:00,16.4 °C,21.4 °C,17.0 °C,4.7 °C,28 °C,28.7 °C,0,0
2026-02-17 22:30:00,16.1 °C,21.0 °C,16.8 °C,4.0 °C,28 °C,28.8 °C,0,0
2026-02-17 23:00:00,15.6 °C,20.8 °C,16.3 °C,3.5 °C,28 °C,28.9 °C,0,0
2026-02-17 23:30:00,15.2 °C,20.7 °C,16.2 °C,2.4 °C,28 °C,29.1 °C,0,0
2026-02-18 00:00:00,15.3 °C,21.0 °C,16.5 °C,1.9 °C,28 °C,29.2 °C,0,0
2026-02-18 00:30:00,15.1 °C,21.0 °C,16.6 °C,1.2 °C,28 °C,29.4 °C,0,0
2026-02-18 01:00:00,14.8 °C,21.0 °C,16.4 °C,1.3 °C,28 °C,29.3 °C,0,0
2026-02-18 01:30:00,15.0 °C,21.5 °C,16.6 °C,0.7 °C,28 °C,29.5 °C,0,0
2026-02-18 02:00:00,15.1 °C,21.9 °C,16.2 °C,-0.6 °C,28 °C,29.7 °C,0,0
2026-02-18 02:30:00,14.4 °C,21.6 °C,15.4 °C,-0.9 °C,28 °C,29.8 °C,0,0
2026-02-18 03:00:00,14.8 °C,21.7 °C,15.2 °C,-1.5 °C,28 °C,29.9 °C,0,0
2026-02-18 03:30:00,14.3 °C,21.3 °C,14.9 °C,-2.1 °C,28 °C,30.0 °C,0,0
2026-02-18 04:00:00,14.8 °C,21.3 °C,15.1 °C,-1.1 °C,28 °C,29.8 °C,0,0
2026-02-18 04:30:00,14.5 °C,20.9 °C,15.4 °C,-0.4 °C,28 °C,29.7 °C,0,0
2026-02-18 05:00:00,14.2 °C,20.7 °C,15.2 °C,-0.7 °C,28 °C,29.7 °C,0,0
2026-02-18 05:30:00,14.1 °C,20.9 °C,14.8 °C,-1.0 °C,28 °C,29.8 °C,0,0
2026-02-18 06:00:00,29.4 °C,21.7 °C,32.0 °C,-0.5 °C,28 °C,29.7 °C,78,70
2026-02-18 06:30:00,31.6 °C,21.4 °C,34.5 °C,-0.8 °C,28 °C,29.8 °C,79,70
2026-02-18 07:00:00,31.4 °C,21.3 °C,34.5 °C,-0.2 °C,28 °C,29.6 °C,71,61
2026-02-18 07:30:00,28.6 °C,21.1 °C,31.8 °C,0.6 °C,28 °C,29.5 °C,79,68
2026-02-18 08:00:00,26.5 °C,21.2 °C,30.3 °C,1.5 °C,28 °C,29.3 °C,74,68
2026-02-18 08:30:00,26.6 °C,21.6 °C,29.9 °C,2.4 °C,28 °C,29.1 °C,73,63
2026-02-18 09:00:00,28.0 °C,21.5 °C,31.3 °C,2.6 °C,28 °C,29.1 °C,77,64
2026-02-18 09:30:00,31.1 °C,21.8 °C,33.9 °C,3.4 °C,28 °C,28.9 °C,68,59
2026-02-18 10:00:00,31.1 °C,21.7 °C,35.0 °C,4.9 °C,28 °C,28.6 °C,66,56
2026-02-18 10:30:00,29.3 °C,21.6 °C,33.4 °C,4.2 °C,28 °C,28.8 °C,63,57
2026-02-18 11:00:00,26.5 °C,22.1 °C,31.0 °C,5.1 °C,28 °C,28.6 °C,68,58
2026-02-18 11:30:00,25.9 °C,22.0 °C,30.3 °C,5.0 °C,28 °C,28.6 °C,72,59
2026-02-18 12:00:00,27.5 °C,22.2 °C,31.7 °C,6.5 °C,28 °C,28.3 °C,60,53
2026-02-18 12:30:00,30.5 °C,22.0 °C,35.8 °C,7.4 °C,28 °C,28.1 °C,61,52
2026-02-18 13:00:00,29.8 °C,22.0 °C,35.3 °C,8.2 °C,28 °C,28.0 °C,64,53
2026-02-18 13:30:00,26.8 °C,21.7 °C,31.9 °C,8.0 °C,28 °C,28.0 °C,62,57
2026-02-18 14:00:00,24.4 °C,21.7 °C,28.9 °C,8.3 °C,28 °C,28.0 °C,62,52
2026-02-18 14:30:00,23.9 °C,21.8 °C,28.4 °C,8.7 °C,28 °C,28.0 °C,63,52
2026-02-18 15:00:00,26.9 °C,22.0 °C,30.8 °C,7.3 °C,28 °C,28.1 °C,70,62
2026-02-18 15:30:00,29.6 °C,21.8 °C,33.2 °C,7.4 °C,28 °C,28.1 °C,65,56
2026-02-18 16:00:00,29.8 °C,21.8 °C,32.5 °C,7.8 °C,28 °C,28.0 °C,65,56
2026-02-18 16:30:00,27.4 °C,22.0 °C,28.8 °C,6.8 °C,28 °C,28.2 °C,67,60
2026-02-18 17:00:00,25.1 °C,21.7 °C,27.6 °C,7.1 °C,28 °C,28.2 °C,59,45
2026-02-18 17:30:00,25.9 °C,21.1 °C,28.1 °C,6.9 °C,28 °C,28.2 °C,66,58
2026-02-18 18:00:00,27.7 °C,21.0 °C,29.6 °C,7.4 °C,28 °C,28.1 °C,60,50
2026-02-18 18:30:00,30.7 °C,21.2 °C,32.7 °C,6.7 °C,28 °C,28.3 °C,66,56
2026-02-18 19:00:00,31.1 °C,21.3 °C,33.5 °C,6.3 °C,28 °C,28.3 °C,70,59
2026-02-18 19:30:00,28.7 °C,21.1 °C,31.4 °C,6.0 °C,28 °C,28.4 °C,66,55
2026-02-18 20:00:00,15.1 °C,20.3 °C,14.5 °C,3.7 °C,28 °C,28.9 °C,0,0
2026-02-18 20:30:00,14.9 °C,20.2 °C,14.1 °C,3.1 °C,28 °C,29.0 °C,0,0
2026-02-18 21:00:00,14.2 °C,19.9 °C,13.8 °C,2.7 °C,28 °C,29.1 °C,0,0
2026-02-18 21:30:00,13.4 °C,19.9 °C,12.9 °C,0.8 °C,28 °C,29.4 °C,0,0
2026-02-18 22:00:00,13.9 °C,20.2 °C,13.6 °C,0.9 °C,28 °C,29.4 °C,0,0
2026-02-18 22:30:00,14.0 °C,20.2 °C,13.9 °C,0.6 °C,28 °C,29.5 °C,0,0
2026-02-18 23:00:00,13.4 °C,19.9 °C,13.6 °C,0.3 °C,28 °C,29.5 °C,0,0
2026-02-18 23:30:00,14.1 °C,20.4 °C,13.8 °C,0.4 °C,28 °C,29.5 °C,0,0
